ra,dec,z,cap
153.0580,-3.4171,0.04050,NGP
153.0642,-4.0025,0.16110,NGP
153.0406,-3.7224,0.05790,NGP
153.0170,-3.5504,0.07640,NGP
152.9765,-4.1823,0.11950,NGP
152.8973,-3.0852,0.06140,NGP
152.7702,-2.7684,0.06910,NGP
152.6249,-3.4896,0.07590,NGP
152.6236,-3.6908,0.05930,NGP
152.4900,-3.4639,0.05930,NGP
152.4826,-3.0016,0.06780,NGP
152.4876,-4.4718,0.12120,NGP
152.3780,-3.7954,0.04000,NGP
152.3100,-3.3660,0.16310,NGP
152.3140,-3.9916,0.11840,NGP
152.2893,-2.8525,0.04160,NGP
152.2284,-3.3482,0.09660,NGP
152.2245,-3.5080,0.08730,NGP
152.0643,-4.2317,0.12630,NGP
152.0318,-3.7687,0.12700,NGP
151.9935,-4.4234,0.12800,NGP
151.8798,-3.3334,0.16270,NGP
151.7401,-3.8484,0.05980,NGP
151.6636,-3.4475,0.09630,NGP
151.6151,-4.2016,0.02580,NGP
151.5425,-3.0069,0.19610,NGP
151.4719,-2.9583,0.09380,NGP
151.4158,-3.5454,0.06000,NGP
151.3173,-3.1516,0.19260,NGP
151.3234,-4.3151,0.12980,NGP
151.1213,-3.6231,0.16150,NGP
150.9917,-3.3349,0.09660,NGP
150.9922,-3.9488,0.06250,NGP
150.9750,-4.4671,0.06310,NGP
150.9646,-4.1209,0.06260,NGP
150.9368,-3.9011,0.08910,NGP
150.9049,-2.8099,0.13940,NGP
150.8969,-4.1925,0.06260,NGP
150.8644,-4.0166,0.16320,NGP
150.8752,-4.3700,0.06290,NGP
150.8151,-4.1964,0.12820,NGP
150.7230,-4.1159,0.12790,NGP
150.6518,-3.6131,0.14370,NGP
150.6263,-3.0360,0.01250,NGP
150.6325,-3.5820,0.16210,NGP
150.6173,-3.2688,0.07370,NGP
150.5924,-3.6500,0.15140,NGP
150.5732,-3.3775,0.14490,NGP
150.5576,-3.1422,0.09420,NGP
150.5653,-3.4499,0.15370,NGP
150.5334,-3.6080,0.06290,NGP
150.4999,-3.3009,0.13850,NGP
150.4999,-3.6493,0.13520,NGP
150.4286,-3.7033,0.14800,NGP
150.3568,-3.0798,0.07900,NGP
150.2851,-3.2193,0.14290,NGP
150.2467,-3.4517,0.16270,NGP
150.2572,-4.1253,0.06460,NGP
150.2232,-2.9721,0.02050,NGP
150.1764,-2.9135,0.07450,NGP
150.1297,-3.7888,0.14690,NGP
149.9841,-3.9804,0.05050,NGP
149.9575,-2.9268,0.02110,NGP
149.9696,-3.0424,0.09230,NGP
149.9087,-2.9527,0.02100,NGP
149.8624,-4.1081,0.14410,NGP
149.7778,-4.0861,0.08080,NGP
149.7168,-2.7489,0.09810,NGP
149.6911,-3.9123,0.09260,NGP
149.6970,-4.2106,0.16430,NGP
149.6176,-3.3596,0.08730,NGP
149.6071,-3.0496,0.04850,NGP
149.5942,-2.7544,0.09960,NGP
149.5869,-3.2282,0.08300,NGP
149.5694,-3.5619,0.01980,NGP
149.4225,-4.4450,0.05740,NGP
149.4139,-2.9208,0.04860,NGP
149.3937,-3.5080,0.04850,NGP
149.3362,-3.0676,0.04940,NGP
149.3114,-4.0651,0.08670,NGP
149.2946,-3.6371,0.15290,NGP
149.1710,-4.4859,0.08740,NGP
149.0975,-4.1134,0.13740,NGP
149.0935,-4.4626,0.12960,NGP
149.0208,-3.5236,0.15350,NGP
148.9911,-2.9011,0.09100,NGP
148.9729,-3.4004,0.04890,NGP
148.9562,-2.9858,0.18530,NGP
148.9467,-3.4928,0.15360,NGP
148.9439,-2.8655,0.16340,NGP
148.9318,-4.2413,0.05710,NGP
148.8405,-3.5020,0.14030,NGP
148.8230,-3.0931,0.16080,NGP
148.7363,-3.9011,0.18850,NGP
148.6276,-3.2464,0.06390,NGP
148.6202,-4.0827,0.05690,NGP
148.5065,-4.3429,0.10720,NGP
148.4577,-4.3902,0.12670,NGP
148.3723,-3.2366,0.05820,NGP
148.3242,-4.3414,0.19930,NGP
148.2650,-3.4003,0.12870,NGP
148.2615,-3.9994,0.06530,NGP
153.0790,-5.6915,0.06520,NGP
153.0682,-5.9014,0.05450,NGP
152.9381,-5.1819,0.16210,NGP
152.8826,-6.0373,0.18420,NGP
152.7859,-5.5687,0.08600,NGP
152.7447,-6.0660,0.09140,NGP
152.6048,-6.0703,0.05910,NGP
152.2360,-6.3073,0.12160,NGP
152.2289,-6.2286,0.12110,NGP
152.1687,-4.5160,0.15600,NGP
152.0053,-5.9913,0.01620,NGP
151.9825,-5.2585,0.05490,NGP
151.9711,-4.6578,0.05820,NGP
151.9796,-5.8249,0.08470,NGP
151.9173,-4.7323,0.15920,NGP
151.9120,-5.5878,0.05310,NGP
151.8881,-6.1354,0.06510,NGP
151.8760,-6.1873,0.11880,NGP
151.8085,-5.8102,0.05500,NGP
151.7881,-5.3110,0.05590,NGP
151.7950,-5.4232,0.06020,NGP
151.7602,-4.5970,0.17590,NGP
151.7338,-5.5457,0.12330,NGP
151.7258,-5.7065,0.12430,NGP
151.7210,-5.9030,0.09520,NGP
151.6477,-5.7477,0.05610,NGP
151.6296,-6.2794,0.06170,NGP
151.6167,-5.1211,0.12240,NGP
151.5294,-5.8309,0.03610,NGP
151.5242,-4.9128,0.12680,NGP
151.5025,-6.0672,0.06300,NGP
151.4059,-5.3472,0.06140,NGP
151.3802,-5.3809,0.12430,NGP
151.3744,-5.8159,0.09660,NGP
151.2988,-5.1790,0.12680,NGP
151.2933,-6.2168,0.14820,NGP
151.2726,-4.6439,0.05750,NGP
151.2416,-6.0829,0.08600,NGP
151.2023,-4.8836,0.08550,NGP
151.1564,-6.1707,0.08580,NGP
151.0801,-5.8101,0.08290,NGP
150.9545,-5.6037,0.06880,NGP
150.8651,-5.7442,0.08240,NGP
150.7480,-5.3164,0.06240,NGP
150.7077,-5.8535,0.08280,NGP
150.6585,-5.3343,0.12380,NGP
150.6331,-5.3331,0.15460,NGP
150.4852,-5.9041,0.16030,NGP
150.3882,-5.3192,0.15640,NGP
150.3324,-5.4845,0.05290,NGP
150.2851,-5.9148,0.12660,NGP
150.2137,-4.9675,0.05040,NGP
150.1600,-5.4660,0.05320,NGP
150.1302,-5.4535,0.03430,NGP
150.0379,-5.6450,0.04310,NGP
150.0082,-5.2057,0.09580,NGP
150.0062,-5.3917,0.05240,NGP
150.0011,-4.7994,0.16220,NGP
149.9588,-4.6438,0.05670,NGP
149.9518,-4.8537,0.12040,NGP
149.8649,-4.5627,0.12050,NGP
149.8756,-4.6318,0.05600,NGP
149.8495,-5.3989,0.05250,NGP
149.8060,-4.6733,0.05690,NGP
149.7905,-5.0508,0.15770,NGP
149.7957,-5.0897,0.01730,NGP
149.7453,-4.7070,0.09570,NGP
149.7403,-5.7533,0.01490,NGP
149.7211,-4.6265,0.05620,NGP
149.6262,-5.2987,0.05230,NGP
149.5906,-4.6605,0.15780,NGP
149.5927,-6.0355,0.03490,NGP
149.5607,-4.6216,0.15770,NGP
149.3451,-5.5981,0.09620,NGP
149.1837,-6.1084,0.14800,NGP
149.1803,-4.8925,0.14420,NGP
149.1606,-5.0736,0.14380,NGP
149.0262,-5.0902,0.14380,NGP
149.0131,-4.5874,0.14500,NGP
149.0049,-5.1670,0.09590,NGP
148.9552,-4.9559,0.15760,NGP
148.9412,-6.0348,0.08740,NGP
148.9351,-6.2320,0.13640,NGP
148.8672,-5.9746,0.06580,NGP
148.8229,-6.3617,0.01630,NGP
148.5770,-4.6276,0.06830,NGP
148.4475,-5.3369,0.06860,NGP
148.4373,-4.6311,0.12930,NGP
148.4202,-5.0693,0.05610,NGP
148.4132,-5.0978,0.05690,NGP
148.3479,-5.9842,0.15510,NGP
148.3532,-4.5963,0.06490,NGP
148.3285,-5.4723,0.05590,NGP
148.3102,-4.8229,0.15150,NGP
148.2458,-5.4579,0.02040,NGP
148.1880,-6.0753,0.13280,NGP
151.8945,-6.5233,0.01580,NGP
151.7742,-6.3973,0.06150,NGP
151.6933,-6.3987,0.06270,NGP
151.5264,-6.4802,0.05490,NGP
158.0655,-2.7602,0.03800,NGP
157.9766,-3.1303,0.09730,NGP
157.9423,-3.2882,0.03880,NGP
157.9044,-6.0649,0.14080,NGP
157.8445,-3.2203,0.11950,NGP
157.8326,-3.5735,0.06060,NGP
157.7925,-5.7426,0.06280,NGP
157.7762,-3.4234,0.03850,NGP
157.7497,-4.6187,0.05360,NGP
157.6552,-3.4611,0.13630,NGP
157.6380,-4.8954,0.15070,NGP
157.6247,-3.4232,0.03810,NGP
157.5982,-3.1863,0.09960,NGP
157.5704,-5.7893,0.08850,NGP
157.5212,-6.2791,0.14240,NGP
157.4962,-5.5717,0.19190,NGP
157.4737,-3.4480,0.06030,NGP
157.4709,-4.4201,0.19910,NGP
157.4599,-4.8394,0.05410,NGP
157.4535,-3.7962,0.09770,NGP
157.3975,-3.3708,0.06170,NGP
157.3762,-3.8283,0.02960,NGP
157.3407,-5.2255,0.15790,NGP
157.3010,-5.5560,0.06060,NGP
157.2715,-3.1915,0.09530,NGP
157.2404,-5.4156,0.14860,NGP
157.2275,-2.8777,0.05050,NGP
157.2131,-5.9039,0.05920,NGP
157.1539,-3.6090,0.06910,NGP
157.1383,-3.2296,0.13200,NGP
157.0973,-5.7434,0.15040,NGP
157.0433,-5.1181,0.01840,NGP
157.0263,-3.5225,0.12130,NGP
156.9786,-3.5586,0.03020,NGP
156.9294,-3.0685,0.15950,NGP
156.9093,-3.4612,0.06620,NGP
156.8923,-3.1391,0.03030,NGP
156.8130,-3.9329,0.03820,NGP
156.8122,-3.3364,0.03070,NGP
156.7933,-3.3441,0.02970,NGP
156.7881,-2.7830,0.05620,NGP
156.7686,-3.7484,0.19860,NGP
156.7205,-3.7131,0.02990,NGP
156.7162,-3.4644,0.03440,NGP
156.7045,-3.4887,0.06040,NGP
156.6952,-5.4779,0.13530,NGP
156.6455,-3.0901,0.13540,NGP
156.4987,-5.4458,0.18300,NGP
156.4360,-4.7801,0.07550,NGP
156.3985,-5.3442,0.07270,NGP
156.3999,-3.7612,0.03270,NGP
156.3749,-5.1426,0.13700,NGP
156.3627,-3.3349,0.19590,NGP
156.2890,-2.9303,0.06050,NGP
156.2651,-2.9783,0.06160,NGP
156.2325,-3.9152,0.13110,NGP
156.1499,-2.9754,0.06150,NGP
156.1388,-3.9262,0.05530,NGP
156.1359,-5.8289,0.14580,NGP
156.0723,-4.1951,0.03860,NGP
156.0058,-2.8534,0.05980,NGP
155.9920,-5.1133,0.05450,NGP
155.9712,-5.1616,0.07440,NGP
155.8911,-5.6296,0.05390,NGP
155.8773,-3.2887,0.13120,NGP
155.8636,-5.7443,0.11640,NGP
155.8546,-2.7545,0.06300,NGP
155.8402,-5.7458,0.15720,NGP
155.8175,-6.2102,0.15750,NGP
155.8107,-5.8737,0.08710,NGP
155.8083,-2.7956,0.04300,NGP
155.7867,-4.6807,0.16170,NGP
155.7615,-5.7173,0.13140,NGP
155.7282,-3.8851,0.03850,NGP
155.6808,-3.5380,0.03060,NGP
155.6688,-5.8021,0.13130,NGP
155.6410,-2.9851,0.07240,NGP
155.6381,-3.7742,0.03210,NGP
155.6306,-3.6202,0.12800,NGP
155.5503,-4.4378,0.10060,NGP
155.5470,-5.0743,0.09910,NGP
155.5210,-4.7647,0.05380,NGP
155.4898,-5.4786,0.07120,NGP
155.4565,-5.6057,0.07270,NGP
155.4527,-6.1583,0.10210,NGP
155.3635,-3.4300,0.06330,NGP
155.3217,-5.2271,0.13020,NGP
155.3049,-5.8304,0.07350,NGP
155.3089,-3.7703,0.03930,NGP
155.2282,-5.4315,0.03880,NGP
155.2237,-5.6341,0.16330,NGP
155.2181,-4.4811,0.05390,NGP
155.1821,-6.5329,0.05480,NGP
155.1438,-5.0468,0.18970,NGP
155.0666,-5.7106,0.16330,NGP
155.0450,-5.2016,0.05010,NGP
155.0230,-5.5147,0.04870,NGP
154.9857,-4.0199,0.03930,NGP
154.9541,-3.6381,0.17620,NGP
154.9461,-4.9899,0.05680,NGP
154.9443,-5.0535,0.05060,NGP
154.9430,-3.3323,0.04910,NGP
154.9269,-4.2927,0.04680,NGP
154.8817,-6.4317,0.14630,NGP
154.8826,-2.9541,0.04840,NGP
154.7908,-4.1647,0.16350,NGP
154.7887,-4.6145,0.05340,NGP
154.7393,-3.3234,0.17530,NGP
154.6834,-3.0875,0.11290,NGP
154.6409,-3.3089,0.04690,NGP
154.6262,-2.9823,0.16540,NGP
154.4855,-3.9346,0.04120,NGP
154.4694,-4.6271,0.05410,NGP
154.4187,-5.9713,0.05360,NGP
154.4007,-4.0722,0.09710,NGP
154.3941,-3.0749,0.11360,NGP
154.3465,-5.9328,0.05460,NGP
154.3531,-3.1210,0.18970,NGP
154.3102,-5.1579,0.05610,NGP
154.3122,-2.8004,0.18960,NGP
154.2825,-5.2519,0.05400,NGP
154.2615,-3.9599,0.08760,NGP
154.0865,-3.2301,0.18730,NGP
154.0754,-5.6601,0.05460,NGP
154.0279,-5.9777,0.10080,NGP
153.9535,-4.0992,0.11630,NGP
153.9330,-5.5976,0.12980,NGP
153.8773,-5.7212,0.12050,NGP
153.7214,-4.3550,0.04750,NGP
153.5943,-4.1814,0.07530,NGP
153.5237,-5.6301,0.06280,NGP
153.5005,-5.3769,0.07600,NGP
153.4812,-6.0918,0.08720,NGP
153.4412,-2.9547,0.16360,NGP
153.4295,-4.5546,0.13860,NGP
153.4162,-5.7321,0.09940,NGP
153.3867,-4.2552,0.05760,NGP
153.3813,-5.1775,0.09310,NGP
153.3454,-3.4194,0.04100,NGP
153.3054,-5.1375,0.16350,NGP
153.3026,-5.4716,0.16080,NGP
153.2498,-3.2183,0.04160,NGP
153.2402,-4.8330,0.07680,NGP
153.2428,-3.6361,0.06890,NGP
153.1868,-3.5396,0.07730,NGP
153.1775,-4.1902,0.07200,NGP
153.1462,-4.4012,0.12950,NGP
163.1280,-4.2440,0.15440,NGP
163.1152,-6.0675,0.09110,NGP
163.0900,-4.0393,0.09810,NGP
163.0210,-5.8157,0.09260,NGP
163.0039,-2.9735,0.06010,NGP
163.0051,-6.3174,0.00830,NGP
162.9637,-4.9126,0.13580,NGP
162.9109,-5.0154,0.13530,NGP
162.9070,-4.7309,0.11780,NGP
162.8560,-3.5553,0.18740,NGP
162.8379,-4.8223,0.11680,NGP
162.7769,-4.6094,0.02980,NGP
162.7702,-4.8222,0.05240,NGP
162.7314,-5.9998,0.10480,NGP
162.7081,-3.7646,0.10070,NGP
162.6067,-5.2149,0.04920,NGP
162.5805,-4.3027,0.08160,NGP
162.5137,-2.8216,0.09960,NGP
162.5077,-5.1929,0.03730,NGP
162.4680,-3.4725,0.11770,NGP
162.4158,-3.2562,0.16610,NGP
162.3957,-4.2453,0.14670,NGP
162.3955,-2.8846,0.17460,NGP
162.3431,-5.5373,0.05290,NGP
162.3174,-3.0059,0.04800,NGP
162.2931,-5.8960,0.12210,NGP
162.2569,-3.0317,0.07410,NGP
162.2188,-4.2926,0.08070,NGP
162.2048,-4.2678,0.08120,NGP
162.1978,-5.1019,0.13750,NGP
162.1768,-5.0651,0.12620,NGP
162.1753,-4.7972,0.18160,NGP
162.1709,-6.1396,0.04400,NGP
162.1443,-2.7927,0.07360,NGP
162.1207,-5.9422,0.14840,NGP
162.1185,-4.8920,0.10330,NGP
162.1177,-3.9822,0.12820,NGP
162.1052,-3.5107,0.12740,NGP
162.0901,-3.7798,0.06910,NGP
162.0802,-4.7837,0.08180,NGP
162.0784,-3.9450,0.12780,NGP
162.0416,-4.0659,0.08020,NGP
162.0165,-4.1393,0.13370,NGP
161.9984,-4.1374,0.09460,NGP
161.9990,-3.8914,0.06620,NGP
161.9600,-5.0674,0.08300,NGP
161.9565,-4.6849,0.12020,NGP
161.8936,-3.8177,0.04300,NGP
161.8741,-3.4742,0.03670,NGP
161.8327,-6.3027,0.08540,NGP
161.8290,-4.5778,0.04550,NGP
161.7995,-4.2011,0.11150,NGP
161.8003,-3.3995,0.10710,NGP
161.7910,-3.6752,0.16150,NGP
161.6882,-4.6043,0.13260,NGP
161.6706,-3.5351,0.07520,NGP
161.6449,-5.0641,0.12110,NGP
161.6046,-3.7555,0.02670,NGP
161.5927,-5.5591,0.06610,NGP
161.5905,-3.9078,0.07020,NGP
161.5142,-3.5574,0.17010,NGP
161.4376,-5.8654,0.12590,NGP
161.4201,-2.9896,0.03770,NGP
161.4035,-3.6610,0.19140,NGP
161.3983,-4.2637,0.07010,NGP
161.3959,-3.1883,0.11220,NGP
161.3753,-3.0739,0.16570,NGP
161.3440,-3.6158,0.17190,NGP
161.3274,-4.0939,0.10800,NGP
161.3107,-4.5080,0.11510,NGP
161.2897,-4.3407,0.12890,NGP
161.2816,-3.6277,0.17170,NGP
161.2325,-4.4302,0.14310,NGP
161.1740,-4.4500,0.12820,NGP
161.1135,-2.9116,0.12530,NGP
161.1086,-5.8795,0.11370,NGP
161.0235,-4.4342,0.13170,NGP
160.9329,-3.1276,0.09550,NGP
160.9136,-3.4615,0.11120,NGP
160.9100,-3.5951,0.17260,NGP
160.9001,-5.9522,0.10240,NGP
160.7938,-3.9293,0.06700,NGP
160.7413,-5.3411,0.13200,NGP
160.7284,-4.8896,0.13100,NGP
160.7064,-3.3556,0.14940,NGP
160.6783,-5.3586,0.07750,NGP
160.6755,-5.2451,0.15670,NGP
160.6735,-2.9631,0.18940,NGP
160.6690,-4.5863,0.13160,NGP
160.6531,-5.3330,0.13290,NGP
160.6394,-2.9079,0.05960,NGP
160.6086,-6.0136,0.17330,NGP
160.5826,-3.6633,0.11410,NGP
160.5467,-5.5683,0.12770,NGP
160.5405,-5.2715,0.13340,NGP
160.4286,-3.6672,0.14840,NGP
160.4063,-5.0256,0.11380,NGP
160.4101,-3.0102,0.13170,NGP
160.3828,-5.5785,0.15450,NGP
160.3478,-5.7844,0.13320,NGP
160.3455,-5.8597,0.13200,NGP
160.3508,-3.2933,0.10870,NGP
160.3356,-4.9118,0.13480,NGP
160.3052,-3.8739,0.13200,NGP
160.3005,-3.4131,0.05970,NGP
160.2422,-5.3809,0.09410,NGP
160.2238,-4.8895,0.08370,NGP
160.2221,-4.9109,0.13160,NGP
160.2043,-4.8318,0.11300,NGP
160.1963,-4.0583,0.13090,NGP
160.1972,-3.7466,0.14700,NGP
160.1545,-2.8058,0.08200,NGP
160.1473,-5.0243,0.13110,NGP
160.1246,-3.6677,0.07250,NGP
160.1074,-5.7189,0.12940,NGP
160.1051,-5.6454,0.12850,NGP
160.1056,-5.4319,0.13000,NGP
160.0567,-6.0706,0.12880,NGP
159.9653,-3.5839,0.13050,NGP
159.9321,-5.0530,0.15660,NGP
159.9267,-5.9345,0.13020,NGP
159.9291,-3.7497,0.06600,NGP
159.9165,-3.9122,0.18690,NGP
159.8992,-4.2497,0.06750,NGP
159.8943,-3.8273,0.09130,NGP
159.8219,-2.8816,0.18850,NGP
159.7935,-5.6348,0.17740,NGP
159.7840,-5.5318,0.09320,NGP
159.7743,-4.8286,0.17290,NGP
159.6798,-5.0730,0.05420,NGP
159.6168,-5.7794,0.09300,NGP
159.5446,-6.0168,0.17580,NGP
159.4761,-4.2104,0.05570,NGP
159.4511,-4.9011,0.11500,NGP
159.4192,-2.9880,0.15460,NGP
159.3619,-5.9765,0.13010,NGP
159.3192,-4.5320,0.18220,NGP
159.3032,-5.0289,0.09080,NGP
159.2762,-6.0117,0.16010,NGP
159.2612,-4.9653,0.15730,NGP
159.2545,-5.0507,0.18230,NGP
159.1782,-6.0577,0.13290,NGP
159.1757,-5.6497,0.16930,NGP
159.0637,-6.0236,0.10760,NGP
159.0741,-3.1497,0.06460,NGP
159.0557,-3.8625,0.07010,NGP
159.0297,-4.0250,0.05780,NGP
159.0131,-5.8032,0.14840,NGP
158.9734,-4.3477,0.04020,NGP
158.9354,-3.3306,0.13580,NGP
158.9220,-5.7259,0.16870,NGP
158.8619,-3.4817,0.16380,NGP
158.7643,-5.5338,0.13980,NGP
158.6945,-5.4867,0.11440,NGP
158.6555,-5.8993,0.09640,NGP
158.6217,-5.9514,0.16430,NGP
158.6172,-5.0654,0.10270,NGP
158.6027,-5.4190,0.15910,NGP
158.5728,-6.2682,0.12790,NGP
158.5537,-2.9401,0.15510,NGP
158.4658,-3.1107,0.13180,NGP
158.4526,-3.7789,0.06340,NGP
158.4063,-5.1916,0.02970,NGP
158.3972,-3.7389,0.03780,NGP
158.3521,-5.2830,0.15790,NGP
158.1835,-4.4675,0.15890,NGP
168.0961,-3.1988,0.07980,NGP
168.0834,-3.1172,0.08700,NGP
168.0842,-4.5267,0.12720,NGP
167.9917,-3.0246,0.08220,NGP
168.0125,-6.4106,0.06070,NGP
167.7578,-5.3506,0.07930,NGP
167.7447,-4.7301,0.12380,NGP
167.7097,-5.3162,0.15910,NGP
167.6992,-3.8946,0.10500,NGP
167.7033,-5.0673,0.08000,NGP
167.6884,-3.9781,0.15850,NGP
167.6546,-3.9973,0.12000,NGP
167.5528,-3.9411,0.05040,NGP
167.4585,-4.4130,0.11570,NGP
167.4317,-4.5536,0.02030,NGP
167.4222,-3.6925,0.09010,NGP
167.4024,-4.3424,0.06990,NGP
167.3976,-4.7706,0.10460,NGP
167.3565,-3.6927,0.16100,NGP
167.3423,-3.2605,0.03570,NGP
167.3398,-4.5225,0.10430,NGP
167.3397,-4.6356,0.11940,NGP
167.2777,-4.4951,0.06280,NGP
167.2074,-4.4596,0.04950,NGP
167.1898,-4.7396,0.03830,NGP
167.1243,-3.6359,0.06930,NGP
167.0913,-4.9286,0.03880,NGP
167.0849,-4.0207,0.03850,NGP
167.0647,-3.7301,0.09240,NGP
167.0216,-3.2861,0.16270,NGP
167.0322,-5.6834,0.06160,NGP
167.0133,-5.8662,0.09670,NGP
167.0017,-4.3724,0.03890,NGP
166.9767,-5.5093,0.15510,NGP
166.9363,-4.7153,0.10530,NGP
166.9173,-2.9383,0.03220,NGP
166.9177,-4.4820,0.04960,NGP
166.9135,-5.5387,0.05000,NGP
166.9007,-6.1766,0.09690,NGP
166.8409,-5.5008,0.06420,NGP
166.8048,-4.7949,0.10070,NGP
166.7836,-4.8358,0.05350,NGP
166.7578,-4.1389,0.12430,NGP
166.7008,-4.2754,0.09080,NGP
166.6013,-5.1759,0.06620,NGP
166.5592,-5.3003,0.06580,NGP
166.5382,-3.8025,0.16010,NGP
166.5363,-4.2285,0.12420,NGP
166.5428,-5.6188,0.10090,NGP
166.4497,-4.3057,0.12400,NGP
166.4468,-2.7745,0.03610,NGP
166.4391,-3.7544,0.16300,NGP
166.4373,-3.6825,0.11470,NGP
166.4224,-3.1176,0.07090,NGP
166.4127,-4.0071,0.04240,NGP
166.3975,-3.2042,0.03980,NGP
166.4021,-5.9123,0.10600,NGP
166.3305,-3.9763,0.03880,NGP
166.2878,-4.2040,0.04010,NGP
166.2731,-5.7191,0.10610,NGP
166.2572,-4.1657,0.03970,NGP
166.2248,-5.6525,0.04950,NGP
166.1847,-4.1029,0.19900,NGP
166.1734,-2.7729,0.09460,NGP
166.1739,-4.9077,0.09730,NGP
166.1474,-4.9867,0.14230,NGP
166.1276,-2.9212,0.08690,NGP
166.1092,-3.1494,0.12100,NGP
166.0954,-5.9469,0.16090,NGP
166.0727,-2.7707,0.08720,NGP
166.0582,-4.3506,0.09390,NGP
165.9681,-4.9451,0.19570,NGP
165.8995,-3.4988,0.09220,NGP
165.8425,-5.7932,0.04990,NGP
165.8240,-3.3336,0.15540,NGP
165.6995,-6.4520,0.03060,NGP
165.6540,-3.4772,0.12820,NGP
165.6456,-4.8097,0.15240,NGP
165.5926,-4.7226,0.06840,NGP
165.5671,-4.6921,0.06740,NGP
165.5615,-4.0035,0.12000,NGP
165.5300,-4.2723,0.15420,NGP
165.4660,-3.5310,0.15400,NGP
165.3975,-4.4974,0.08090,NGP
165.3990,-5.7447,0.10050,NGP
165.3811,-4.1772,0.08090,NGP
165.3396,-5.2754,0.15270,NGP
165.3035,-3.6437,0.04620,NGP
165.2288,-5.2036,0.13290,NGP
165.1721,-2.8614,0.06230,NGP
165.0627,-4.9891,0.06890,NGP
165.0473,-5.3817,0.03250,NGP
165.0157,-4.2633,0.11090,NGP
164.9655,-5.1579,0.18540,NGP
164.9587,-4.7631,0.10930,NGP
164.8286,-4.1279,0.06930,NGP
164.6781,-2.7878,0.07030,NGP
164.6363,-5.1711,0.04190,NGP
164.6236,-2.8721,0.01980,NGP
164.6164,-4.8417,0.10550,NGP
164.5510,-6.4416,0.06830,NGP
164.5291,-5.1090,0.10970,NGP
164.5139,-4.9261,0.03350,NGP
164.5003,-3.0951,0.05750,NGP
164.4732,-4.9043,0.03270,NGP
164.4691,-4.3625,0.02200,NGP
164.4063,-3.8444,0.12850,NGP
164.3991,-3.6118,0.15360,NGP
164.3690,-3.6566,0.15420,NGP
164.3458,-4.6160,0.09050,NGP
164.3043,-3.9607,0.12870,NGP
164.2286,-5.1076,0.06810,NGP
164.2231,-5.7333,0.07950,NGP
164.1802,-5.9122,0.03170,NGP
164.1309,-4.1259,0.03330,NGP
164.1164,-6.1247,0.14390,NGP
164.1149,-5.2099,0.10980,NGP
164.0612,-5.8128,0.06200,NGP
164.0228,-5.9924,0.03760,NGP
163.9836,-4.5393,0.08100,NGP
163.9727,-3.7942,0.17950,NGP
163.9169,-3.9263,0.05180,NGP
163.8895,-3.7220,0.03610,NGP
163.8559,-6.1067,0.18230,NGP
163.8522,-5.4885,0.06880,NGP
163.8433,-4.8524,0.09980,NGP
163.8368,-2.8690,0.03180,NGP
163.8245,-4.0348,0.13830,NGP
163.8222,-2.7730,0.03690,NGP
163.7730,-3.6649,0.17980,NGP
163.7652,-5.0386,0.13630,NGP
163.7510,-5.0239,0.12420,NGP
163.7378,-2.8222,0.05280,NGP
163.6974,-3.0164,0.13690,NGP
163.6800,-3.7904,0.03710,NGP
163.4932,-3.0637,0.08160,NGP
163.4898,-5.5484,0.07800,NGP
163.4532,-5.9856,0.06190,NGP
163.4315,-3.1604,0.09240,NGP
163.4238,-5.9134,0.06750,NGP
163.4005,-5.5473,0.16770,NGP
163.4006,-4.2505,0.07000,NGP
163.3886,-3.2118,0.13730,NGP
163.3584,-5.4146,0.16810,NGP
163.3382,-5.3246,0.06070,NGP
163.3278,-3.5959,0.03690,NGP
163.3050,-4.2851,0.05260,NGP
163.2662,-5.3980,0.18630,NGP
163.2590,-4.4506,0.03930,NGP
163.2312,-3.9912,0.05260,NGP
163.2247,-5.2089,0.06940,NGP
163.2025,-3.8306,0.13720,NGP
163.1435,-6.2635,0.11500,NGP
173.1024,-3.2683,0.02270,NGP
173.0664,-5.0505,0.06360,NGP
173.0387,-6.0126,0.04010,NGP
173.0196,-4.4263,0.19490,NGP
173.0200,-4.8483,0.04660,NGP
173.0004,-5.8312,0.02510,NGP
172.9833,-3.5788,0.17790,NGP
172.9895,-5.6991,0.09890,NGP
172.9242,-4.8116,0.06380,NGP
172.8152,-3.6109,0.19990,NGP
172.8086,-3.8032,0.11380,NGP
172.8132,-6.0520,0.02550,NGP
172.7516,-4.9031,0.03050,NGP
172.7315,-3.8534,0.17700,NGP
172.7280,-4.9221,0.02990,NGP
172.7174,-3.1199,0.11940,NGP
172.7000,-3.1936,0.07110,NGP
172.6930,-5.5864,0.11590,NGP
172.6675,-5.6016,0.11680,NGP
172.5302,-4.3203,0.12120,NGP
172.5265,-4.8836,0.11880,NGP
172.4807,-5.5511,0.06250,NGP
172.4702,-4.6036,0.03320,NGP
172.4660,-2.9776,0.09850,NGP
172.4127,-6.4513,0.18590,NGP
172.4005,-3.8146,0.01590,NGP
172.3977,-4.8355,0.08040,NGP
172.3932,-4.9246,0.10140,NGP
172.3857,-6.4783,0.15080,NGP
172.3317,-4.0889,0.03770,NGP
172.2866,-3.9416,0.14930,NGP
172.2887,-4.5228,0.04580,NGP
172.2531,-5.5766,0.13620,NGP
172.2253,-2.8330,0.09660,NGP
172.2237,-3.1196,0.14290,NGP
172.2045,-4.9222,0.11690,NGP
172.1901,-4.6938,0.04190,NGP
172.1789,-6.3255,0.08160,NGP
172.1693,-4.6863,0.08050,NGP
172.1661,-4.7356,0.16440,NGP
172.0932,-3.0092,0.11880,NGP
172.0923,-4.7671,0.06420,NGP
172.0909,-6.3495,0.11100,NGP
172.0655,-3.4311,0.06260,NGP
172.0275,-5.1998,0.09430,NGP
172.0252,-6.0214,0.06400,NGP
172.0002,-6.0308,0.06130,NGP
171.9727,-4.9173,0.11740,NGP
171.9594,-4.4491,0.11830,NGP
171.9352,-3.2153,0.07500,NGP
171.9172,-5.7479,0.08800,NGP
171.8702,-5.5054,0.02900,NGP
171.8576,-3.2313,0.13600,NGP
171.8542,-3.6556,0.11870,NGP
171.8062,-4.8558,0.05850,NGP
171.7954,-3.2059,0.06220,NGP
171.7627,-5.3580,0.09680,NGP
171.6191,-4.5916,0.07370,NGP
171.5920,-6.2989,0.09880,NGP
171.5724,-3.7145,0.11230,NGP
171.5701,-2.8657,0.14230,NGP
171.5264,-5.0842,0.08920,NGP
171.4487,-4.3173,0.09270,NGP
171.4189,-5.9337,0.07260,NGP
171.4165,-4.9783,0.04860,NGP
171.3453,-5.5941,0.07110,NGP
171.3294,-3.7793,0.08090,NGP
171.2843,-4.4657,0.05800,NGP
171.2416,-4.4470,0.17400,NGP
171.2040,-3.3229,0.12170,NGP
171.1660,-3.4202,0.14690,NGP
171.1558,-4.4769,0.14020,NGP
171.1270,-5.3606,0.08750,NGP
171.0810,-4.7279,0.17300,NGP
171.0485,-4.9318,0.17340,NGP
170.9995,-3.2218,0.10570,NGP
170.9540,-5.3032,0.13600,NGP
170.9175,-5.6431,0.09530,NGP
170.9045,-5.5326,0.09720,NGP
170.8772,-5.0094,0.09750,NGP
170.8113,-3.4535,0.11050,NGP
170.7655,-3.7952,0.11320,NGP
170.7393,-5.0156,0.02520,NGP
170.7222,-5.5109,0.13300,NGP
170.6720,-4.7619,0.03690,NGP
170.6647,-5.1510,0.02700,NGP
170.5460,-4.7727,0.16310,NGP
170.4810,-4.3336,0.02700,NGP
170.4764,-3.9511,0.04560,NGP
170.4542,-5.5169,0.17580,NGP
170.4315,-5.9061,0.02430,NGP
170.3468,-4.5715,0.02440,NGP
170.2967,-4.9178,0.08580,NGP
170.2945,-3.3107,0.17910,NGP
170.2628,-4.3975,0.05350,NGP
170.2335,-2.8490,0.11980,NGP
170.2330,-3.2113,0.11950,NGP
170.2039,-4.8376,0.02470,NGP
170.2003,-3.8646,0.09140,NGP
170.1750,-3.6487,0.09690,NGP
170.1650,-4.0090,0.19150,NGP
170.1511,-4.3486,0.05330,NGP
170.1481,-6.3672,0.09770,NGP
170.1381,-3.8266,0.05240,NGP
170.1107,-4.6778,0.04530,NGP
170.0817,-3.3835,0.02480,NGP
170.0252,-4.5551,0.08290,NGP
170.0173,-3.8273,0.02970,NGP
170.0045,-4.2060,0.11150,NGP
169.9313,-5.1819,0.11430,NGP
169.9217,-3.2526,0.02530,NGP
169.9184,-4.2143,0.08310,NGP
169.8510,-4.0651,0.08330,NGP
169.7575,-6.2961,0.05950,NGP
169.7467,-5.5597,0.08820,NGP
169.7137,-2.8667,0.16250,NGP
169.5916,-5.8384,0.16830,NGP
169.5835,-4.6444,0.05580,NGP
169.5797,-4.9586,0.13080,NGP
169.5738,-3.8605,0.05960,NGP
169.5543,-4.3009,0.10260,NGP
169.5502,-5.0846,0.12850,NGP
169.5410,-5.1826,0.09840,NGP
169.5203,-3.9362,0.19210,NGP
169.5176,-3.8768,0.12030,NGP
169.4706,-5.8337,0.10150,NGP
169.4433,-5.1310,0.10370,NGP
169.4347,-3.3043,0.09350,NGP
169.4202,-4.4609,0.04610,NGP
169.3981,-3.2006,0.11660,NGP
169.3622,-5.4559,0.03820,NGP
169.3594,-3.2136,0.13410,NGP
169.3533,-5.7331,0.02100,NGP
169.0643,-5.2475,0.09390,NGP
169.0496,-6.4991,0.08450,NGP
169.0555,-5.2938,0.08790,NGP
169.0352,-3.4393,0.15050,NGP
169.0195,-2.9470,0.13410,NGP
168.9999,-6.3503,0.10020,NGP
168.9691,-2.8319,0.11740,NGP
168.9007,-6.4631,0.06600,NGP
168.8963,-6.5224,0.09960,NGP
168.8738,-3.0278,0.11240,NGP
168.8639,-5.6498,0.08720,NGP
168.8513,-3.7754,0.11320,NGP
168.7959,-5.4423,0.10440,NGP
168.8029,-3.3985,0.02490,NGP
168.7638,-4.7567,0.13520,NGP
168.7165,-5.2456,0.11360,NGP
168.6750,-4.6415,0.19000,NGP
168.6449,-5.3189,0.08870,NGP
168.6157,-5.0898,0.04630,NGP
168.5998,-2.8320,0.13050,NGP
168.5632,-5.1522,0.11380,NGP
168.5493,-3.9071,0.10190,NGP
168.5300,-5.2022,0.07220,NGP
168.5247,-3.8425,0.08140,NGP
168.4685,-3.7907,0.05090,NGP
168.4608,-2.8321,0.08170,NGP
168.4207,-4.3728,0.03920,NGP
168.3767,-4.3055,0.08380,NGP
168.3427,-4.9483,0.15790,NGP
168.3026,-5.5867,0.04630,NGP
168.2675,-6.1812,0.04880,NGP
168.2572,-3.4626,0.04000,NGP
168.2535,-4.4080,0.04680,NGP
168.2320,-5.4509,0.12500,NGP
168.2045,-5.9031,0.08670,NGP
168.1412,-6.2832,0.04440,NGP
178.1207,-3.5161,0.09200,NGP
178.0849,-3.5282,0.04250,NGP
178.0546,-4.2348,0.08170,NGP
177.9450,-2.8540,0.12990,NGP
177.9321,-4.8133,0.16630,NGP
177.9245,-3.8363,0.13000,NGP
177.9010,-2.8394,0.15490,NGP
177.9000,-4.5118,0.08390,NGP
177.8602,-3.1488,0.09000,NGP
177.8520,-2.9850,0.09020,NGP
177.8467,-3.2309,0.12710,NGP
177.8508,-4.6513,0.07620,NGP
177.7635,-3.0129,0.09060,NGP
177.7662,-4.1781,0.12400,NGP
177.7127,-3.4216,0.07550,NGP
177.7148,-4.7248,0.12970,NGP
177.7067,-2.8388,0.07680,NGP
177.6479,-3.4835,0.12720,NGP
177.6259,-3.8769,0.08870,NGP
177.6196,-3.0906,0.12950,NGP
177.6155,-3.0385,0.17240,NGP
177.6088,-2.9311,0.09140,NGP
177.6064,-4.4787,0.08080,NGP
177.5938,-3.6120,0.12940,NGP
177.5792,-2.8201,0.09200,NGP
177.5535,-3.9556,0.16590,NGP
177.5442,-3.5528,0.10070,NGP
177.4474,-4.1441,0.14510,NGP
177.4010,-4.0204,0.06310,NGP
177.3462,-4.4636,0.10160,NGP
177.3019,-3.6715,0.12500,NGP
177.2984,-3.4388,0.14780,NGP
177.2404,-3.2702,0.10780,NGP
177.2188,-3.8456,0.10240,NGP
177.2140,-2.9577,0.06300,NGP
177.1826,-3.2575,0.13670,NGP
177.1564,-2.7912,0.12790,NGP
177.0967,-3.2922,0.08590,NGP
176.9487,-3.3242,0.02680,NGP
176.9426,-3.2686,0.12350,NGP
176.9436,-5.2462,0.17650,NGP
176.9375,-3.0054,0.13010,NGP
176.9420,-5.1917,0.08260,NGP
176.9340,-4.2544,0.12550,NGP
176.8969,-5.6154,0.15390,NGP
176.8869,-3.1411,0.02640,NGP
176.8702,-6.1089,0.16220,NGP
176.8428,-3.4532,0.10360,NGP
176.8016,-5.0288,0.08240,NGP
176.7985,-5.9129,0.14710,NGP
176.7926,-3.0294,0.10790,NGP
176.7804,-5.7946,0.08970,NGP
176.7278,-3.1641,0.06280,NGP
176.6586,-6.0835,0.18130,NGP
176.6545,-4.3877,0.08200,NGP
176.6470,-3.0285,0.10930,NGP
176.5630,-2.9804,0.12230,NGP
176.5570,-3.8332,0.12050,NGP
176.5242,-3.1878,0.15730,NGP
176.4118,-5.1117,0.03430,NGP
176.4072,-2.9374,0.10580,NGP
176.4057,-6.2904,0.10500,NGP
176.3987,-3.3701,0.10500,NGP
176.3717,-3.5186,0.02890,NGP
176.3400,-4.4274,0.12030,NGP
176.2720,-3.0361,0.12140,NGP
176.2597,-3.7786,0.12060,NGP
176.2536,-3.5517,0.12040,NGP
176.2516,-3.4864,0.10730,NGP
176.2421,-4.1909,0.11630,NGP
176.2352,-4.4606,0.13090,NGP
176.1950,-5.6780,0.09230,NGP
176.1801,-3.2123,0.02900,NGP
176.1372,-2.9626,0.13040,NGP
176.1266,-5.1232,0.09380,NGP
176.0874,-6.0501,0.09440,NGP
176.0410,-3.2427,0.05710,NGP
176.0322,-5.0057,0.09440,NGP
176.0258,-5.0429,0.06530,NGP
176.0066,-5.5624,0.07620,NGP
175.8200,-3.2244,0.11980,NGP
175.8122,-5.2026,0.09330,NGP
175.7862,-5.6269,0.14140,NGP
175.6275,-5.1593,0.13860,NGP
175.6228,-5.6973,0.14010,NGP
175.5594,-5.1641,0.10220,NGP
175.5583,-5.0604,0.10240,NGP
175.5580,-4.1354,0.11030,NGP
175.5530,-3.4344,0.11650,NGP
175.4668,-5.1955,0.14760,NGP
175.4420,-4.9497,0.09950,NGP
175.4181,-5.4379,0.10850,NGP
175.4170,-6.1541,0.18540,NGP
175.3910,-3.6018,0.09810,NGP
175.3777,-4.0184,0.14080,NGP
175.3718,-3.0270,0.12310,NGP
175.3568,-2.9707,0.09920,NGP
175.3310,-6.1187,0.07880,NGP
175.3135,-3.2974,0.11640,NGP
175.3099,-4.9781,0.08550,NGP
175.2662,-6.0762,0.18510,NGP
175.2661,-3.9375,0.11280,NGP
175.2617,-5.0907,0.04920,NGP
175.2227,-5.8900,0.18400,NGP
175.2188,-4.6114,0.08570,NGP
175.1918,-6.0196,0.10090,NGP
175.1791,-6.3435,0.13650,NGP
175.0766,-3.5922,0.06320,NGP
175.0440,-2.9897,0.09920,NGP
175.0420,-4.0573,0.05400,NGP
174.9745,-5.9804,0.05110,NGP
174.9481,-3.5772,0.06150,NGP
174.9044,-4.5745,0.18540,NGP
174.7942,-5.5599,0.08260,NGP
174.7761,-5.0602,0.14740,NGP
174.7664,-3.7999,0.06210,NGP
174.7420,-4.5333,0.07080,NGP
174.7140,-5.7408,0.16440,NGP
174.6865,-4.9376,0.08790,NGP
174.6661,-5.6902,0.04940,NGP
174.6117,-2.8496,0.06060,NGP
174.6065,-4.7137,0.08700,NGP
174.5919,-5.1993,0.08200,NGP
174.5903,-4.7572,0.13580,NGP
174.5582,-4.7348,0.05640,NGP
174.5576,-4.1133,0.05650,NGP
174.4777,-4.9759,0.10050,NGP
174.4314,-4.8419,0.08770,NGP
174.4094,-3.4013,0.12030,NGP
174.3930,-3.3121,0.04820,NGP
174.3868,-4.8009,0.08740,NGP
174.3639,-5.4176,0.16080,NGP
174.3247,-3.1686,0.10420,NGP
174.3179,-3.4323,0.10740,NGP
174.3163,-3.8460,0.18440,NGP
174.3122,-2.9350,0.10190,NGP
174.2640,-5.7409,0.16000,NGP
174.2451,-4.9693,0.13750,NGP
174.2414,-3.1136,0.08540,NGP
174.2343,-4.4230,0.05900,NGP
174.2030,-5.8511,0.19210,NGP
174.1513,-3.1735,0.04730,NGP
174.1284,-4.5688,0.05170,NGP
174.0690,-3.5250,0.10130,NGP
174.0430,-5.4138,0.19310,NGP
174.0331,-3.5838,0.19280,NGP
174.0201,-4.8596,0.04730,NGP
173.9411,-4.5187,0.05360,NGP
173.9258,-4.6372,0.05130,NGP
173.9113,-3.9000,0.15910,NGP
173.8998,-6.1781,0.14380,NGP
173.8945,-3.8146,0.18560,NGP
173.8618,-4.6234,0.12000,NGP
173.8550,-4.9187,0.15710,NGP
173.8218,-3.6277,0.05130,NGP
173.7780,-4.3995,0.04710,NGP
173.7559,-5.0759,0.04860,NGP
173.7245,-3.1983,0.11930,NGP
173.7171,-3.3120,0.04530,NGP
173.6687,-4.3958,0.14550,NGP
173.6266,-4.9317,0.06340,NGP
173.5914,-3.9852,0.18380,NGP
173.5885,-3.0042,0.07270,NGP
173.5558,-2.8940,0.10480,NGP
173.5550,-3.0607,0.14410,NGP
173.5207,-4.9009,0.06060,NGP
173.5039,-4.0576,0.11580,NGP
173.4647,-3.4545,0.10750,NGP
173.4465,-4.2730,0.15630,NGP
173.4125,-3.7635,0.06520,NGP
173.3719,-4.4819,0.09750,NGP
173.3618,-4.2583,0.08090,NGP
173.3624,-3.7855,0.18770,NGP
173.3595,-3.1717,0.19930,NGP
173.3479,-3.0521,0.14660,NGP
173.3333,-5.0882,0.03610,NGP
173.3283,-3.5288,0.10490,NGP
173.3042,-5.5024,0.08020,NGP
173.2872,-5.3123,0.07720,NGP
173.2694,-3.5573,0.18090,NGP
173.2625,-4.9171,0.11510,NGP
173.1968,-4.5938,0.09760,NGP
173.1754,-3.8388,0.05200,NGP
183.0480,-3.1559,0.10150,NGP
183.0501,-3.8397,0.13880,NGP
183.0433,-3.8518,0.09330,NGP
182.8817,-4.0773,0.08020,NGP
182.8297,-3.8346,0.16860,NGP
182.7705,-2.9966,0.10910,NGP
182.7093,-2.7872,0.13260,NGP
182.7144,-3.4912,0.17440,NGP
182.6436,-2.9297,0.08930,NGP
182.5224,-4.3479,0.13550,NGP
182.5083,-3.7848,0.17800,NGP
182.4682,-4.1374,0.13640,NGP
182.4678,-4.1634,0.08380,NGP
182.4633,-4.1988,0.10730,NGP
182.3839,-4.4212,0.10770,NGP
181.9888,-3.1661,0.02360,NGP
181.8873,-3.1984,0.05700,NGP
181.8410,-2.8567,0.17440,NGP
181.8524,-2.9466,0.16620,NGP
181.4585,-3.0424,0.05120,NGP
181.4363,-3.0710,0.05110,NGP
181.3588,-3.8313,0.13970,NGP
181.3577,-4.4119,0.08060,NGP
181.3476,-3.3145,0.08240,NGP
181.1436,-3.2185,0.08220,NGP
180.9729,-4.2636,0.12130,NGP
180.9477,-3.0502,0.14980,NGP
180.9316,-2.9336,0.06230,NGP
180.8232,-4.4710,0.10680,NGP
180.7958,-3.5467,0.10900,NGP
180.2331,-2.9519,0.11880,NGP
180.2328,-4.0531,0.13320,NGP
180.1576,-3.1317,0.14520,NGP
179.7844,-3.3233,0.06760,NGP
179.6697,-4.3272,0.11480,NGP
179.6653,-3.9881,0.13180,NGP
179.6045,-4.2240,0.17980,NGP
179.4869,-3.5909,0.15290,NGP
179.4552,-4.3842,0.19890,NGP
179.1054,-3.1779,0.09630,NGP
179.0850,-2.8655,0.14190,NGP
179.0881,-4.1767,0.05270,NGP
178.9948,-4.0787,0.02880,NGP
178.9503,-3.0494,0.05260,NGP
178.9568,-3.5958,0.08780,NGP
178.9480,-4.1368,0.08240,NGP
178.9173,-3.7803,0.09290,NGP
178.8099,-3.1461,0.16660,NGP
178.6870,-3.2190,0.13530,NGP
178.4870,-3.5891,0.09600,NGP
178.4047,-3.7180,0.06270,NGP
178.2778,-4.1610,0.13170,NGP
178.2384,-2.8869,0.08780,NGP
178.1964,-2.8026,0.09010,NGP
178.2034,-3.5212,0.10770,NGP
178.1527,-3.1314,0.17600,NGP
182.6230,-4.5983,0.10680,NGP
182.3224,-5.2924,0.10460,NGP
182.2820,-5.0293,0.13200,NGP
182.1925,-6.0319,0.07960,NGP
182.1750,-4.5310,0.19970,NGP
182.1837,-5.8177,0.07990,NGP
182.1183,-5.9818,0.19010,NGP
182.0269,-4.7656,0.10650,NGP
181.9533,-4.9756,0.17040,NGP
181.7587,-6.1287,0.11050,NGP
181.5717,-4.6812,0.13370,NGP
181.5353,-4.8788,0.13050,NGP
181.5178,-5.5778,0.19370,NGP
181.4938,-5.7238,0.10680,NGP
181.4588,-6.1619,0.08500,NGP
181.2952,-5.7946,0.07630,NGP
181.1622,-4.7765,0.16830,NGP
181.1157,-4.5722,0.13120,NGP
181.0535,-4.5732,0.11340,NGP
181.0295,-5.0477,0.12930,NGP
180.7559,-4.6415,0.13670,NGP
180.5691,-5.3381,0.14490,NGP
178.9998,-4.5265,0.09270,NGP
178.8630,-4.7312,0.12810,NGP
178.5711,-4.8031,0.14910,NGP
181.8768,-6.4144,0.18690,NGP
188.0644,-2.9209,0.17270,NGP
188.0744,-2.9438,0.10850,NGP
188.0105,-4.0385,0.17440,NGP
187.8796,-3.5169,0.08480,NGP
187.8897,-3.6189,0.18590,NGP
187.8036,-3.9582,0.09670,NGP
187.6999,-3.9924,0.12650,NGP
187.6439,-3.9282,0.12400,NGP
187.6189,-3.5816,0.07160,NGP
187.3597,-3.3326,0.14740,NGP
187.3088,-4.1895,0.11040,NGP
187.1915,-4.0014,0.11210,NGP
187.1872,-3.0494,0.11000,NGP
187.1190,-4.0899,0.10850,NGP
186.9386,-4.0208,0.14730,NGP
186.8810,-4.5107,0.13310,NGP
186.8028,-3.9642,0.11580,NGP
186.7434,-4.2991,0.11490,NGP
186.6487,-3.0560,0.06750,NGP
186.6419,-3.9771,0.12620,NGP
186.5694,-4.4736,0.18590,NGP
186.5392,-3.6196,0.11380,NGP
186.4958,-3.6895,0.13280,NGP
186.4592,-2.8173,0.06090,NGP
186.4043,-2.8662,0.08510,NGP
186.2120,-3.2959,0.07170,NGP
186.1734,-3.3531,0.06570,NGP
186.0857,-4.4761,0.14640,NGP
186.0529,-3.0369,0.11700,NGP
186.0445,-2.7832,0.07660,NGP
186.0455,-3.2533,0.11080,NGP
186.0047,-3.7228,0.03730,NGP
185.7829,-3.1393,0.09940,NGP
185.7786,-4.3689,0.15890,NGP
185.7098,-3.9103,0.08020,NGP
185.5743,-3.0993,0.07120,NGP
185.5388,-4.0445,0.07940,NGP
185.5174,-3.0743,0.12320,NGP
185.5155,-4.3142,0.17980,NGP
185.4800,-3.2025,0.18830,NGP
185.4853,-4.1097,0.06500,NGP
185.4665,-3.9098,0.10160,NGP
185.4102,-4.1172,0.08680,NGP
185.3885,-3.9065,0.12350,NGP
185.3116,-4.0759,0.07920,NGP
185.2452,-4.1861,0.09380,NGP
185.2010,-4.0675,0.07950,NGP
185.0063,-4.2616,0.11880,NGP
184.8148,-2.9057,0.06940,NGP
184.7188,-3.3154,0.06690,NGP
184.7015,-4.4905,0.13320,NGP
184.6362,-2.8936,0.11170,NGP
184.6383,-3.0706,0.11010,NGP
184.5854,-3.0846,0.11210,NGP
184.5829,-3.6863,0.09230,NGP
184.5370,-4.4226,0.08030,NGP
184.5263,-3.3015,0.09200,NGP
184.5066,-3.0958,0.11310,NGP
184.4803,-3.6231,0.18260,NGP
184.4927,-3.8609,0.10470,NGP
184.4824,-4.0112,0.13410,NGP
184.4422,-3.7308,0.12690,NGP
184.4015,-3.7648,0.08900,NGP
184.3980,-3.7681,0.08820,NGP
184.3837,-4.5291,0.08770,NGP
184.3685,-4.0664,0.11190,NGP
184.2403,-3.7079,0.11120,NGP
184.1765,-3.1503,0.11020,NGP
184.1478,-4.3596,0.07950,NGP
184.1314,-3.5741,0.11220,NGP
184.0987,-3.6609,0.17990,NGP
183.7178,-3.6479,0.09130,NGP
183.7053,-3.9750,0.08970,NGP
183.6471,-4.1167,0.10270,NGP
183.6120,-3.2481,0.17110,NGP
183.4518,-4.0860,0.12990,NGP
183.4366,-3.0649,0.09870,NGP
183.4265,-3.2211,0.17910,NGP
183.3568,-3.7077,0.16750,NGP
183.3363,-3.5541,0.17820,NGP
183.3423,-3.6754,0.16560,NGP
186.7985,-4.7927,0.13310,NGP
186.5509,-4.9081,0.18500,NGP
185.6478,-4.5098,0.06720,NGP
185.0488,-4.6292,0.13380,NGP
184.9960,-4.7433,0.18020,NGP
184.8837,-4.7247,0.13500,NGP
184.8701,-4.8282,0.13520,NGP
184.8036,-4.8622,0.07840,NGP
184.7121,-4.6694,0.13430,NGP
184.5336,-4.6326,0.07320,NGP
184.5177,-4.6019,0.12590,NGP
183.9825,-4.5892,0.11690,NGP
183.9848,-4.8799,0.16580,NGP
183.6411,-4.9173,0.13470,NGP
183.6340,-4.5804,0.04070,NGP
183.6065,-4.8130,0.08040,NGP
183.4953,-4.9233,0.08590,NGP
183.4903,-4.7271,0.17100,NGP
183.3282,-4.5580,0.16380,NGP
183.2383,-4.7109,0.19780,NGP
183.1517,-4.8327,0.08590,NGP
193.1095,-4.0680,0.16540,NGP
193.0627,-3.2213,0.18410,NGP
192.9550,-3.8456,0.11720,NGP
192.9062,-3.9320,0.03550,NGP
192.9115,-4.2350,0.17550,NGP
192.8747,-3.4862,0.15970,NGP
192.5800,-2.9472,0.08820,NGP
192.5294,-3.0009,0.08790,NGP
192.4700,-3.9144,0.10280,NGP
192.4125,-4.1294,0.15000,NGP
192.2596,-3.8564,0.13330,NGP
192.0785,-3.7113,0.08480,NGP
192.0570,-3.9721,0.08460,NGP
192.0505,-4.5146,0.09280,NGP
191.8927,-3.9110,0.16480,NGP
191.8790,-2.8401,0.12260,NGP
191.7999,-3.1827,0.12640,NGP
191.6687,-3.0237,0.04830,NGP
191.5837,-4.3847,0.12550,NGP
191.5108,-4.2167,0.18610,NGP
191.3847,-2.7877,0.08390,NGP
191.3512,-3.3763,0.14270,NGP
191.3192,-4.0744,0.07000,NGP
191.1495,-3.3448,0.15470,NGP
191.1540,-3.9334,0.12970,NGP
191.1567,-4.2512,0.15320,NGP
191.0209,-3.8709,0.01420,NGP
190.8797,-2.7987,0.17000,NGP
190.8572,-3.9803,0.15180,NGP
190.8377,-2.8257,0.06660,NGP
190.7506,-2.9135,0.04680,NGP
190.7060,-3.0673,0.09740,NGP
190.6266,-4.4316,0.12540,NGP
190.5885,-4.2111,0.10270,NGP
190.5660,-3.9006,0.13440,NGP
190.5110,-4.1404,0.04900,NGP
190.4744,-3.4459,0.11100,NGP
190.4280,-3.8803,0.18770,NGP
190.2116,-3.4604,0.06980,NGP
190.0314,-3.1360,0.08390,NGP
189.9946,-3.5955,0.13610,NGP
189.9813,-3.0278,0.08490,NGP
189.9364,-2.8468,0.10580,NGP
189.8508,-3.6896,0.13510,NGP
189.7802,-3.9977,0.12920,NGP
189.7217,-2.7979,0.10640,NGP
189.6946,-3.9739,0.12670,NGP
189.6080,-3.0139,0.13430,NGP
189.6113,-4.3442,0.08200,NGP
189.5642,-3.3502,0.08260,NGP
189.5611,-3.8006,0.11850,NGP
189.5561,-3.8076,0.11710,NGP
189.5364,-3.0607,0.13440,NGP
189.5291,-3.0681,0.13520,NGP
189.3775,-3.2331,0.14400,NGP
189.3783,-3.4635,0.18550,NGP
189.2218,-3.3122,0.19160,NGP
189.1916,-3.0785,0.08900,NGP
189.1455,-3.4082,0.08360,NGP
189.1107,-3.0074,0.10740,NGP
189.0915,-3.8394,0.12620,NGP
189.0283,-3.5309,0.07060,NGP
189.0219,-3.7043,0.18820,NGP
188.9802,-3.8630,0.12760,NGP
188.8589,-3.2699,0.18560,NGP
188.8381,-3.4242,0.13100,NGP
188.7106,-3.9622,0.11230,NGP
188.6610,-2.9113,0.02060,NGP
188.6255,-3.2217,0.06040,NGP
188.4671,-3.7193,0.06540,NGP
188.3397,-4.2189,0.05860,NGP
188.3039,-4.1752,0.13120,NGP
188.1872,-2.8433,0.13870,NGP
188.1792,-3.8350,0.12520,NGP
188.1689,-3.0519,0.15260,NGP
193.0710,-5.1061,0.13570,NGP
193.0530,-4.7857,0.13850,NGP
192.9526,-4.7972,0.04960,NGP
192.8723,-5.2143,0.16630,NGP
192.7742,-5.0289,0.13420,NGP
192.7501,-5.2483,0.11730,NGP
192.6431,-5.2631,0.10310,NGP
192.6156,-6.1582,0.08460,NGP
192.5879,-5.2005,0.01560,NGP
192.5762,-4.7856,0.09260,NGP
192.1606,-4.5111,0.08410,NGP
192.0539,-4.7079,0.13320,NGP
192.0460,-4.8298,0.11810,NGP
191.9870,-4.6748,0.10330,NGP
191.7476,-4.7669,0.09310,NGP
191.6803,-4.7480,0.10170,NGP
191.6101,-4.9392,0.02700,NGP
191.5292,-4.9699,0.11010,NGP
191.3663,-4.5403,0.14850,NGP
191.3325,-4.8028,0.05600,NGP
191.3038,-4.8154,0.08270,NGP
191.2937,-4.8947,0.15010,NGP
191.2002,-4.9138,0.12880,NGP
190.9695,-4.8152,0.18300,NGP
190.9298,-4.6436,0.17140,NGP
190.8150,-4.6590,0.12650,NGP
190.5517,-4.8506,0.14510,NGP
190.4618,-4.6930,0.08940,NGP
190.4525,-4.6982,0.10190,NGP
190.3474,-4.5443,0.12660,NGP
190.0292,-4.6242,0.13560,NGP
189.9407,-4.6751,0.13560,NGP
189.4910,-4.7371,0.13390,NGP
189.3697,-4.6843,0.13220,NGP
189.3483,-4.5536,0.13350,NGP
189.3147,-4.6510,0.06130,NGP
188.8478,-4.6031,0.13600,NGP
188.7955,-4.8446,0.06900,NGP
188.5806,-4.9719,0.06930,NGP
188.2723,-4.6438,0.19030,NGP
198.1040,-4.3324,0.01020,NGP
198.0873,-3.0214,0.14470,NGP
198.0297,-2.8148,0.11510,NGP
197.9789,-2.7886,0.11420,NGP
197.9540,-4.2908,0.02610,NGP
197.9358,-3.2290,0.18310,NGP
197.9360,-3.5546,0.13570,NGP
197.9022,-4.4133,0.02210,NGP
197.7843,-4.1356,0.18490,NGP
197.7566,-3.2146,0.14050,NGP
197.7527,-4.3252,0.16000,NGP
197.7266,-3.8483,0.12790,NGP
197.7017,-3.0263,0.08480,NGP
197.7068,-4.2801,0.08610,NGP
197.6506,-3.1347,0.14080,NGP
197.6631,-4.4577,0.08650,NGP
197.5704,-2.8798,0.11400,NGP
197.5591,-3.4315,0.14400,NGP
197.5200,-3.2980,0.14070,NGP
197.5040,-4.3447,0.08280,NGP
197.4032,-3.7431,0.09500,NGP
197.3947,-4.3452,0.18130,NGP
197.3545,-3.5867,0.18960,NGP
197.3216,-3.9847,0.14180,NGP
197.1973,-3.9707,0.17530,NGP
197.0621,-3.7255,0.07490,NGP
197.0579,-3.7322,0.07650,NGP
197.0187,-4.0081,0.14420,NGP
196.9783,-3.7153,0.15930,NGP
196.9156,-3.8002,0.01260,NGP
196.8874,-4.4958,0.13960,NGP
196.8380,-3.3959,0.09550,NGP
196.7464,-3.6502,0.19510,NGP
196.7025,-3.8145,0.19620,NGP
196.6174,-3.7370,0.15920,NGP
196.6329,-4.1473,0.08480,NGP
196.5182,-3.4034,0.11340,NGP
196.4386,-2.8350,0.08170,NGP
196.3220,-4.2754,0.14530,NGP
196.2799,-4.0925,0.14280,NGP
196.0954,-3.1359,0.07300,NGP
196.0314,-3.3834,0.08780,NGP
195.9729,-2.9868,0.11400,NGP
195.9282,-3.8544,0.14430,NGP
195.8965,-3.7633,0.14200,NGP
195.8746,-3.1252,0.11270,NGP
195.8777,-3.7765,0.13270,NGP
195.7440,-2.9193,0.07390,NGP
195.7438,-3.2272,0.18580,NGP
195.7408,-4.2300,0.19150,NGP
195.6963,-2.8440,0.10130,NGP
195.6309,-3.2898,0.08300,NGP
195.5640,-4.0478,0.07750,NGP
195.5614,-4.2551,0.07560,NGP
195.4859,-3.8490,0.08480,NGP
195.4828,-4.0288,0.04750,NGP
195.4751,-3.7913,0.13210,NGP
195.4565,-3.1244,0.08230,NGP
195.4337,-4.2580,0.08220,NGP
195.3932,-3.5611,0.08660,NGP
195.3758,-3.3474,0.08260,NGP
195.3510,-3.3611,0.08070,NGP
195.3499,-4.4893,0.00960,NGP
195.2325,-3.5444,0.14080,NGP
195.1981,-4.1724,0.08000,NGP
195.1637,-4.0999,0.08030,NGP
195.0968,-4.0469,0.08030,NGP
195.0922,-3.9199,0.08580,NGP
195.0852,-4.3674,0.06860,NGP
195.0514,-3.4077,0.03460,NGP
195.0441,-4.1795,0.14800,NGP
195.0461,-4.2117,0.08550,NGP
195.0349,-4.2698,0.08170,NGP
195.0032,-4.4552,0.14330,NGP
194.9270,-4.1063,0.08430,NGP
194.8983,-4.3789,0.18410,NGP
194.8886,-3.6326,0.08820,NGP
194.8812,-4.1686,0.08970,NGP
194.8782,-3.7041,0.05140,NGP
194.8007,-3.1156,0.14450,NGP
194.7875,-4.2861,0.07800,NGP
194.7682,-3.9149,0.08520,NGP
194.7557,-4.1364,0.08550,NGP
194.7443,-3.1399,0.11330,NGP
194.6090,-4.1692,0.08410,NGP
194.5675,-4.2069,0.08530,NGP
194.4390,-3.4893,0.06600,NGP
194.3705,-3.0374,0.13810,NGP
194.3381,-3.6899,0.13940,NGP
194.2725,-4.3960,0.15560,NGP
194.1894,-4.0469,0.10520,NGP
194.0250,-2.7824,0.11730,NGP
193.9730,-3.8498,0.08380,NGP
193.9555,-3.9964,0.19230,NGP
193.8980,-4.2319,0.08660,NGP
193.7791,-2.8234,0.11490,NGP
193.7366,-4.3165,0.08690,NGP
193.7087,-2.7836,0.12000,NGP
193.6734,-3.3273,0.04700,NGP
193.6564,-4.1282,0.15380,NGP
193.5358,-4.1501,0.14530,NGP
193.5116,-3.3217,0.10510,NGP
193.5047,-3.7004,0.13940,NGP
193.5015,-3.1519,0.08410,NGP
193.4527,-3.8567,0.16530,NGP
193.4491,-3.5658,0.13940,NGP
193.4331,-4.4128,0.14560,NGP
193.4300,-3.9958,0.15080,NGP
193.3818,-3.5733,0.11810,NGP
193.3609,-3.9053,0.14500,NGP
198.0867,-4.5006,0.13710,NGP
197.9722,-5.5207,0.04640,NGP
197.8812,-4.7138,0.13540,NGP
197.8062,-5.4599,0.08360,NGP
197.7266,-5.6125,0.10220,NGP
197.6057,-6.2993,0.03110,NGP
197.5555,-4.5407,0.02620,NGP
197.5624,-5.0991,0.07860,NGP
197.5668,-5.8031,0.17020,NGP
197.5173,-4.5946,0.13780,NGP
197.5085,-6.1271,0.04720,NGP
197.4913,-4.6269,0.08430,NGP
197.4496,-5.0313,0.16890,NGP
197.3107,-6.0552,0.14390,NGP
197.2873,-4.6983,0.18310,NGP
197.0965,-4.9243,0.18300,NGP
197.0485,-4.9340,0.13760,NGP
197.0428,-5.7522,0.18640,NGP
196.9577,-5.3847,0.08240,NGP
196.9385,-5.8025,0.15320,NGP
196.9279,-4.8339,0.10220,NGP
196.9136,-4.8690,0.10250,NGP
196.8868,-5.1837,0.13560,NGP
196.8937,-5.3432,0.08060,NGP
196.8739,-4.8027,0.11330,NGP
196.6699,-5.4900,0.08010,NGP
196.2489,-4.5952,0.14570,NGP
195.7163,-4.6040,0.15740,NGP
195.3013,-4.6097,0.08730,NGP
195.2603,-4.9999,0.04770,NGP
194.6106,-4.5865,0.06950,NGP
194.4235,-4.5069,0.08510,NGP
194.4152,-4.6528,0.17790,NGP
194.3399,-4.9799,0.14180,NGP
194.3258,-4.6116,0.04650,NGP
194.1732,-4.6830,0.04700,NGP
194.0601,-4.7278,0.09830,NGP
193.9493,-4.5489,0.16050,NGP
193.6525,-4.8943,0.13650,NGP
193.6433,-4.9940,0.19050,NGP
193.6017,-6.1414,0.14350,NGP
193.4063,-4.7277,0.08750,NGP
193.3632,-4.6055,0.14400,NGP
193.2551,-6.0726,0.00710,NGP
193.2349,-5.9688,0.09180,NGP
193.2159,-4.7061,0.18750,NGP
203.0910,-3.0134,0.17150,NGP
203.0657,-4.2106,0.15040,NGP
202.9884,-2.9399,0.05940,NGP
202.9868,-3.4079,0.08510,NGP
202.9682,-3.4349,0.04080,NGP
202.8507,-3.0788,0.07550,NGP
202.6777,-3.2298,0.04330,NGP
202.6590,-4.1373,0.05320,NGP
202.5894,-2.8854,0.18100,NGP
202.4870,-4.2094,0.07310,NGP
202.4607,-3.9125,0.11910,NGP
202.4313,-3.2081,0.14940,NGP
202.4301,-3.6559,0.02030,NGP
202.3444,-3.5984,0.09740,NGP
202.3536,-4.3822,0.07670,NGP
202.1822,-3.3437,0.17640,NGP
202.1868,-4.3755,0.04720,NGP
202.1396,-3.3777,0.18670,NGP
202.1217,-4.2752,0.14840,NGP
202.0905,-3.7411,0.08440,NGP
202.0680,-3.8465,0.08470,NGP
201.9927,-3.7684,0.08750,NGP
201.9673,-3.7231,0.07620,NGP
201.9209,-3.9908,0.11390,NGP
201.8505,-3.6339,0.13480,NGP
201.8093,-3.6416,0.13510,NGP
201.7681,-3.0763,0.17460,NGP
201.6774,-3.9933,0.15030,NGP
201.6610,-3.2630,0.01560,NGP
201.5297,-2.9768,0.13680,NGP
201.4694,-2.7959,0.19520,NGP
201.4503,-4.4449,0.18200,NGP
201.4199,-3.2134,0.17490,NGP
201.3688,-3.1982,0.08320,NGP
201.2978,-3.7044,0.11830,NGP
201.2357,-3.4731,0.17880,NGP
201.1843,-3.5817,0.11480,NGP
200.9869,-3.5748,0.09770,NGP
200.9288,-3.3709,0.09230,NGP
200.6854,-3.5385,0.08870,NGP
200.6687,-3.2849,0.11750,NGP
200.6731,-3.5896,0.13510,NGP
200.3379,-3.6869,0.04480,NGP
200.2220,-3.9981,0.08340,NGP
200.1879,-4.4126,0.08760,NGP
200.0112,-3.6612,0.06890,NGP
199.6334,-4.0253,0.08400,NGP
199.3945,-3.1020,0.13690,NGP
199.4004,-3.1649,0.03620,NGP
199.3888,-3.2417,0.17620,NGP
199.3258,-3.1565,0.18020,NGP
199.1142,-4.4491,0.16820,NGP
199.0803,-3.9777,0.08510,NGP
199.0415,-4.1796,0.06460,NGP
199.0245,-3.8147,0.17930,NGP
198.9750,-2.8897,0.08400,NGP
198.9655,-4.4742,0.13370,NGP
198.9387,-3.3746,0.15180,NGP
198.8727,-3.7738,0.08520,NGP
198.8568,-3.1183,0.03550,NGP
198.8160,-4.1886,0.03020,NGP
198.8281,-4.3185,0.12430,NGP
198.7911,-3.6526,0.15410,NGP
198.3967,-3.5732,0.07610,NGP
198.3274,-4.3919,0.11660,NGP
198.2299,-3.9137,0.15610,NGP
203.1458,-5.9185,0.11580,NGP
203.1246,-5.8276,0.10420,NGP
203.1326,-5.9273,0.15170,NGP
203.0611,-4.9567,0.07340,NGP
203.0074,-4.4691,0.11710,NGP
202.9564,-4.9640,0.10030,NGP
202.9215,-5.7047,0.11980,NGP
202.8892,-5.8888,0.15280,NGP
202.8660,-5.9087,0.13890,NGP
202.8204,-4.8838,0.11310,NGP
202.5888,-4.7098,0.07180,NGP
202.5682,-4.7673,0.10370,NGP
202.5497,-4.8049,0.10430,NGP
202.4567,-5.0904,0.10530,NGP
202.4525,-5.2130,0.14980,NGP
202.3818,-4.7447,0.12190,NGP
202.3822,-5.9858,0.13720,NGP
202.2455,-5.7534,0.08970,NGP
202.1746,-4.7947,0.04320,NGP
202.1526,-5.2198,0.15070,NGP
202.1667,-5.2913,0.13200,NGP
202.1170,-6.3933,0.01470,NGP
202.0827,-6.2152,0.13100,NGP
201.9952,-5.5377,0.13170,NGP
201.9723,-4.5057,0.14240,NGP
201.9377,-5.4465,0.08310,NGP
201.9207,-4.7284,0.07140,NGP
201.8771,-4.5386,0.08200,NGP
201.8729,-4.5665,0.04680,NGP
201.7240,-4.7816,0.08710,NGP
201.7232,-5.0101,0.09060,NGP
201.5037,-6.2806,0.06500,NGP
201.0650,-5.5829,0.04790,NGP
201.0365,-4.6503,0.08620,NGP
200.8290,-5.8291,0.06960,NGP
200.8125,-4.9724,0.15120,NGP
200.5651,-4.5796,0.08220,NGP
200.5585,-5.7850,0.06540,NGP
200.1772,-4.6289,0.16780,NGP
199.8771,-4.5481,0.06420,NGP
199.7437,-4.6848,0.15260,NGP
199.4884,-4.9716,0.03540,NGP
199.3764,-4.8329,0.14910,NGP
198.2933,-6.0904,0.13460,NGP
198.2534,-5.2366,0.10470,NGP
198.2294,-5.0141,0.10500,NGP
208.1264,-4.6428,0.13960,NGP
208.1136,-2.9280,0.02570,NGP
207.9414,-3.0105,0.10150,NGP
207.9205,-3.2982,0.03640,NGP
207.6184,-3.1103,0.10760,NGP
207.5652,-3.2770,0.10240,NGP
207.4787,-4.4214,0.10710,NGP
207.4717,-4.3511,0.10730,NGP
207.4540,-3.0803,0.04660,NGP
207.4029,-4.4595,0.10630,NGP
207.0341,-2.8485,0.07560,NGP
206.8867,-3.0616,0.09030,NGP
206.8513,-4.0737,0.11360,NGP
206.8261,-4.8995,0.12820,NGP
206.7995,-3.9990,0.08540,NGP
206.7882,-3.8343,0.07510,NGP
206.7785,-3.1341,0.08380,NGP
206.7451,-3.1315,0.07510,NGP
206.7315,-2.7591,0.10490,NGP
206.7140,-3.3715,0.10300,NGP
206.6836,-4.2350,0.09380,NGP
206.6815,-4.2744,0.11830,NGP
206.6345,-4.2501,0.08690,NGP
206.6076,-2.9970,0.09090,NGP
206.5815,-3.3807,0.02330,NGP
206.5634,-3.9786,0.07510,NGP
206.5108,-3.3659,0.08610,NGP
206.4224,-3.2693,0.17930,NGP
206.4135,-6.2845,0.07240,NGP
206.3367,-4.5585,0.06660,NGP
206.3050,-5.5331,0.09170,NGP
206.2853,-3.4661,0.08650,NGP
206.2414,-5.6377,0.17760,NGP
206.1489,-2.7538,0.07500,NGP
206.1104,-2.8258,0.12030,NGP
206.0876,-5.2135,0.07380,NGP
206.0629,-4.9945,0.11130,NGP
205.9268,-5.4164,0.09350,NGP
205.9250,-6.1818,0.09310,NGP
205.9027,-2.8279,0.15240,NGP
205.8911,-4.3324,0.11090,NGP
205.8289,-5.2176,0.09380,NGP
205.7792,-4.3403,0.11160,NGP
205.7595,-4.1424,0.09300,NGP
205.7447,-3.5153,0.13070,NGP
205.7381,-6.3331,0.09260,NGP
205.6467,-3.8460,0.09420,NGP
205.5874,-2.7780,0.03730,NGP
205.5723,-5.1587,0.05250,NGP
205.5350,-3.0423,0.12750,NGP
205.5304,-4.2539,0.13700,NGP
205.5250,-5.7165,0.09180,NGP
205.5090,-3.1758,0.15080,NGP
205.4046,-2.8908,0.11380,NGP
205.3958,-5.9038,0.19190,NGP
205.3911,-5.6646,0.19470,NGP
205.3908,-4.7810,0.05090,NGP
205.3725,-6.2692,0.14170,NGP
205.3488,-3.7581,0.07430,NGP
205.1720,-5.6462,0.09860,NGP
205.1268,-3.7523,0.13020,NGP
205.1167,-4.3646,0.19600,NGP
205.0984,-3.6959,0.15070,NGP
205.0814,-4.7955,0.05400,NGP
205.0659,-4.8018,0.05430,NGP
204.9479,-3.9072,0.18020,NGP
204.9370,-4.5496,0.05240,NGP
204.8124,-4.7107,0.05060,NGP
204.7302,-5.0329,0.09080,NGP
204.6633,-4.5458,0.07410,NGP
204.5468,-2.8019,0.11440,NGP
204.3889,-4.2399,0.14870,NGP
204.3599,-2.8909,0.10320,NGP
204.2744,-4.8552,0.11630,NGP
204.2047,-3.6976,0.19310,NGP
203.9167,-3.0166,0.10760,NGP
203.8855,-3.4697,0.11050,NGP
203.8406,-3.4003,0.10850,NGP
203.8285,-3.6981,0.11270,NGP
203.8236,-4.5648,0.14900,NGP
203.6914,-3.8323,0.11890,NGP
203.5886,-4.5052,0.08820,NGP
203.5620,-3.9609,0.08100,NGP
203.5500,-3.8287,0.12130,NGP
203.4838,-5.5988,0.09890,NGP
203.3757,-3.8042,0.12610,NGP
203.3312,-5.7893,0.11300,NGP
203.3174,-5.0288,0.11330,NGP
203.3029,-3.2565,0.05900,NGP
203.2449,-2.9158,0.04730,NGP
213.1413,-3.5072,0.05450,NGP
213.1418,-4.5066,0.09710,NGP
213.1326,-4.4879,0.09670,NGP
213.0865,-4.3201,0.08270,NGP
213.0478,-4.8244,0.13440,NGP
213.0116,-4.1409,0.05580,NGP
212.8973,-4.1003,0.18800,NGP
212.8947,-4.6794,0.18950,NGP
212.8755,-4.0002,0.09320,NGP
212.8748,-4.5463,0.14470,NGP
212.7786,-3.4465,0.12340,NGP
212.7570,-3.9019,0.14520,NGP
212.7525,-4.4659,0.09120,NGP
212.7370,-3.8560,0.14900,NGP
212.6956,-3.0784,0.18770,NGP
212.6890,-3.9216,0.18780,NGP
212.6323,-4.5423,0.09110,NGP
212.6171,-4.1715,0.03000,NGP
212.6014,-2.9201,0.11420,NGP
212.5714,-4.5456,0.09100,NGP
212.3582,-4.0175,0.16670,NGP
212.3122,-3.8814,0.18690,NGP
212.2890,-2.8443,0.07360,NGP
212.2712,-4.5570,0.14260,NGP
212.2625,-4.6101,0.14240,NGP
212.2105,-4.7097,0.13050,NGP
212.1154,-3.6062,0.08730,NGP
211.9705,-4.1142,0.14230,NGP
211.9027,-4.4044,0.12470,NGP
211.8015,-3.1700,0.13470,NGP
211.7981,-4.5152,0.14410,NGP
211.7805,-3.4126,0.05500,NGP
211.7733,-4.3498,0.07070,NGP
211.5771,-3.6721,0.13410,NGP
211.5698,-3.6174,0.05480,NGP
211.4627,-3.4360,0.07100,NGP
211.4505,-3.5815,0.07010,NGP
211.4062,-3.3264,0.07090,NGP
211.2189,-3.6728,0.07790,NGP
211.2176,-3.9893,0.12890,NGP
211.1361,-3.1671,0.11680,NGP
211.1032,-3.5806,0.13720,NGP
211.0514,-3.8153,0.08030,NGP
210.9925,-4.1733,0.07770,NGP
210.9715,-3.1656,0.13970,NGP
210.8680,-4.2149,0.11680,NGP
210.7155,-4.4197,0.04660,NGP
210.6889,-4.8788,0.10020,NGP
210.5366,-3.7784,0.07910,NGP
210.4298,-3.7772,0.11510,NGP
210.3933,-4.6158,0.08340,NGP
210.2729,-4.6697,0.09190,NGP
210.2674,-3.7063,0.13450,NGP
210.1745,-3.3537,0.07450,NGP
210.1641,-3.5340,0.13240,NGP
210.1558,-2.9870,0.05970,NGP
209.8363,-3.8501,0.02570,NGP
209.7982,-2.7984,0.02270,NGP
209.7789,-3.8310,0.05090,NGP
209.7591,-3.5900,0.13750,NGP
209.7361,-3.3177,0.06150,NGP
209.6963,-2.7951,0.02460,NGP
209.6810,-4.9055,0.11070,NGP
209.6222,-3.8763,0.09210,NGP
209.5981,-4.1394,0.12050,NGP
209.5863,-2.9096,0.02630,NGP
209.4267,-3.8707,0.07570,NGP
209.3685,-2.9628,0.02660,NGP
209.3584,-4.5312,0.02390,NGP
209.1550,-2.9836,0.14850,NGP
209.1481,-2.9501,0.11850,NGP
209.0290,-2.9672,0.19890,NGP
208.8264,-3.4650,0.05110,NGP
208.8248,-4.6477,0.01430,NGP
208.7980,-3.7604,0.08070,NGP
208.7667,-2.9901,0.19840,NGP
208.5643,-3.6579,0.12040,NGP
208.4840,-3.9055,0.13960,NGP
208.4142,-3.9671,0.07470,NGP
208.2167,-4.4606,0.07580,NGP
218.0902,-3.6934,0.07600,NGP
218.0276,-3.8235,0.14650,NGP
217.9932,-3.0196,0.08280,NGP
217.8862,-4.3748,0.10160,NGP
217.8540,-3.1221,0.14690,NGP
217.7494,-3.4809,0.03380,NGP
217.7332,-4.7786,0.13440,NGP
217.6982,-4.7106,0.13990,NGP
217.6583,-4.7412,0.17160,NGP
217.6195,-4.3985,0.14130,NGP
217.5033,-3.3726,0.11790,NGP
217.4292,-3.8991,0.03460,NGP
217.3543,-3.1256,0.07970,NGP
217.1412,-3.1920,0.08050,NGP
217.0332,-4.8314,0.12360,NGP
216.8995,-3.7020,0.04240,NGP
216.7507,-3.4739,0.07750,NGP
216.5326,-4.4830,0.08020,NGP
216.1988,-3.4386,0.07410,NGP
216.0877,-4.7410,0.02330,NGP
216.0835,-3.8397,0.11520,NGP
216.0359,-2.7981,0.04050,NGP
216.0302,-4.1546,0.04030,NGP
215.8465,-4.5437,0.12620,NGP
215.8228,-3.7253,0.02290,NGP
215.7772,-4.0535,0.02550,NGP
215.7629,-4.5789,0.12530,NGP
215.7093,-4.3005,0.12630,NGP
215.5556,-3.0164,0.05640,NGP
215.5563,-5.0042,0.07910,NGP
215.4894,-3.5009,0.15540,NGP
215.4826,-2.8557,0.09100,NGP
215.3152,-4.2813,0.02590,NGP
215.3074,-2.7914,0.08400,NGP
215.2540,-4.8129,0.10450,NGP
215.1949,-3.0681,0.15480,NGP
215.0520,-3.9763,0.10100,NGP
215.0028,-3.3319,0.10450,NGP
214.9737,-3.1746,0.10070,NGP
214.9086,-4.1427,0.11380,NGP
214.8969,-2.8508,0.13120,NGP
214.8374,-3.7710,0.04330,NGP
214.8125,-2.9137,0.12710,NGP
214.7611,-3.6476,0.10400,NGP
214.7491,-4.0778,0.04220,NGP
214.6846,-3.1183,0.09820,NGP
214.6592,-4.4926,0.19740,NGP
214.5621,-3.0417,0.04490,NGP
214.3730,-4.1860,0.00870,NGP
214.3205,-3.6309,0.08070,NGP
214.3039,-4.3810,0.06770,NGP
214.3040,-4.4971,0.09820,NGP
214.2721,-4.8768,0.12660,NGP
214.2692,-4.5102,0.07730,NGP
214.1988,-3.0525,0.13300,NGP
214.1600,-2.9281,0.13260,NGP
214.1503,-2.8142,0.09100,NGP
214.1395,-2.9306,0.13390,NGP
214.1356,-3.6937,0.08080,NGP
214.1052,-3.9810,0.12540,NGP
214.0724,-4.0629,0.12260,NGP
214.0447,-3.5476,0.09950,NGP
214.0250,-3.8002,0.19930,NGP
213.9045,-4.3569,0.08100,NGP
213.6500,-2.8259,0.11820,NGP
213.6275,-3.9901,0.10280,NGP
213.6082,-4.0833,0.12410,NGP
213.5991,-3.8394,0.07610,NGP
213.5915,-2.9636,0.11530,NGP
213.5871,-3.3505,0.05560,NGP
213.4535,-3.1145,0.15460,NGP
213.4075,-4.7052,0.13540,NGP
213.4052,-3.4984,0.04750,NGP
213.2418,-3.3353,0.08260,NGP
222.8961,-3.2054,0.09890,NGP
222.8697,-3.2545,0.02640,NGP
222.8424,-3.7733,0.04630,NGP
222.8053,-3.9754,0.10600,NGP
222.7266,-3.3744,0.17450,NGP
222.6812,-3.7899,0.05860,NGP
222.5669,-4.7624,0.04190,NGP
222.5383,-3.9085,0.05800,NGP
222.5064,-3.5729,0.05870,NGP
222.4041,-4.1393,0.10710,NGP
222.4019,-4.9546,0.03650,NGP
222.3297,-5.8968,0.11190,NGP
222.2300,-3.4814,0.04590,NGP
222.0956,-4.0346,0.05810,NGP
222.0771,-6.1953,0.11340,NGP
222.0631,-3.5461,0.06030,NGP
221.9952,-4.8828,0.08640,NGP
221.9532,-4.9015,0.13160,NGP
221.8341,-4.1550,0.04590,NGP
221.7880,-3.9851,0.06270,NGP
221.7559,-3.4804,0.05970,NGP
221.7576,-3.5730,0.05880,NGP
221.6427,-6.1774,0.14930,NGP
221.6080,-3.8437,0.08460,NGP
221.6049,-6.0211,0.11190,NGP
221.5748,-5.9459,0.03620,NGP
221.4840,-3.0785,0.10590,NGP
221.4819,-5.9627,0.09240,NGP
221.4719,-4.2796,0.13040,NGP
221.3949,-2.8962,0.08340,NGP
221.3690,-5.8333,0.08990,NGP
221.2853,-4.5960,0.08830,NGP
221.2461,-6.3169,0.04670,NGP
221.1249,-4.0088,0.05840,NGP
221.1162,-4.4668,0.07010,NGP
221.0529,-3.6810,0.04520,NGP
221.0372,-3.1180,0.10560,NGP
221.0402,-4.8614,0.04690,NGP
220.9844,-5.6931,0.11380,NGP
220.9662,-5.5917,0.19440,NGP
220.9553,-4.8622,0.06140,NGP
220.9435,-5.9305,0.10010,NGP
220.8168,-2.9024,0.07670,NGP
220.8136,-2.7457,0.04370,NGP
220.8137,-5.9790,0.14630,NGP
220.7983,-2.7701,0.05930,NGP
220.6368,-2.9096,0.10450,NGP
220.6158,-4.9495,0.11310,NGP
220.5967,-3.9041,0.05840,NGP
220.5600,-3.5874,0.04370,NGP
220.5260,-3.2647,0.18080,NGP
220.5182,-5.8826,0.14440,NGP
220.5148,-5.3867,0.08800,NGP
220.5105,-4.0642,0.13290,NGP
220.4878,-2.8312,0.05840,NGP
220.4715,-5.9969,0.11330,NGP
220.4295,-4.9424,0.13880,NGP
220.3583,-6.0904,0.06330,NGP
220.2963,-6.1494,0.11270,NGP
220.2481,-4.6428,0.08350,NGP
220.1615,-5.7024,0.11330,NGP
220.1426,-5.9695,0.08860,NGP
220.1189,-5.3084,0.11460,NGP
220.0366,-5.0186,0.14310,NGP
220.0384,-6.4556,0.11080,NGP
219.9672,-5.8607,0.14410,NGP
219.9612,-5.2192,0.07020,NGP
219.8940,-4.9260,0.12050,NGP
219.8262,-3.5675,0.19170,NGP
219.8098,-3.1208,0.02580,NGP
219.8117,-6.0345,0.08800,NGP
219.7541,-4.6470,0.12820,NGP
219.7394,-5.1554,0.07590,NGP
219.4519,-3.6198,0.10400,NGP
219.4400,-3.7103,0.08220,NGP
219.3270,-3.7092,0.05860,NGP
219.3000,-3.7586,0.08260,NGP
219.2532,-3.5298,0.08300,NGP
219.1464,-4.9814,0.11550,NGP
219.0508,-2.9396,0.08230,NGP
219.0427,-3.4930,0.04930,NGP
219.0256,-4.6834,0.11570,NGP
219.0160,-2.9498,0.16890,NGP
218.8477,-4.6634,0.11680,NGP
218.8227,-4.8126,0.02360,NGP
218.4672,-4.0863,0.04570,NGP
218.3458,-3.0551,0.05020,NGP
153.1262,-1.2821,0.07090,NGP
153.1307,-0.1176,0.09690,NGP
153.0797,0.4647,0.09970,NGP
153.0401,-1.9570,0.06430,NGP
153.0365,-1.5686,0.03180,NGP
152.9844,-0.9313,0.10470,NGP
152.9902,1.8886,0.06320,NGP
152.9816,-0.1527,0.06920,NGP
152.9270,0.5892,0.05690,NGP
152.9115,0.4441,0.08290,NGP
152.8878,-0.8458,0.18770,NGP
152.8720,1.2522,0.12180,NGP
152.8395,-1.1958,0.19140,NGP
152.8372,0.0112,0.06250,NGP
152.8321,-0.3957,0.08720,NGP
152.8328,-0.0229,0.03360,NGP
152.7452,-2.2942,0.08350,NGP
152.6432,1.7784,0.09370,NGP
152.6191,-2.3413,0.07750,NGP
152.5760,-1.2704,0.11710,NGP
152.5515,-2.5558,0.06170,NGP
152.5500,0.9286,0.09540,NGP
152.5147,-1.2779,0.03210,NGP
152.5000,-2.4625,0.02040,NGP
152.4894,2.0499,0.09470,NGP
152.4678,-2.4655,0.02070,NGP
152.4649,1.2244,0.04590,NGP
152.4252,-0.5130,0.04600,NGP
152.4056,1.2654,0.06980,NGP
152.3983,0.4749,0.09660,NGP
152.3744,-2.6701,0.06220,NGP
152.2867,1.5930,0.08080,NGP
152.2771,0.6943,0.09780,NGP
152.2680,-0.3792,0.07000,NGP
152.2677,0.3622,0.18600,NGP
152.2539,-2.1471,0.16730,NGP
152.2511,-2.2702,0.05920,NGP
152.1915,-1.6504,0.11140,NGP
152.1760,1.6158,0.12330,NGP
152.1230,-1.8631,0.08900,NGP
152.1193,0.3679,0.03250,NGP
152.0765,0.5159,0.09590,NGP
152.0464,0.5967,0.09770,NGP
152.0180,-1.8623,0.08750,NGP
152.0070,-1.6029,0.07300,NGP
152.0020,0.5498,0.09360,NGP
151.9782,0.6300,0.09620,NGP
151.9697,0.5048,0.09810,NGP
151.9607,1.4307,0.10160,NGP
151.9310,-2.4745,0.04680,NGP
151.8748,0.4715,0.09670,NGP
151.8454,-2.7278,0.04750,NGP
151.7498,-2.1283,0.03290,NGP
151.7513,-2.6336,0.01910,NGP
151.7032,0.3579,0.09750,NGP
151.6870,-2.4905,0.13810,NGP
151.6875,-2.5103,0.01940,NGP
151.6938,0.2901,0.09710,NGP
151.6507,0.5791,0.13560,NGP
151.6362,-0.9491,0.03080,NGP
151.6312,1.1416,0.04570,NGP
151.5954,0.0689,0.12240,NGP
151.5702,-2.1358,0.16570,NGP
151.5550,-1.9321,0.06600,NGP
151.5465,-1.3090,0.08650,NGP
151.4940,1.8418,0.16510,NGP
151.4300,-0.7741,0.04490,NGP
151.4170,-1.0702,0.03360,NGP
151.4079,-1.2563,0.08660,NGP
151.3447,-1.6710,0.15090,NGP
151.3396,0.0885,0.17930,NGP
151.3380,0.9826,0.09620,NGP
151.3131,1.9170,0.10160,NGP
151.2984,-2.5042,0.14130,NGP
151.2853,-0.1367,0.18860,NGP
151.2585,-2.1381,0.18800,NGP
151.1935,0.4637,0.04580,NGP
151.1862,1.9526,0.12450,NGP
151.1584,2.0565,0.12450,NGP
151.0956,-1.9339,0.01310,NGP
151.0864,0.5322,0.04740,NGP
151.0301,0.6098,0.09420,NGP
150.8119,0.8323,0.09740,NGP
150.7928,1.4035,0.12580,NGP
150.7713,-0.4770,0.12270,NGP
150.7494,-0.8536,0.19780,NGP
150.7517,1.0896,0.17290,NGP
150.7244,-2.0520,0.15420,NGP
150.6925,0.0065,0.04520,NGP
150.6741,-1.3359,0.17780,NGP
150.6710,-0.4238,0.06360,NGP
150.6296,0.3082,0.03380,NGP
150.5767,1.7617,0.08120,NGP
150.5338,-0.7896,0.09450,NGP
150.4960,-2.0942,0.17820,NGP
150.4618,-2.6570,0.09600,NGP
150.3896,-1.4864,0.12260,NGP
150.3666,-0.3016,0.14140,NGP
150.3545,-2.1070,0.04720,NGP
150.3461,-0.6348,0.09300,NGP
150.3557,0.8330,0.04620,NGP
150.2870,-1.6132,0.03700,NGP
150.2870,0.9726,0.09430,NGP
150.2722,-1.5557,0.09600,NGP
150.2792,1.9045,0.07740,NGP
150.2466,1.1101,0.09590,NGP
150.1755,-1.6108,0.02110,NGP
150.1594,-1.7440,0.13750,NGP
150.1662,1.0682,0.09380,NGP
150.0835,-0.4092,0.08580,NGP
150.0711,-2.5890,0.11710,NGP
150.0682,-1.1333,0.04480,NGP
150.0267,0.5100,0.08770,NGP
150.0240,1.9109,0.00530,NGP
149.9476,-2.4231,0.02090,NGP
149.9259,-2.1502,0.03700,NGP
149.9155,-0.7851,0.09440,NGP
149.9057,-2.5576,0.04700,NGP
149.8972,-2.1961,0.08760,NGP
149.8651,-2.4894,0.09370,NGP
149.8674,0.9099,0.08710,NGP
149.8592,-0.9811,0.10500,NGP
149.8519,1.0357,0.07850,NGP
149.8446,-0.0166,0.07280,NGP
149.8090,1.3313,0.10040,NGP
149.7883,0.8763,0.08760,NGP
149.7794,0.0105,0.04650,NGP
149.7480,-2.6461,0.08710,NGP
149.7238,-1.9799,0.06180,NGP
149.7093,1.5251,0.06850,NGP
149.6828,1.3886,0.10000,NGP
149.6675,-0.7709,0.08630,NGP
149.6573,0.8703,0.03910,NGP
149.6341,0.5911,0.04590,NGP
149.6274,-0.6872,0.08480,NGP
149.6138,-0.8551,0.06210,NGP
149.5929,-2.1367,0.09350,NGP
149.5882,-0.3358,0.13740,NGP
149.5561,-1.8544,0.11460,NGP
149.5444,-0.6943,0.07150,NGP
149.5376,0.2291,0.03540,NGP
149.5169,-2.0738,0.10080,NGP
149.4937,-1.6479,0.04170,NGP
149.4497,-0.4333,0.09010,NGP
149.4477,-0.3030,0.08780,NGP
149.4223,-0.3110,0.08760,NGP
149.3643,1.3408,0.09740,NGP
149.3514,-2.2744,0.09180,NGP
149.3646,1.9890,0.04860,NGP
149.3557,-0.2213,0.08600,NGP
149.3238,-1.7316,0.09400,NGP
149.3198,-1.8053,0.16560,NGP
149.3242,0.9825,0.08690,NGP
149.3066,0.1985,0.06590,NGP
149.2607,-1.2420,0.04280,NGP
149.2511,-0.2901,0.08680,NGP
149.2315,0.5270,0.08220,NGP
149.2076,-1.2029,0.04200,NGP
149.2015,-2.6033,0.09350,NGP
149.1846,0.2420,0.08690,NGP
149.1806,1.3924,0.10890,NGP
149.1758,0.7569,0.12590,NGP
149.1600,-1.8357,0.10280,NGP
149.1623,0.2656,0.08690,NGP
149.1578,-0.4843,0.08860,NGP
149.1559,-0.3153,0.08570,NGP
149.1421,-2.4370,0.17710,NGP
149.1244,-2.5086,0.12720,NGP
149.1190,-1.7677,0.08460,NGP
149.0912,-1.9201,0.16810,NGP
149.0662,-2.3539,0.13110,NGP
149.0172,0.7389,0.16810,NGP
148.9851,-1.8446,0.16670,NGP
148.9902,0.4834,0.09270,NGP
148.9425,1.6221,0.09830,NGP
148.9219,-2.3294,0.12920,NGP
148.9207,-1.8229,0.03840,NGP
148.8418,-0.0725,0.08470,NGP
148.8183,0.8733,0.06420,NGP
148.7572,0.9693,0.06320,NGP
148.7095,0.7217,0.12630,NGP
148.6323,1.0877,0.12510,NGP
148.5983,-2.4651,0.10420,NGP
148.5940,-1.1737,0.13690,NGP
148.5897,0.1531,0.15070,NGP
148.5914,1.6046,0.10250,NGP
148.5513,0.8051,0.02910,NGP
148.4986,1.7134,0.09500,NGP
148.4648,0.4286,0.08780,NGP
148.3947,0.5962,0.09460,NGP
148.3963,1.2275,0.06250,NGP
148.3737,1.4139,0.09570,NGP
148.3482,0.7714,0.09500,NGP
148.2978,1.3807,0.11400,NGP
148.2837,0.0448,0.06250,NGP
148.2372,0.3865,0.13290,NGP
148.1977,1.7857,0.06370,NGP
148.1801,1.1386,0.15360,NGP
148.1455,0.2496,0.08200,NGP
158.1293,1.5956,0.08700,NGP
158.1030,-0.8537,0.08480,NGP
158.0994,-0.2991,0.16130,NGP
158.0989,0.9930,0.09570,NGP
158.0508,-2.0542,0.06570,NGP
158.0245,-0.3405,0.05640,NGP
158.0110,0.8370,0.09930,NGP
158.0073,0.5323,0.07260,NGP
157.9978,-0.7697,0.04670,NGP
157.9989,0.2285,0.02890,NGP
157.9899,-0.0024,0.18460,NGP
157.9780,2.0850,0.12550,NGP
157.9602,1.4332,0.18680,NGP
157.9485,2.2263,0.02030,NGP
157.9302,-2.1406,0.15760,NGP
157.8437,1.8501,0.06430,NGP
157.8175,-1.1400,0.05080,NGP
157.8050,-0.7303,0.11760,NGP
157.8047,0.9206,0.14820,NGP
157.8022,1.8078,0.08900,NGP
157.7541,0.6116,0.04560,NGP
157.7516,0.5750,0.09470,NGP
157.7296,-0.5374,0.08790,NGP
157.7117,-2.7212,0.02970,NGP
157.6907,-2.6394,0.15250,NGP
157.6637,1.9303,0.17020,NGP
157.6642,1.9900,0.05180,NGP
157.6609,1.5736,0.14890,NGP
157.6597,1.4042,0.08860,NGP
157.6331,1.6478,0.09590,NGP
157.5568,-0.1227,0.09350,NGP
157.5535,-0.9459,0.08790,NGP
157.5413,-1.6688,0.03190,NGP
157.5375,0.5782,0.19980,NGP
157.5266,-1.2039,0.16890,NGP
157.4215,1.9201,0.04170,NGP
157.3636,-2.5312,0.05250,NGP
157.3285,-2.3745,0.03090,NGP
157.3363,0.9894,0.08870,NGP
157.3037,-1.0446,0.05210,NGP
157.2999,-0.1705,0.11620,NGP
157.2988,1.3351,0.09000,NGP
157.2416,1.6006,0.06740,NGP
157.2157,-2.0410,0.13540,NGP
157.1912,-0.9176,0.10830,NGP
157.1856,-2.1224,0.13380,NGP
157.1661,-1.1463,0.05160,NGP
157.1639,-0.7764,0.11410,NGP
157.1557,1.3041,0.02200,NGP
157.1385,2.1426,0.11020,NGP
157.1241,-0.3020,0.10330,NGP
157.1025,0.3440,0.07350,NGP
157.0954,-0.6525,0.10300,NGP
157.0635,0.5231,0.09590,NGP
157.0078,-1.7676,0.09880,NGP
156.9874,-2.4869,0.01820,NGP
156.9354,-1.8724,0.09450,NGP
156.9378,0.5306,0.09630,NGP
156.8685,-2.1655,0.03670,NGP
156.8589,0.7440,0.12930,NGP
156.8405,1.2773,0.02300,NGP
156.8300,1.5416,0.14960,NGP
156.7942,-1.8815,0.15820,NGP
156.7884,1.6053,0.15140,NGP
156.7671,-2.5263,0.01880,NGP
156.7782,1.5566,0.14770,NGP
156.7787,2.2051,0.03320,NGP
156.7662,-0.0809,0.10220,NGP
156.7625,2.0522,0.06420,NGP
156.7517,1.7253,0.14970,NGP
156.7258,-2.5107,0.17440,NGP
156.6603,1.2803,0.10130,NGP
156.5637,-0.4566,0.17230,NGP
156.5033,1.6594,0.09870,NGP
156.4825,1.4305,0.09900,NGP
156.4746,0.6350,0.09790,NGP
156.4673,1.3374,0.10320,NGP
156.4511,0.5525,0.09690,NGP
156.4380,1.5696,0.18600,NGP
156.3943,2.0260,0.15670,NGP
156.3907,2.0061,0.16810,NGP
156.3457,-0.4420,0.11090,NGP
156.2961,-2.1165,0.03450,NGP
156.3060,1.2523,0.10320,NGP
156.2897,-0.4320,0.19580,NGP
156.2305,-0.0964,0.09670,NGP
156.1998,0.0762,0.15900,NGP
156.1570,-0.8687,0.03500,NGP
156.1315,-1.0636,0.13250,NGP
156.0813,-2.2290,0.15950,NGP
156.0917,0.9908,0.15930,NGP
156.0403,-2.0571,0.05190,NGP
156.0395,1.2436,0.02190,NGP
156.0205,0.0354,0.13000,NGP
155.9955,1.5199,0.09590,NGP
155.9767,1.6806,0.10060,NGP
155.9622,0.9813,0.09990,NGP
155.9442,0.1811,0.09670,NGP
155.9456,1.5549,0.09860,NGP
155.9313,0.8247,0.07160,NGP
155.9131,0.1725,0.09290,NGP
155.8974,0.1820,0.09370,NGP
155.8845,1.3930,0.10710,NGP
155.8308,-0.4822,0.11290,NGP
155.8229,1.5542,0.10620,NGP
155.7974,0.8275,0.14830,NGP
155.7862,-1.9103,0.13630,NGP
155.7701,0.6521,0.13860,NGP
155.7512,-0.0601,0.06270,NGP
155.7387,1.2173,0.15130,NGP
155.7247,1.5876,0.11790,NGP
155.7157,1.8703,0.09910,NGP
155.6882,0.3861,0.16520,NGP
155.6703,-1.4449,0.19780,NGP
155.6665,-0.4448,0.09840,NGP
155.6633,0.3318,0.10990,NGP
155.6295,0.4121,0.10980,NGP
155.6182,-1.8768,0.13130,NGP
155.6119,1.1493,0.14980,NGP
155.5957,-2.5409,0.06590,NGP
155.6040,1.0137,0.12690,NGP
155.5735,1.9114,0.07340,NGP
155.5712,1.5486,0.06740,NGP
155.5387,0.4621,0.09470,NGP
155.5145,-1.0893,0.08770,NGP
155.5177,0.1225,0.13860,NGP
155.5085,1.6202,0.07290,NGP
155.5010,1.7091,0.07160,NGP
155.4649,0.4100,0.02140,NGP
155.4163,-2.5994,0.06180,NGP
155.4265,1.9132,0.07340,NGP
155.4116,0.1339,0.07840,NGP
155.3980,1.3392,0.09810,NGP
155.3851,-1.1701,0.12600,NGP
155.3864,1.1891,0.09410,NGP
155.3456,-2.2564,0.06040,NGP
155.3302,-0.7325,0.09130,NGP
155.3295,1.1462,0.11280,NGP
155.3256,1.1908,0.07030,NGP
155.3053,1.7384,0.11810,NGP
155.2865,-1.9844,0.10880,NGP
155.2438,1.7687,0.14080,NGP
155.1900,-1.8026,0.10060,NGP
155.1629,-1.6896,0.19770,NGP
155.1597,-2.4451,0.05580,NGP
155.1608,0.6249,0.09610,NGP
155.1544,2.0574,0.05350,NGP
155.1353,-2.4566,0.05780,NGP
155.1344,1.6082,0.04620,NGP
155.1118,1.5467,0.07200,NGP
155.0794,0.5231,0.05930,NGP
155.0761,1.4530,0.11480,NGP
155.0748,1.5474,0.04550,NGP
155.0645,1.9369,0.11480,NGP
155.0454,-1.7251,0.05150,NGP
155.0367,-2.6966,0.06420,NGP
155.0371,-2.6084,0.06070,NGP
155.0391,1.4823,0.08000,NGP
155.0291,1.4851,0.07970,NGP
154.9976,0.3212,0.09690,NGP
154.9514,-1.7317,0.05090,NGP
154.9539,1.4389,0.09880,NGP
154.9137,0.2046,0.07290,NGP
154.8956,-2.4895,0.06110,NGP
154.8320,-0.6092,0.06090,NGP
154.8073,-2.1761,0.09730,NGP
154.7665,-1.5579,0.04490,NGP
154.7504,0.2536,0.14760,NGP
154.7176,-0.6191,0.09440,NGP
154.7162,1.3634,0.07560,NGP
154.7064,1.6904,0.04610,NGP
154.6880,0.3906,0.06230,NGP
154.6604,-1.7824,0.15790,NGP
154.6182,-0.0709,0.06600,NGP
154.6035,1.8994,0.07200,NGP
154.5740,-2.5660,0.04540,NGP
154.5435,-2.5913,0.04750,NGP
154.5507,0.1192,0.07030,NGP
154.5511,0.2210,0.09390,NGP
154.5384,-2.5382,0.04660,NGP
154.5517,1.8228,0.10730,NGP
154.5105,1.5620,0.04580,NGP
154.4553,-0.3130,0.01810,NGP
154.4471,-2.0015,0.04660,NGP
154.4347,0.2950,0.09490,NGP
154.4374,2.1226,0.04730,NGP
154.4274,1.9276,0.12600,NGP
154.4058,-2.4096,0.04950,NGP
154.4147,0.0344,0.07010,NGP
154.3632,-1.5437,0.06240,NGP
154.3314,0.1881,0.09410,NGP
154.2880,-1.7940,0.04550,NGP
154.2726,1.9674,0.05330,NGP
154.2682,2.0788,0.06050,NGP
154.2591,-0.8911,0.06350,NGP
154.2565,0.1036,0.06220,NGP
154.2296,-2.4947,0.03010,NGP
154.2250,-0.9329,0.06320,NGP
154.2189,-0.7754,0.06990,NGP
154.1207,-0.6971,0.07100,NGP
154.1102,1.8939,0.14610,NGP
154.1000,-0.1060,0.09410,NGP
154.0517,1.9395,0.07090,NGP
154.0004,-1.7059,0.07590,NGP
153.9659,-0.0425,0.14540,NGP
153.9591,1.2650,0.10710,NGP
153.8986,-0.2701,0.06340,NGP
153.8999,0.0130,0.08400,NGP
153.8749,0.5103,0.07050,NGP
153.8120,-2.4079,0.04390,NGP
153.8175,0.6683,0.07150,NGP
153.6829,-1.7702,0.19860,NGP
153.6285,-1.8168,0.05760,NGP
153.6137,-1.0309,0.09890,NGP
153.5825,1.9434,0.12270,NGP
153.5241,-0.1275,0.04670,NGP
153.5251,1.3138,0.12140,NGP
153.5077,0.3618,0.08420,NGP
153.4970,-0.2622,0.09860,NGP
153.4951,0.5677,0.09530,NGP
153.4858,-1.1168,0.04480,NGP
153.4304,1.1278,0.09450,NGP
153.3691,-1.4500,0.04650,NGP
153.3349,-1.6064,0.09120,NGP
153.3350,-0.0010,0.09230,NGP
153.3240,-0.7357,0.19710,NGP
153.3231,-0.5110,0.12270,NGP
153.3012,-1.3861,0.04510,NGP
153.2987,0.4451,0.11860,NGP
153.2845,0.6604,0.13780,NGP
153.2869,1.8049,0.11900,NGP
153.2715,-0.1918,0.04440,NGP
153.2545,1.7680,0.11900,NGP
153.2481,-0.0716,0.06280,NGP
153.2394,-1.3179,0.08160,NGP
153.2342,-1.3268,0.09560,NGP
153.2396,0.3266,0.12320,NGP
153.2265,1.7619,0.12850,NGP
153.2075,1.1098,0.09490,NGP
163.1317,0.1038,0.16660,NGP
163.1166,-2.2101,0.02640,NGP
163.1076,-2.1991,0.03690,NGP
163.0622,-1.8193,0.02600,NGP
163.0338,0.3209,0.10750,NGP
162.9771,0.2759,0.16600,NGP
162.9790,1.6410,0.15450,NGP
162.9669,1.2612,0.06760,NGP
162.9640,0.0650,0.18190,NGP
162.9410,-1.8235,0.05290,NGP
162.9099,-1.1263,0.03810,NGP
162.8854,-0.2800,0.05640,NGP
162.8812,0.1624,0.15020,NGP
162.8445,0.2625,0.04000,NGP
162.8369,0.6598,0.03910,NGP
162.7774,0.9073,0.12550,NGP
162.7754,2.1108,0.15740,NGP
162.7715,1.5104,0.09720,NGP
162.7419,-1.4850,0.07230,NGP
162.7080,-0.6948,0.15350,NGP
162.7040,-1.5396,0.04110,NGP
162.6981,0.4824,0.03810,NGP
162.6887,1.3075,0.12420,NGP
162.6160,1.9859,0.15490,NGP
162.5895,0.7093,0.05030,NGP
162.5710,-0.6866,0.15430,NGP
162.5444,-0.3347,0.09430,NGP
162.4838,-1.8811,0.03730,NGP
162.4772,0.1589,0.03880,NGP
162.4215,0.3631,0.03870,NGP
162.4112,-0.7299,0.03980,NGP
162.3475,0.3271,0.04120,NGP
162.3377,-0.0822,0.07560,NGP
162.3329,-2.0834,0.10580,NGP
162.3306,-2.5268,0.10850,NGP
162.3102,1.9225,0.11800,NGP
162.2667,-2.6757,0.09890,NGP
162.2548,0.0353,0.12790,NGP
162.2391,2.1878,0.16860,NGP
162.2145,-0.4793,0.06740,NGP
162.1921,0.1598,0.10640,NGP
162.1250,-1.7708,0.05300,NGP
162.1089,-1.7571,0.09550,NGP
162.1060,1.8425,0.09270,NGP
162.0887,1.4335,0.06700,NGP
162.0726,1.0465,0.09860,NGP
162.0476,0.6297,0.16040,NGP
162.0155,-1.8551,0.03730,NGP
162.0060,0.2708,0.10250,NGP
162.0043,0.0184,0.13440,NGP
161.9578,2.1858,0.06170,NGP
161.9179,-1.3727,0.05620,NGP
161.8670,-2.3202,0.09780,NGP
161.8486,-1.5485,0.03840,NGP
161.8510,0.8373,0.05170,NGP
161.8448,1.7579,0.11890,NGP
161.7649,-1.3956,0.15990,NGP
161.7547,-1.3001,0.13590,NGP
161.7387,0.8927,0.15100,NGP
161.7241,0.4608,0.09480,NGP
161.7229,0.5563,0.07700,NGP
161.7064,0.1821,0.13820,NGP
161.6591,-2.6721,0.03770,NGP
161.6521,1.4656,0.10750,NGP
161.6379,-2.2872,0.16690,NGP
161.6405,1.4989,0.10490,NGP
161.6378,1.0055,0.07510,NGP
161.6195,-1.5003,0.15970,NGP
161.5986,1.2528,0.19060,NGP
161.5884,0.8181,0.10660,NGP
161.5851,1.2180,0.09000,NGP
161.5646,-1.7205,0.05310,NGP
161.5527,1.4154,0.10450,NGP
161.5517,1.2084,0.10420,NGP
161.5341,-0.6144,0.19390,NGP
161.5321,1.7359,0.11920,NGP
161.5240,-1.4694,0.08730,NGP
161.5248,1.6967,0.09330,NGP
161.4753,1.7866,0.10550,NGP
161.4651,1.4311,0.10540,NGP
161.4489,0.7544,0.06660,NGP
161.4327,1.4531,0.10680,NGP
161.4014,-2.4262,0.10800,NGP
161.3888,0.6060,0.07400,NGP
161.3715,-1.3773,0.03710,NGP
161.3620,-1.1976,0.08620,NGP
161.3595,2.1694,0.13660,NGP
161.3592,1.8445,0.10550,NGP
161.3307,-0.1293,0.12730,NGP
161.3125,-1.9771,0.13260,NGP
161.3084,0.0856,0.03870,NGP
161.2970,0.9557,0.15250,NGP
161.2131,0.3787,0.10160,NGP
161.2034,-1.7594,0.09660,NGP
161.2020,1.4865,0.11810,NGP
161.1912,0.1696,0.09450,NGP
161.1623,-2.4231,0.10780,NGP
161.1391,-1.6141,0.03820,NGP
161.1418,0.9754,0.15070,NGP
161.1385,0.1962,0.07870,NGP
161.1206,-1.6160,0.03790,NGP
161.1038,-2.6849,0.09110,NGP
161.0694,0.0272,0.06690,NGP
161.0621,-0.5874,0.06030,NGP
161.0605,1.3921,0.10690,NGP
161.0437,1.3280,0.14190,NGP
161.0130,-2.7496,0.06100,NGP
160.9818,-2.0812,0.14080,NGP
160.9825,0.4749,0.10000,NGP
160.9805,0.4082,0.10000,NGP
160.9711,-0.7629,0.13080,NGP
160.9577,0.5038,0.12480,NGP
160.9517,-0.2171,0.06120,NGP
160.9492,1.3134,0.09730,NGP
160.9245,0.7556,0.11660,NGP
160.9153,-1.9724,0.05320,NGP
160.9177,2.1597,0.10760,NGP
160.9027,-1.6074,0.09390,NGP
160.8916,-0.3543,0.07420,NGP
160.8865,-1.4946,0.14830,NGP
160.8682,0.6041,0.08120,NGP
160.8178,1.2103,0.07160,NGP
160.7920,-0.5245,0.11480,NGP
160.7500,-0.8818,0.03900,NGP
160.7309,-0.1405,0.00790,NGP
160.7230,-1.9090,0.04740,NGP
160.7156,-0.9064,0.14820,NGP
160.7130,-1.9796,0.14700,NGP
160.7127,0.9561,0.11880,NGP
160.6796,-1.4157,0.09460,NGP
160.6819,0.9557,0.14420,NGP
160.6763,1.0945,0.09890,NGP
160.6679,-1.6894,0.09670,NGP
160.6545,-2.2718,0.07930,NGP
160.6345,-0.6997,0.04970,NGP
160.6115,-0.2659,0.13640,NGP
160.6041,-1.4429,0.09830,NGP
160.6079,1.2217,0.06390,NGP
160.6023,-0.7271,0.13480,NGP
160.5881,-2.2107,0.13430,NGP
160.5838,-1.8326,0.11300,NGP
160.5792,-1.9532,0.14130,NGP
160.5839,1.7486,0.10810,NGP
160.5754,0.3980,0.12410,NGP
160.5660,1.4604,0.10860,NGP
160.5606,-0.3311,0.11410,NGP
160.5542,1.1936,0.06690,NGP
160.5040,1.5593,0.10430,NGP
160.4969,0.4507,0.06230,NGP
160.4987,1.3764,0.07330,NGP
160.4820,-1.6456,0.19230,NGP
160.4842,1.3932,0.07240,NGP
160.4727,0.7939,0.01870,NGP
160.4502,1.3432,0.07310,NGP
160.4435,-0.6014,0.03640,NGP
160.4287,1.8944,0.10710,NGP
160.4242,0.1794,0.11420,NGP
160.4257,2.1640,0.12550,NGP
160.4109,-2.4224,0.09340,NGP
160.4065,1.4178,0.07310,NGP
160.3763,-1.1764,0.13290,NGP
160.3450,1.2067,0.10080,NGP
160.3245,-1.2881,0.13490,NGP
160.2795,-1.1796,0.13580,NGP
160.2751,-2.2712,0.08000,NGP
160.2738,-0.6047,0.13770,NGP
160.2298,-0.7305,0.13470,NGP
160.2239,1.4406,0.10050,NGP
160.2172,-2.7011,0.08890,NGP
160.2126,0.8047,0.06000,NGP
160.2085,1.8790,0.10930,NGP
160.1842,0.8436,0.06650,NGP
160.1723,-2.1455,0.17270,NGP
160.1602,-2.2687,0.13120,NGP
160.1450,2.2099,0.05580,NGP
160.1358,1.2332,0.12090,NGP
160.1121,-2.4351,0.03800,NGP
160.1033,0.9317,0.14420,NGP
160.0935,-1.0628,0.08020,NGP
160.0853,0.7945,0.13240,NGP
160.0657,-0.2049,0.11400,NGP
160.0587,1.0572,0.09340,NGP
160.0350,-0.6002,0.07450,NGP
160.0360,0.5137,0.06490,NGP
160.0350,1.2344,0.13000,NGP
160.0260,-2.3210,0.13410,NGP
160.0003,1.5403,0.15200,NGP
159.9560,1.5166,0.13360,NGP
159.9480,0.4851,0.09710,NGP
159.9466,0.7171,0.08010,NGP
159.9181,1.1068,0.18570,NGP
159.9105,0.3180,0.06430,NGP
159.9071,0.5281,0.07990,NGP
159.8640,-2.2807,0.16080,NGP
159.8666,0.8526,0.13130,NGP
159.8427,-2.0314,0.12430,NGP
159.8496,1.0868,0.11200,NGP
159.8423,-1.2912,0.12950,NGP
159.8431,1.3526,0.13080,NGP
159.8190,2.1708,0.05800,NGP
159.8065,0.7027,0.10810,NGP
159.7931,1.2992,0.12920,NGP
159.7937,1.2919,0.10690,NGP
159.7646,-2.3470,0.02110,NGP
159.7283,0.4854,0.18790,NGP
159.7282,1.3621,0.13350,NGP
159.7148,1.3042,0.13270,NGP
159.7078,1.9218,0.07240,NGP
159.6776,1.4455,0.10710,NGP
159.6061,-0.0177,0.01900,NGP
159.5689,-1.3979,0.15030,NGP
159.5700,2.1300,0.13190,NGP
159.5372,2.1246,0.13120,NGP
159.5091,0.5266,0.02210,NGP
159.4241,0.4195,0.09490,NGP
159.3930,-0.2204,0.09470,NGP
159.3852,-2.4383,0.13520,NGP
159.3577,-1.2839,0.06460,NGP
159.3602,0.4888,0.05820,NGP
159.3487,-0.6893,0.09490,NGP
159.3249,1.1619,0.03540,NGP
159.3158,2.1403,0.07190,NGP
159.2756,0.4911,0.04940,NGP
159.2749,1.3424,0.11490,NGP
159.2645,-1.6755,0.14820,NGP
159.2657,0.9335,0.11570,NGP
159.2118,2.0704,0.09460,NGP
159.2043,-0.2576,0.09570,NGP
159.1499,1.1450,0.11930,NGP
159.1280,1.5795,0.11600,NGP
159.1176,0.1383,0.02930,NGP
159.1109,-1.1846,0.15000,NGP
159.0625,-2.3285,0.05550,NGP
158.9231,0.5835,0.10850,NGP
158.9093,0.0809,0.09590,NGP
158.9072,-0.2516,0.08480,NGP
158.8696,0.9753,0.12590,NGP
158.8687,0.4877,0.06510,NGP
158.8670,1.4711,0.12230,NGP
158.8593,1.5010,0.11550,NGP
158.8465,-1.6198,0.02370,NGP
158.7947,0.9561,0.16700,NGP
158.7201,-0.3042,0.18660,NGP
158.7080,-1.4848,0.13810,NGP
158.6700,0.2451,0.15210,NGP
158.6168,1.6276,0.07110,NGP
158.5921,-0.4103,0.18500,NGP
158.5913,0.1556,0.18910,NGP
158.5869,-0.6709,0.05850,NGP
158.5623,2.0850,0.06610,NGP
158.5466,-0.4613,0.11510,NGP
158.5317,0.3812,0.03220,NGP
158.5245,-1.2860,0.06490,NGP
158.5003,0.4438,0.15070,NGP
158.4533,-0.8376,0.15310,NGP
158.4330,-1.4452,0.03900,NGP
158.3897,-1.7516,0.03400,NGP
158.3915,1.0116,0.16050,NGP
158.3880,1.1099,0.06550,NGP
158.3732,-0.3265,0.11600,NGP
158.3603,1.8395,0.02910,NGP
158.3470,0.1579,0.09630,NGP
158.3210,2.1574,0.18260,NGP
158.3124,1.8495,0.10150,NGP
158.3117,1.9376,0.11740,NGP
158.2975,1.2110,0.17980,NGP
158.2368,-0.1490,0.09460,NGP
158.2078,1.7338,0.10250,NGP
158.1727,-2.5552,0.15770,NGP
158.1477,-2.7067,0.06460,NGP
158.1450,-2.4556,0.16050,NGP
168.1250,0.6411,0.19350,NGP
168.1061,1.6688,0.09460,NGP
168.1112,1.1994,0.09070,NGP
168.0977,2.1862,0.13060,NGP
168.0540,1.3945,0.04390,NGP
168.0511,1.3749,0.11070,NGP
167.9167,1.3405,0.12820,NGP
167.8451,1.5326,0.08990,NGP
167.8504,1.0511,0.09760,NGP
167.8343,0.8483,0.18490,NGP
167.8381,0.7506,0.12590,NGP
167.8285,0.8187,0.18600,NGP
167.6352,1.7845,0.10050,NGP
167.6145,2.1142,0.15730,NGP
167.5692,2.0532,0.13170,NGP
167.5538,1.2212,0.12660,NGP
167.5187,1.7326,0.10000,NGP
167.4771,2.0641,0.13200,NGP
167.4732,1.8935,0.14990,NGP
167.3968,2.1942,0.15780,NGP
167.2941,2.1147,0.13320,NGP
167.2166,1.9848,0.15770,NGP
167.1873,1.1170,0.19810,NGP
167.1945,0.5182,0.12220,NGP
167.1752,1.9650,0.14700,NGP
167.1480,2.1249,0.17900,NGP
167.1061,1.9483,0.10590,NGP
167.0774,1.9374,0.11190,NGP
166.9718,0.5093,0.19780,NGP
166.9489,1.5970,0.06090,NGP
166.9387,1.3017,0.12940,NGP
166.8910,0.9018,0.12560,NGP
166.8720,1.3883,0.09710,NGP
166.6511,1.9988,0.19290,NGP
166.6487,1.9655,0.09660,NGP
166.6584,1.2686,0.14260,NGP
166.6343,1.9032,0.19160,NGP
166.6318,1.3419,0.09120,NGP
166.6080,2.0253,0.10370,NGP
166.6110,1.7681,0.10470,NGP
166.6038,1.5881,0.06750,NGP
166.5705,1.1841,0.09640,NGP
166.5552,2.0783,0.10940,NGP
166.5071,2.1564,0.10640,NGP
166.4327,1.2241,0.15230,NGP
166.2114,0.6074,0.07360,NGP
166.1762,0.6344,0.11890,NGP
166.1560,1.9508,0.09460,NGP
166.1043,1.1189,0.07010,NGP
166.0445,0.9444,0.12860,NGP
165.9657,1.3618,0.14220,NGP
165.6643,1.2663,0.10240,NGP
165.4408,0.8326,0.13720,NGP
165.2831,1.2417,0.13760,NGP
165.2114,0.9284,0.10730,NGP
165.0812,0.5046,0.10250,NGP
165.0253,0.7985,0.11960,NGP
164.9939,1.2848,0.06550,NGP
164.9635,0.5888,0.10300,NGP
164.8777,1.0416,0.12380,NGP
164.8350,1.5992,0.03900,NGP
164.8059,1.4782,0.04140,NGP
164.7930,1.1700,0.04040,NGP
164.7406,1.2769,0.04260,NGP
164.6541,1.4214,0.03840,NGP
164.5882,1.5346,0.04230,NGP
164.4910,1.6558,0.04070,NGP
164.4292,1.1071,0.10280,NGP
164.3375,1.9366,0.11420,NGP
164.2636,1.3392,0.07770,NGP
164.2350,1.0564,0.15370,NGP
164.1959,1.5537,0.08260,NGP
164.0907,0.8774,0.08540,NGP
163.9088,0.9197,0.08910,NGP
163.8847,0.5359,0.12550,NGP
163.8537,1.9026,0.10230,NGP
163.8018,0.9083,0.17030,NGP
163.7701,1.2204,0.11420,NGP
163.7253,1.6694,0.03920,NGP
163.5337,1.5652,0.12280,NGP
163.5168,0.8379,0.10550,NGP
163.2745,2.0990,0.06830,NGP
163.2701,2.0553,0.06820,NGP
168.1305,-0.6869,0.04040,NGP
168.1354,-0.8994,0.06970,NGP
168.0921,0.3122,0.05530,NGP
168.0982,0.1572,0.04860,NGP
168.1018,-0.8735,0.06730,NGP
168.0635,-0.2579,0.12300,NGP
168.0527,-0.6081,0.12190,NGP
167.9087,-1.0307,0.18720,NGP
167.8022,0.2782,0.11940,NGP
167.8053,-0.8189,0.06630,NGP
167.7482,-0.5777,0.10160,NGP
167.7392,-0.8255,0.11050,NGP
167.6665,-0.3058,0.03950,NGP
167.6012,-0.1897,0.11610,NGP
167.6095,-1.1861,0.10870,NGP
167.5544,0.2101,0.18500,NGP
167.5542,-1.2622,0.07130,NGP
167.4940,0.1812,0.01930,NGP
167.4950,-0.2047,0.11430,NGP
167.4877,-0.9951,0.11690,NGP
167.4196,-1.1328,0.11680,NGP
167.4143,0.2862,0.12410,NGP
167.2760,0.1633,0.13510,NGP
167.2390,-0.3549,0.11210,NGP
167.0580,0.0639,0.08150,NGP
166.9931,-0.6438,0.07280,NGP
166.9339,0.0244,0.06710,NGP
166.9142,0.4767,0.18300,NGP
166.9108,0.3297,0.12040,NGP
166.8326,-1.2977,0.11310,NGP
166.8040,-0.6794,0.08780,NGP
166.7875,-1.3278,0.09590,NGP
166.7610,-1.3881,0.08970,NGP
166.7196,-1.2905,0.12090,NGP
166.7071,-1.2566,0.10210,NGP
166.6482,-0.1160,0.04850,NGP
166.6458,-0.9684,0.08720,NGP
166.6450,-1.1956,0.08680,NGP
166.4945,-1.3565,0.10230,NGP
166.4444,-0.1372,0.03120,NGP
166.2857,0.1076,0.07570,NGP
166.2596,-0.9114,0.07370,NGP
166.2120,-0.6827,0.08380,NGP
166.1305,-0.4687,0.04380,NGP
166.1117,-0.5367,0.06550,NGP
166.0130,-0.1573,0.08600,NGP
166.0038,0.1820,0.04990,NGP
165.9792,-0.7137,0.04540,NGP
165.9763,-1.3829,0.18150,NGP
165.9557,-0.2103,0.02110,NGP
165.9316,-0.2399,0.08370,NGP
165.9229,-0.4422,0.10050,NGP
165.9095,-0.3436,0.08460,NGP
165.8807,-0.1773,0.07450,NGP
165.8133,-1.2876,0.10220,NGP
165.7730,-0.5006,0.15720,NGP
165.7447,-0.0729,0.15550,NGP
165.6782,-0.2093,0.11360,NGP
165.6704,-0.6190,0.14280,NGP
165.6706,-1.0796,0.15650,NGP
165.6750,-1.1324,0.10290,NGP
165.6147,-0.0803,0.07000,NGP
165.5784,-0.2347,0.10190,NGP
165.4917,-0.5268,0.08240,NGP
165.4558,0.0863,0.14500,NGP
165.3149,-1.2439,0.06930,NGP
165.2526,-0.6079,0.18570,NGP
165.2095,-0.5046,0.15080,NGP
165.2041,-1.1791,0.07390,NGP
165.1505,-0.7324,0.15840,NGP
165.1130,-0.5844,0.18050,NGP
164.9593,-0.7443,0.18730,NGP
164.9168,-0.5953,0.09630,NGP
164.8703,-1.0276,0.18590,NGP
164.7078,-0.1719,0.11390,NGP
164.6286,-1.3806,0.08470,NGP
164.5629,-1.3271,0.08540,NGP
164.5137,0.3967,0.07710,NGP
164.3880,-1.2950,0.11170,NGP
164.2950,-0.1442,0.08300,NGP
164.2192,0.0271,0.05490,NGP
164.0261,-0.9308,0.07390,NGP
163.9873,-0.6542,0.05200,NGP
163.9677,0.3943,0.19030,NGP
163.8253,0.4443,0.14770,NGP
163.4961,-0.4761,0.07220,NGP
163.4741,-0.8179,0.10800,NGP
163.4511,-0.6111,0.15440,NGP
163.4184,0.1509,0.10820,NGP
163.3680,0.2622,0.08300,NGP
163.2857,-0.1687,0.13590,NGP
163.2550,-1.0255,0.12580,NGP
163.1478,-1.0392,0.04940,NGP
168.1387,-1.9962,0.18520,NGP
168.0456,-1.6048,0.19530,NGP
168.0452,-2.6324,0.11540,NGP
168.0175,-1.9844,0.11120,NGP
167.9745,-1.5582,0.19090,NGP
167.8390,-2.0295,0.18630,NGP
167.8219,-1.9187,0.13730,NGP
167.7846,-1.8587,0.13750,NGP
167.6096,-2.2856,0.11560,NGP
167.3967,-2.5999,0.03160,NGP
167.2642,-2.2863,0.03960,NGP
167.1140,-2.1374,0.07490,NGP
167.0363,-1.8652,0.06610,NGP
166.9623,-2.1155,0.13730,NGP
166.8614,-1.5881,0.08580,NGP
166.7218,-1.4729,0.12580,NGP
166.6770,-1.5371,0.03880,NGP
166.6880,-2.6436,0.09190,NGP
166.6588,-2.6624,0.09140,NGP
166.6485,-2.6067,0.09000,NGP
166.6236,-2.6622,0.15160,NGP
166.6162,-1.9371,0.15980,NGP
166.5670,-2.0548,0.03970,NGP
166.4560,-2.0865,0.07040,NGP
166.3223,-1.5604,0.10130,NGP
166.3275,-1.6250,0.09380,NGP
166.2632,-1.8561,0.10110,NGP
166.1942,-1.4473,0.08400,NGP
166.0450,-1.6008,0.15670,NGP
165.9970,-2.3969,0.07500,NGP
165.6154,-2.0724,0.12090,NGP
165.4701,-2.2996,0.03700,NGP
165.4098,-1.9059,0.08560,NGP
165.4045,-2.0489,0.05390,NGP
165.3585,-2.2147,0.03620,NGP
165.1486,-1.9280,0.16310,NGP
164.9304,-1.7898,0.13440,NGP
164.7333,-1.5611,0.13460,NGP
164.7088,-2.6997,0.05260,NGP
164.5642,-2.3261,0.13310,NGP
164.5130,-1.9212,0.08310,NGP
164.3427,-2.3069,0.03890,NGP
164.3192,-1.7050,0.18700,NGP
164.2768,-2.2169,0.18630,NGP
164.2238,-1.9888,0.10320,NGP
164.1777,-2.2251,0.18500,NGP
164.1722,-2.5816,0.03630,NGP
164.1348,-2.2912,0.07460,NGP
163.9712,-1.6488,0.10590,NGP
163.9467,-1.9470,0.13380,NGP
163.8293,-2.0161,0.05140,NGP
163.7505,-1.9590,0.10390,NGP
163.4919,-1.5191,0.10590,NGP
163.4353,-2.4947,0.03670,NGP
163.4119,-1.8463,0.03840,NGP
163.2240,-1.8876,0.02590,NGP
173.1323,-0.4370,0.11770,NGP
173.1201,1.2714,0.07390,NGP
173.0793,1.7964,0.04720,NGP
173.0642,1.1836,0.08100,NGP
173.0457,1.2418,0.12510,NGP
172.9660,-1.2486,0.11540,NGP
172.9228,-1.3940,0.04720,NGP
172.9085,0.2686,0.13050,NGP
172.8878,0.7862,0.13330,NGP
172.8789,0.9296,0.13350,NGP
172.8737,1.5449,0.12730,NGP
172.8686,1.7026,0.14100,NGP
172.8537,-0.0536,0.13190,NGP
172.8306,1.3078,0.07500,NGP
172.8241,1.8323,0.09810,NGP
172.7798,0.4390,0.07070,NGP
172.7793,1.2846,0.12530,NGP
172.7477,1.7238,0.12630,NGP
172.7303,-2.0979,0.18000,NGP
172.7225,-2.1599,0.14660,NGP
172.7258,0.8918,0.12490,NGP
172.7166,-1.0736,0.04860,NGP
172.7136,-1.1077,0.04790,NGP
172.7131,0.1933,0.13080,NGP
172.7132,0.5227,0.11820,NGP
172.6943,-1.8263,0.13650,NGP
172.6805,-0.1763,0.13200,NGP
172.6655,-0.8288,0.10510,NGP
172.6610,0.8665,0.13410,NGP
172.6580,0.8928,0.13430,NGP
172.6500,1.4359,0.12510,NGP
172.6363,2.0739,0.06140,NGP
172.6258,-1.0856,0.04810,NGP
172.6202,0.8014,0.06770,NGP
172.5983,-2.1052,0.14060,NGP
172.5542,1.4435,0.07470,NGP
172.5449,0.5420,0.12780,NGP
172.5415,1.4663,0.13360,NGP
172.5137,2.0008,0.05010,NGP
172.4545,-0.0273,0.06840,NGP
172.4402,1.8072,0.11140,NGP
172.4057,1.8491,0.09760,NGP
172.3495,-2.5142,0.09840,NGP
172.3400,-0.9139,0.09850,NGP
172.3454,2.1484,0.12630,NGP
172.2996,0.6360,0.10200,NGP
172.2835,0.6102,0.12540,NGP
172.2818,2.0153,0.04650,NGP
172.2662,1.3113,0.17380,NGP
172.2461,-2.4176,0.09850,NGP
172.2490,2.0651,0.17200,NGP
172.2295,-2.6858,0.14040,NGP
172.2245,1.7174,0.09790,NGP
172.2144,0.9185,0.07240,NGP
172.2102,1.9272,0.11730,NGP
172.2035,0.0058,0.13100,NGP
172.2012,2.1450,0.12680,NGP
172.1915,0.3683,0.14110,NGP
172.1362,0.2017,0.15630,NGP
172.1240,-2.4109,0.10020,NGP
172.1163,-1.3253,0.04040,NGP
172.0824,-2.6379,0.09910,NGP
172.0775,2.1769,0.07170,NGP
172.0452,-0.4931,0.10510,NGP
172.0332,-1.1788,0.07430,NGP
172.0247,0.1321,0.05000,NGP
171.9865,-0.3746,0.04880,NGP
171.9584,2.1508,0.05040,NGP
171.9413,-0.1047,0.05010,NGP
171.9392,-0.1214,0.06170,NGP
171.9315,2.0503,0.12730,NGP
171.9100,-2.5323,0.14520,NGP
171.8603,-0.3099,0.06050,NGP
171.8354,0.9211,0.17530,NGP
171.7950,1.2987,0.12820,NGP
171.7875,1.4199,0.17430,NGP
171.7542,1.3568,0.07220,NGP
171.7395,0.8853,0.13160,NGP
171.7334,-1.3212,0.04190,NGP
171.7072,0.6699,0.17660,NGP
171.6815,-1.3260,0.10590,NGP
171.6640,-1.4632,0.07400,NGP
171.6609,-2.1087,0.12090,NGP
171.6672,1.1351,0.13760,NGP
171.6493,0.3111,0.18110,NGP
171.6391,0.9057,0.12940,NGP
171.6005,-2.3482,0.09690,NGP
171.5260,1.9585,0.17090,NGP
171.4926,-0.0944,0.10230,NGP
171.4941,0.8214,0.04910,NGP
171.4752,-0.3736,0.14950,NGP
171.4693,0.2353,0.12380,NGP
171.4670,-0.9228,0.04100,NGP
171.4655,2.0621,0.12680,NGP
171.4091,2.1321,0.11950,NGP
171.4047,1.6147,0.07460,NGP
171.4012,2.0606,0.10180,NGP
171.3904,0.9466,0.15520,NGP
171.3814,-2.2245,0.04440,NGP
171.3539,-2.5366,0.07380,NGP
171.3292,1.6796,0.12960,NGP
171.2865,0.9954,0.02990,NGP
171.2565,1.5474,0.12530,NGP
171.2527,0.5245,0.09910,NGP
171.2459,0.8645,0.03990,NGP
171.1467,1.6917,0.18640,NGP
171.0720,-0.3072,0.17480,NGP
171.0389,0.0191,0.14370,NGP
171.0165,-0.5742,0.04100,NGP
170.9982,-1.5186,0.12060,NGP
170.9923,-1.1444,0.07800,NGP
170.9343,1.2001,0.07810,NGP
170.9329,1.2099,0.07220,NGP
170.9305,1.2610,0.07810,NGP
170.8883,-1.9321,0.11720,NGP
170.8889,1.9992,0.07380,NGP
170.8647,0.9356,0.09780,NGP
170.8565,-1.9454,0.14360,NGP
170.8212,1.1164,0.07340,NGP
170.8003,1.0926,0.07060,NGP
170.7314,0.1633,0.06870,NGP
170.7259,-1.9509,0.11410,NGP
170.7156,1.1987,0.10330,NGP
170.7054,-2.6710,0.16440,NGP
170.6928,0.8207,0.07120,NGP
170.6830,0.9438,0.07680,NGP
170.6496,1.5590,0.06810,NGP
170.6184,1.2547,0.15350,NGP
170.6103,0.7733,0.14200,NGP
170.6103,0.4246,0.02340,NGP
170.5822,1.1702,0.06900,NGP
170.5792,0.5847,0.10490,NGP
170.5609,-1.5282,0.09810,NGP
170.5580,1.7838,0.12640,NGP
170.5330,0.5864,0.09910,NGP
170.5283,-0.3944,0.11490,NGP
170.5102,-0.0309,0.19720,NGP
170.4817,0.5657,0.07040,NGP
170.4439,-2.6639,0.07310,NGP
170.4339,0.3257,0.10440,NGP
170.4090,-2.5243,0.10800,NGP
170.3734,1.3879,0.14290,NGP
170.3369,1.0407,0.07390,NGP
170.3168,1.7844,0.02410,NGP
170.3084,-1.3543,0.10450,NGP
170.2821,-2.4406,0.12650,NGP
170.2799,0.7107,0.09260,NGP
170.2339,-2.4470,0.13450,NGP
170.2356,0.1086,0.09650,NGP
170.2139,-0.1857,0.10180,NGP
170.1750,2.1610,0.17490,NGP
170.1635,0.1929,0.09980,NGP
170.1461,-1.4351,0.10360,NGP
170.1132,-0.3165,0.10190,NGP
170.0747,-1.4144,0.07640,NGP
170.0575,0.6892,0.07350,NGP
170.0370,0.2234,0.07250,NGP
169.9978,-1.1582,0.07730,NGP
169.9843,-1.4804,0.02490,NGP
169.9660,0.0878,0.10300,NGP
169.9353,-1.0363,0.07330,NGP
169.9180,2.1458,0.12030,NGP
169.8722,1.1879,0.18540,NGP
169.8622,2.1826,0.08330,NGP
169.8542,-0.9086,0.05020,NGP
169.8364,1.4262,0.08520,NGP
169.8055,0.7638,0.06340,NGP
169.7890,-1.5023,0.11170,NGP
169.7875,-1.0877,0.10530,NGP
169.7899,0.4726,0.19440,NGP
169.7892,0.9543,0.12050,NGP
169.7888,1.0753,0.14390,NGP
169.7815,0.5367,0.17100,NGP
169.7825,1.3626,0.10670,NGP
169.7580,-0.9793,0.04720,NGP
169.7409,1.3014,0.14990,NGP
169.7158,2.2077,0.03030,NGP
169.7091,1.5504,0.08200,NGP
169.6823,-0.7904,0.05880,NGP
169.6783,-2.1378,0.02650,NGP
169.6807,0.1325,0.09980,NGP
169.6745,1.8103,0.13100,NGP
169.6674,1.1434,0.08230,NGP
169.6404,2.1931,0.12380,NGP
169.6175,-2.2308,0.14340,NGP
169.6187,1.6639,0.02300,NGP
169.6056,-1.4330,0.07300,NGP
169.5989,1.3427,0.12590,NGP
169.5375,-1.3623,0.13130,NGP
169.5400,0.2423,0.10810,NGP
169.5266,-1.1171,0.06460,NGP
169.5110,1.1618,0.12360,NGP
169.5031,0.0924,0.10350,NGP
169.4889,-1.0031,0.07430,NGP
169.4593,0.8040,0.13940,NGP
169.3748,-0.2378,0.10960,NGP
169.3302,1.7905,0.07270,NGP
169.2745,-2.3047,0.16710,NGP
169.2352,1.0899,0.11340,NGP
169.2340,1.2026,0.15260,NGP
169.1678,-0.2112,0.07210,NGP
169.1475,-0.9114,0.07500,NGP
169.1105,-0.1780,0.14580,NGP
169.1055,-0.4476,0.08070,NGP
169.0728,-0.9054,0.07500,NGP
169.0699,-1.5725,0.10100,NGP
169.0572,-1.5438,0.06310,NGP
169.0462,-1.4507,0.07500,NGP
169.0364,-1.3883,0.07810,NGP
169.0431,1.4870,0.07080,NGP
169.0269,0.2187,0.07650,NGP
169.0037,0.4421,0.07740,NGP
169.0055,2.1704,0.15070,NGP
168.9908,-2.1709,0.07940,NGP
168.9792,1.7456,0.06150,NGP
168.9625,-2.2631,0.06600,NGP
168.9618,1.3677,0.14620,NGP
168.9396,0.2610,0.07590,NGP
168.9251,-0.7896,0.12270,NGP
168.8613,-0.2556,0.02780,NGP
168.8573,0.8075,0.19520,NGP
168.8474,-1.5280,0.06330,NGP
168.8414,0.3432,0.07600,NGP
168.8179,-2.4952,0.13200,NGP
168.7969,1.6749,0.15260,NGP
168.7860,0.8712,0.19710,NGP
168.7665,-1.9641,0.10070,NGP
168.7511,-0.2841,0.09800,NGP
168.7413,0.4895,0.04890,NGP
168.7340,-0.1369,0.14030,NGP
168.6921,1.2230,0.14310,NGP
168.6596,-0.6107,0.04770,NGP
168.6417,-0.8297,0.07680,NGP
168.6452,1.2422,0.14330,NGP
168.6280,1.5244,0.13180,NGP
168.6161,2.1534,0.08200,NGP
168.5392,-2.5962,0.11060,NGP
168.5419,-0.6576,0.07640,NGP
168.5384,-0.3012,0.10010,NGP
168.5342,0.5478,0.16180,NGP
168.5317,-0.3839,0.10060,NGP
168.5173,-0.3236,0.09740,NGP
168.5063,1.5079,0.11130,NGP
168.4847,-2.6811,0.08240,NGP
168.4570,-0.2906,0.12480,NGP
168.4362,-2.5022,0.17300,NGP
168.4270,-0.5990,0.09890,NGP
168.4203,-2.6084,0.02760,NGP
168.4143,-2.2648,0.09210,NGP
168.4060,-1.9559,0.07200,NGP
168.3327,2.0804,0.16370,NGP
168.2942,0.0672,0.03950,NGP
168.2891,-0.6317,0.13950,NGP
168.2855,0.1311,0.09880,NGP
168.2854,1.5455,0.15570,NGP
168.2457,1.9034,0.02980,NGP
168.2360,1.5641,0.10220,NGP
168.2262,0.8721,0.09580,NGP
168.1486,0.0564,0.03920,NGP
168.1416,-1.8865,0.03960,NGP
178.1257,1.4295,0.07830,NGP
178.0754,1.2595,0.07770,NGP
178.0312,-0.4365,0.09440,NGP
178.0222,0.0739,0.05980,NGP
178.0172,-0.4212,0.07650,NGP
177.9922,1.9237,0.16010,NGP
177.9371,0.1093,0.05970,NGP
177.8875,-0.1564,0.05870,NGP
177.8821,1.4688,0.15820,NGP
177.8206,1.1548,0.04700,NGP
177.8040,-1.0521,0.10430,NGP
177.7822,0.3232,0.07640,NGP
177.7161,-2.5362,0.08500,NGP
177.6996,0.9726,0.10680,NGP
177.6878,1.1535,0.07810,NGP
177.6765,-2.5981,0.12930,NGP
177.6741,1.5147,0.13760,NGP
177.6635,-0.7281,0.13380,NGP
177.6592,-2.6632,0.16330,NGP
177.6387,-2.0311,0.13630,NGP
177.6227,-0.7716,0.02710,NGP
177.5902,-0.6337,0.13750,NGP
177.5443,1.9875,0.05960,NGP
177.5047,-0.4657,0.08350,NGP
177.4995,-2.7471,0.09190,NGP
177.4408,-0.0571,0.09490,NGP
177.4335,-0.4258,0.08390,NGP
177.3398,-1.5117,0.08090,NGP
177.2924,-2.3716,0.08790,NGP
177.2912,0.6902,0.18040,NGP
177.2455,-0.4713,0.00550,NGP
177.2406,0.3790,0.10520,NGP
177.2301,1.5820,0.12690,NGP
177.1760,-0.2503,0.15540,NGP
177.1740,1.6082,0.10720,NGP
177.1662,-1.2023,0.10500,NGP
177.1665,-0.2661,0.04680,NGP
177.1417,-2.4613,0.08510,NGP
177.1358,0.2308,0.04680,NGP
177.1287,-0.6698,0.11540,NGP
177.1133,1.8359,0.16140,NGP
177.0978,-1.8885,0.12330,NGP
177.0994,-0.2646,0.04680,NGP
177.0879,1.9551,0.09450,NGP
177.0820,-0.5628,0.07820,NGP
177.0596,0.0767,0.10560,NGP
177.0280,-1.9601,0.10240,NGP
177.0245,0.3449,0.08520,NGP
177.0117,-0.6846,0.12140,NGP
176.9780,-2.1053,0.12230,NGP
176.9618,0.2032,0.02680,NGP
176.9599,-1.6200,0.09480,NGP
176.9492,0.2863,0.13930,NGP
176.9337,-1.8545,0.10260,NGP
176.9313,1.7154,0.15690,NGP
176.9210,-2.2927,0.13050,NGP
176.9080,-0.8613,0.19260,NGP
176.8944,-2.1392,0.05860,NGP
176.8729,0.0977,0.09760,NGP
176.8555,-0.9069,0.15470,NGP
176.8145,-2.0299,0.11380,NGP
176.7727,-1.0163,0.11470,NGP
176.7680,-1.7690,0.09440,NGP
176.7536,-2.5068,0.12820,NGP
176.7455,-2.6516,0.09860,NGP
176.7394,-1.3270,0.08380,NGP
176.6612,1.6909,0.13280,NGP
176.6403,-1.9731,0.10590,NGP
176.5981,-1.8366,0.12140,NGP
176.5536,-1.3959,0.09880,NGP
176.5407,-2.7407,0.04820,NGP
176.5255,-0.4309,0.10690,NGP
176.5242,-0.4572,0.05900,NGP
176.5095,0.0276,0.13740,NGP
176.4957,1.8371,0.18280,NGP
176.4862,-2.3230,0.11980,NGP
176.4724,-0.1216,0.08160,NGP
176.4177,-0.5709,0.02800,NGP
176.3898,-2.0199,0.07760,NGP
176.3860,0.1835,0.14080,NGP
176.3803,-2.7167,0.11360,NGP
176.3787,-2.4524,0.13060,NGP
176.3510,-2.1993,0.12290,NGP
176.3511,-2.0895,0.07820,NGP
176.3420,-1.0418,0.09770,NGP
176.3200,1.2270,0.02800,NGP
176.2734,1.1720,0.02860,NGP
176.2610,-2.6341,0.12960,NGP
176.2475,-2.2631,0.12150,NGP
176.2438,-2.3252,0.12180,NGP
176.2139,0.7579,0.12580,NGP
176.1630,-1.1689,0.11050,NGP
176.1504,1.6825,0.13280,NGP
176.1362,-1.9457,0.10710,NGP
176.0998,1.0948,0.06790,NGP
176.0261,-1.4499,0.15580,NGP
176.0190,0.4503,0.13860,NGP
176.0190,2.0274,0.18310,NGP
176.0115,-2.7149,0.12820,NGP
175.9974,-1.7117,0.10760,NGP
175.9518,-1.8091,0.10850,NGP
175.9188,-1.2640,0.10640,NGP
175.9145,-2.7214,0.09370,NGP
175.8910,-1.7243,0.10510,NGP
175.8755,0.5840,0.07600,NGP
175.8229,-2.1592,0.12080,NGP
175.8055,-1.6766,0.10440,NGP
175.8009,-0.9907,0.09360,NGP
175.7956,-0.4085,0.10640,NGP
175.7138,1.9586,0.04270,NGP
175.6796,-2.0627,0.18590,NGP
175.6641,-0.7955,0.10600,NGP
175.6613,1.2267,0.07480,NGP
175.6400,-1.8808,0.11940,NGP
175.6294,-1.7661,0.14950,NGP
175.6188,-2.7114,0.07690,NGP
175.6022,-2.2978,0.10740,NGP
175.5818,1.8920,0.10110,NGP
175.5598,1.4169,0.09200,NGP
175.5539,0.1396,0.15710,NGP
175.5242,-0.4499,0.10820,NGP
175.5164,-0.6112,0.10450,NGP
175.4550,-2.2228,0.12470,NGP
175.4451,-1.7809,0.14340,NGP
175.4167,-1.8327,0.14450,NGP
175.3926,-1.2020,0.07700,NGP
175.3276,0.4117,0.19140,NGP
175.3047,-1.9685,0.10700,NGP
175.3047,0.0187,0.14370,NGP
175.2985,-1.0803,0.09170,NGP
175.2585,-2.7433,0.05360,NGP
175.2475,-2.6766,0.05530,NGP
175.2203,-1.3607,0.14490,NGP
175.2095,-2.1422,0.10720,NGP
175.1883,-0.6064,0.07390,NGP
175.1742,1.8320,0.19300,NGP
175.1601,1.8383,0.19230,NGP
175.1078,1.3634,0.07480,NGP
175.0864,-2.7497,0.10250,NGP
175.0584,-0.8710,0.10640,NGP
174.9978,-0.5035,0.09890,NGP
174.9840,-1.2411,0.13090,NGP
174.9640,-0.4925,0.12420,NGP
174.9482,-0.8441,0.05230,NGP
174.9353,0.9479,0.14040,NGP
174.9190,-1.4078,0.07830,NGP
174.8736,0.1164,0.01980,NGP
174.8754,2.0049,0.02930,NGP
174.8571,1.4034,0.14070,NGP
174.8462,-1.3844,0.09820,NGP
174.8288,-2.0757,0.18700,NGP
174.8295,-1.6052,0.10530,NGP
174.8228,-2.7597,0.04560,NGP
174.7263,-1.6430,0.00640,NGP
174.6979,-0.2816,0.07640,NGP
174.6441,-2.0722,0.18700,NGP
174.6193,-0.6288,0.19110,NGP
174.6236,2.0405,0.02570,NGP
174.6108,1.5224,0.17740,NGP
174.5511,1.0403,0.09480,NGP
174.5386,1.8267,0.16460,NGP
174.5046,-0.2599,0.09720,NGP
174.4977,-1.3261,0.15080,NGP
174.5007,1.4601,0.12410,NGP
174.4869,0.8941,0.09350,NGP
174.4656,-0.5884,0.09730,NGP
174.4133,-2.3319,0.14580,NGP
174.3883,-1.8349,0.09920,NGP
174.2313,-1.7493,0.04700,NGP
174.2195,1.2814,0.07470,NGP
174.1849,0.7089,0.07280,NGP
174.1754,-2.5606,0.04260,NGP
174.1515,2.1905,0.13960,NGP
174.1085,2.1955,0.13770,NGP
174.1000,-0.4970,0.02240,NGP
174.0872,2.2052,0.15570,NGP
174.0829,-0.3864,0.14120,NGP
174.0465,-1.4180,0.06090,NGP
173.9496,-1.7634,0.04740,NGP
173.9006,-2.6999,0.10510,NGP
173.8265,-2.7742,0.03970,NGP
173.8222,1.7112,0.07490,NGP
173.7502,2.0871,0.13810,NGP
173.6835,-0.7258,0.07650,NGP
173.6753,-1.7275,0.11960,NGP
173.5964,0.6804,0.10600,NGP
173.5854,0.3156,0.02930,NGP
173.4107,0.1668,0.12600,NGP
173.4015,-0.1100,0.05000,NGP
173.3680,1.4674,0.12730,NGP
173.3214,-0.8997,0.13420,NGP
173.3033,0.2353,0.15650,NGP
173.3019,-0.4519,0.13290,NGP
173.2545,1.1240,0.12340,NGP
173.2260,1.8872,0.12570,NGP
173.1672,0.4948,0.19310,NGP
173.1542,1.9143,0.09250,NGP
183.1371,1.9147,0.19080,NGP
183.0357,1.4392,0.07860,NGP
182.7957,0.6863,0.12740,NGP
182.7515,1.6423,0.19690,NGP
182.7096,0.5959,0.02000,NGP
182.6475,0.4719,0.09750,NGP
182.5271,1.2405,0.10910,NGP
182.5200,1.9278,0.07600,NGP
182.4900,0.9209,0.12800,NGP
182.4622,1.2352,0.07710,NGP
182.4175,1.5476,0.13080,NGP
182.3544,1.9834,0.06570,NGP
182.3286,1.7441,0.15550,NGP
182.3047,1.8364,0.01920,NGP
182.2768,1.9100,0.15410,NGP
182.2290,2.1863,0.05720,NGP
182.2010,1.9797,0.08190,NGP
181.9631,0.5794,0.08920,NGP
181.9273,1.4211,0.11130,NGP
181.9087,1.5741,0.02000,NGP
181.8816,1.3740,0.17260,NGP
181.8473,1.1496,0.12210,NGP
181.8270,1.1034,0.11250,NGP
181.8178,1.9819,0.07670,NGP
181.7597,1.9303,0.07650,NGP
181.6967,1.2860,0.04140,NGP
181.7095,0.9269,0.07930,NGP
181.6704,0.8690,0.04810,NGP
181.6322,2.1723,0.16280,NGP
181.6315,1.6165,0.01900,NGP
181.5738,0.9305,0.11290,NGP
181.5397,0.9233,0.16240,NGP
181.4526,1.4359,0.19860,NGP
181.4593,1.0549,0.07720,NGP
181.3727,0.5385,0.10670,NGP
181.3646,1.9481,0.01820,NGP
181.2720,0.6156,0.08880,NGP
181.1450,1.8423,0.01940,NGP
181.1318,1.1296,0.07780,NGP
181.0941,1.6299,0.16480,NGP
181.0696,2.0023,0.01830,NGP
181.0558,0.6303,0.16170,NGP
181.0309,1.5833,0.02350,NGP
180.9147,0.9071,0.14930,NGP
180.9062,2.0472,0.01880,NGP
180.8931,2.0244,0.08440,NGP
180.8126,1.8106,0.16380,NGP
180.7873,1.5754,0.07780,NGP
180.7621,1.1032,0.11170,NGP
180.7487,1.2703,0.07760,NGP
180.6788,1.5264,0.01780,NGP
180.6599,1.4622,0.14170,NGP
180.6465,1.3059,0.08250,NGP
180.6030,2.1066,0.07830,NGP
180.5983,1.8727,0.16230,NGP
180.5221,1.7353,0.16070,NGP
180.4965,1.6891,0.07850,NGP
180.3263,2.0652,0.06630,NGP
180.3079,1.0158,0.10280,NGP
180.2255,1.8469,0.13850,NGP
180.2225,1.6825,0.15940,NGP
180.1698,1.2756,0.13850,NGP
179.9909,1.7981,0.07840,NGP
179.9636,2.0653,0.13630,NGP
179.9694,0.6423,0.10360,NGP
179.8800,0.9183,0.08120,NGP
179.8084,1.0124,0.10200,NGP
179.8027,0.7063,0.06240,NGP
179.7330,1.6208,0.10340,NGP
179.6632,0.7049,0.06510,NGP
179.4590,0.8237,0.06530,NGP
179.4316,1.1985,0.13530,NGP
179.2390,1.5421,0.10580,NGP
179.1829,1.7444,0.10420,NGP
179.1861,1.6781,0.13180,NGP
179.1573,1.5867,0.10540,NGP
179.1138,1.2206,0.09300,NGP
179.0195,1.9795,0.06790,NGP
179.0025,0.8407,0.06550,NGP
178.9017,1.5993,0.07820,NGP
178.8090,1.8019,0.08140,NGP
178.6480,1.3732,0.13640,NGP
178.3165,1.4452,0.15050,NGP
178.3163,1.2110,0.07900,NGP
178.2762,1.1996,0.07890,NGP
178.2406,0.7026,0.07890,NGP
183.1388,-0.2967,0.11640,NGP
183.1340,-0.8534,0.12690,NGP
183.0545,-0.4006,0.11960,NGP
182.9702,-1.2196,0.06320,NGP
182.8071,-0.4086,0.11650,NGP
182.8087,-0.6856,0.07900,NGP
182.7166,-0.9464,0.12200,NGP
182.6904,-0.2228,0.18310,NGP
182.6416,-0.4126,0.18120,NGP
182.6478,-1.1587,0.10160,NGP
182.5284,-0.7295,0.15960,NGP
182.5171,-0.7983,0.12870,NGP
182.4770,-0.9182,0.07920,NGP
182.1038,0.0917,0.04450,NGP
182.0714,-1.3566,0.10720,NGP
182.0500,-0.9790,0.09730,NGP
182.0137,0.0817,0.13050,NGP
182.0075,-0.9684,0.02420,NGP
181.9823,-0.5444,0.07980,NGP
181.9172,-0.5782,0.07930,NGP
181.8836,0.1947,0.12970,NGP
181.8265,-0.7479,0.18010,NGP
181.6986,0.0479,0.11750,NGP
181.6558,-0.8033,0.12970,NGP
181.6219,-0.1725,0.09190,NGP
181.6046,-0.7181,0.07710,NGP
181.5926,-0.2365,0.03780,NGP
181.4255,0.1379,0.10340,NGP
181.3864,0.3557,0.12970,NGP
181.3030,-0.4676,0.17980,NGP
181.2573,0.3634,0.10160,NGP
181.2015,-0.9628,0.08230,NGP
181.1197,0.1621,0.15950,NGP
181.0221,0.4091,0.15540,NGP
180.8550,-0.7214,0.16890,NGP
180.7594,-0.1822,0.16160,NGP
180.6230,-0.2122,0.02040,NGP
180.6287,-0.2652,0.09450,NGP
180.5437,-1.3852,0.09890,NGP
180.4957,-0.3401,0.16530,NGP
180.4921,-0.3799,0.10390,NGP
180.4814,-1.0795,0.11810,NGP
180.3134,-1.3189,0.14410,NGP
180.2167,-0.0707,0.10820,NGP
180.2177,-0.4582,0.15120,NGP
180.1705,-0.0393,0.09370,NGP
180.1398,-0.1936,0.08070,NGP
180.1082,0.2996,0.08080,NGP
180.0340,-0.6637,0.02060,NGP
180.0000,0.4148,0.08560,NGP
179.9985,-0.4644,0.08060,NGP
180.0020,-1.0282,0.04710,NGP
179.9657,0.2652,0.07660,NGP
179.9441,-0.9999,0.12940,NGP
179.8147,-0.0416,0.08550,NGP
179.7985,-0.4261,0.08370,NGP
179.6895,-1.0384,0.12640,NGP
179.5715,-0.1303,0.17830,NGP
179.5060,-1.3794,0.08020,NGP
179.4565,0.0345,0.12660,NGP
179.4663,-0.6896,0.12620,NGP
179.4246,-1.3962,0.18790,NGP
179.3570,-1.1297,0.06410,NGP
179.2765,-0.9773,0.07700,NGP
179.2503,0.4528,0.13140,NGP
179.2337,-0.0799,0.13140,NGP
179.2290,-0.9844,0.12610,NGP
179.2155,-0.5370,0.12740,NGP
179.0450,-1.2669,0.12720,NGP
178.9826,-0.9724,0.15020,NGP
178.9521,-0.1614,0.10840,NGP
178.7962,0.0858,0.10670,NGP
178.7711,-0.5855,0.12730,NGP
178.7521,-1.4313,0.16320,NGP
178.6845,-1.1410,0.17910,NGP
178.6728,-1.0248,0.13410,NGP
178.6078,-0.4722,0.05120,NGP
178.4596,0.3349,0.15550,NGP
178.2836,0.3689,0.10740,NGP
178.1602,-0.3573,0.09510,NGP
178.1490,0.0175,0.13090,NGP
183.1145,-2.5596,0.03940,NGP
182.9826,-2.2173,0.16030,NGP
182.9649,-2.5256,0.12050,NGP
182.7331,-1.5834,0.07100,NGP
182.4910,-2.2657,0.12180,NGP
182.3685,-2.4182,0.15760,NGP
182.3191,-2.1941,0.17960,NGP
182.0705,-1.4427,0.08600,NGP
182.0386,-1.8698,0.15710,NGP
181.7825,-2.3707,0.09950,NGP
181.6899,-1.8550,0.16350,NGP
181.3418,-1.6029,0.08320,NGP
181.1965,-2.7200,0.01960,NGP
181.1725,-1.9231,0.17860,NGP
181.0497,-1.8142,0.08080,NGP
180.9886,-1.6409,0.09850,NGP
180.8398,-2.1779,0.08710,NGP
180.6827,-2.0959,0.15400,NGP
180.5426,-1.7917,0.08190,NGP
180.5540,-2.5922,0.18340,NGP
180.4425,-1.9349,0.02510,NGP
180.4016,-2.0967,0.13070,NGP
180.2805,-2.6742,0.08930,NGP
180.0252,-2.4430,0.10280,NGP
180.0282,-2.6850,0.08660,NGP
180.0115,-1.6149,0.05240,NGP
179.9437,-1.5920,0.05240,NGP
179.8758,-1.6646,0.13110,NGP
179.7024,-2.5045,0.08320,NGP
179.5865,-1.5933,0.14740,NGP
179.4947,-1.5578,0.01990,NGP
179.4419,-2.4622,0.07870,NGP
179.4335,-2.1475,0.06020,NGP
179.3874,-2.1208,0.08040,NGP
179.3767,-2.2165,0.12770,NGP
179.2877,-2.3228,0.08090,NGP
179.2764,-2.7171,0.12020,NGP
179.1419,-2.0541,0.08510,NGP
179.1267,-1.6304,0.17590,NGP
179.0197,-2.7364,0.13890,NGP
179.0075,-2.2398,0.08970,NGP
178.9442,-1.7350,0.08200,NGP
178.7675,-2.5516,0.17830,NGP
178.7544,-2.7669,0.14310,NGP
178.7197,-2.7084,0.13630,NGP
178.6107,-2.7163,0.13810,NGP
178.5447,-2.3575,0.13650,NGP
178.5215,-1.7202,0.13710,NGP
178.4571,-1.8652,0.12630,NGP
178.4372,-1.7202,0.13570,NGP
178.2709,-2.1320,0.14620,NGP
178.2308,-2.5417,0.13470,NGP
188.0895,0.8932,0.11110,NGP
188.0856,1.8451,0.18190,NGP
187.9956,1.8436,0.00790,NGP
187.9588,1.8199,0.13380,NGP
187.9225,1.3061,0.02360,NGP
187.9137,0.8076,0.07760,NGP
187.8809,0.6110,0.10520,NGP
187.8466,1.3320,0.11880,NGP
187.7440,0.6513,0.02240,NGP
187.7482,0.5421,0.02400,NGP
187.6425,1.8499,0.14110,NGP
187.4367,1.3170,0.07880,NGP
187.4018,1.8314,0.07690,NGP
187.2435,2.1909,0.07740,NGP
187.1740,1.4160,0.11870,NGP
187.0290,1.2828,0.07880,NGP
186.9323,1.1307,0.15580,NGP
186.8630,1.2694,0.07840,NGP
186.7170,1.2807,0.07780,NGP
186.1461,1.8924,0.02390,NGP
186.0326,1.0849,0.08880,NGP
185.9368,1.9974,0.18460,NGP
185.9288,1.2294,0.14810,NGP
185.9160,1.8352,0.09990,NGP
185.9178,1.0134,0.10450,NGP
185.9061,0.6751,0.11270,NGP
185.8155,1.6028,0.12710,NGP
185.6514,1.6122,0.07760,NGP
185.6602,0.5241,0.11510,NGP
185.6306,1.0394,0.16040,NGP
185.6435,1.0212,0.07670,NGP
185.6390,1.0204,0.07660,NGP
185.5365,1.3703,0.07680,NGP
185.4178,0.9866,0.17830,NGP
185.1973,0.9687,0.09970,NGP
185.1023,1.3335,0.06210,NGP
185.0439,0.7227,0.17030,NGP
185.0073,1.1798,0.10840,NGP
184.9092,2.0122,0.02840,NGP
184.8837,1.8960,0.14440,NGP
184.7200,1.3735,0.10060,NGP
184.6022,0.6663,0.07830,NGP
184.5767,1.2999,0.14700,NGP
184.4447,0.6419,0.08260,NGP
184.4141,0.4968,0.17210,NGP
184.3407,1.5990,0.07470,NGP
183.9482,0.5633,0.07150,NGP
183.8738,0.8978,0.13320,NGP
183.7510,1.1991,0.12390,NGP
183.7257,0.5779,0.18250,NGP
183.6932,1.5964,0.08340,NGP
183.5060,2.0008,0.07220,NGP
183.3360,1.3602,0.16250,NGP
183.3501,1.1733,0.06950,NGP
183.2450,1.8897,0.08170,NGP
188.0958,0.0318,0.08120,NGP
188.0893,-0.2835,0.10980,NGP
187.9398,0.4526,0.02200,NGP
187.9165,-0.8499,0.11040,NGP
187.7950,-0.1157,0.11320,NGP
187.7783,-0.0365,0.09310,NGP
187.7458,0.2630,0.04320,NGP
187.7481,-1.2608,0.15900,NGP
187.7092,-1.3251,0.16010,NGP
187.6718,-0.7498,0.14800,NGP
187.5400,-1.0459,0.11530,NGP
187.3937,-0.0913,0.11030,NGP
187.4013,-1.0804,0.15880,NGP
187.1486,0.3378,0.14620,NGP
187.1592,-1.0483,0.16880,NGP
187.0312,0.3124,0.11930,NGP
187.0292,-0.6029,0.16180,NGP
186.8720,-1.1851,0.15030,NGP
186.7852,0.3189,0.15540,NGP
186.6422,0.1401,0.11300,NGP
186.5950,-1.2552,0.00670,NGP
186.3831,-0.1751,0.07940,NGP
185.9061,-0.4729,0.02580,NGP
185.5737,-0.1291,0.17280,NGP
185.5569,-0.3079,0.07940,NGP
185.4749,-0.2287,0.15630,NGP
184.9360,0.3550,0.17310,NGP
184.9167,0.4676,0.10990,NGP
184.7650,0.0807,0.06820,NGP
184.7546,0.3824,0.14940,NGP
184.7531,0.2637,0.08250,NGP
184.7440,-0.0429,0.18600,NGP
184.7124,-0.0851,0.11720,NGP
184.5938,0.1672,0.11940,NGP
184.5343,0.1419,0.11110,NGP
184.5453,-0.1639,0.03850,NGP
184.5457,-0.6145,0.13300,NGP
184.3706,-1.0669,0.15720,NGP
184.3649,-0.2839,0.12310,NGP
184.2896,-0.2716,0.18650,NGP
184.2318,-0.7035,0.15780,NGP
184.2044,-0.7420,0.07090,NGP
184.1510,-1.2290,0.12220,NGP
184.0687,-1.3540,0.15930,NGP
183.9955,-0.6441,0.07030,NGP
183.9696,-1.3984,0.17760,NGP
183.9447,-0.6804,0.19120,NGP
183.9421,-0.9718,0.09350,NGP
183.9087,-0.3646,0.10200,NGP
183.8891,-1.1760,0.12300,NGP
183.8485,-0.3312,0.12090,NGP
183.7586,-1.0374,0.08330,NGP
183.6801,0.1259,0.12350,NGP
183.5990,-0.9678,0.09960,NGP
183.5447,-0.3602,0.17170,NGP
183.5520,-0.4510,0.03640,NGP
183.5516,-0.9890,0.08280,NGP
183.4437,-0.2596,0.12590,NGP
183.2665,-0.8411,0.09960,NGP
183.2077,-0.2426,0.11660,NGP
183.1860,-0.3678,0.07380,NGP
183.1611,-0.8949,0.12700,NGP
188.0550,-2.2512,0.11110,NGP
188.0531,-2.4556,0.17180,NGP
187.8115,-2.3860,0.19700,NGP
187.7675,-2.5538,0.09350,NGP
187.6071,-1.5045,0.08170,NGP
187.5888,-2.2436,0.14170,NGP
187.4912,-1.6979,0.07140,NGP
187.4220,-2.0853,0.14670,NGP
187.4069,-1.4809,0.11250,NGP
187.3156,-2.4665,0.06240,NGP
186.9109,-2.1492,0.14190,NGP
186.8950,-1.7797,0.02460,NGP
186.8727,-1.9970,0.14110,NGP
186.8318,-2.6117,0.09220,NGP
186.8055,-2.5490,0.14840,NGP
186.8065,-2.6802,0.09330,NGP
186.7050,-2.6201,0.19500,NGP
186.4743,-2.7761,0.16320,NGP
186.4568,-1.8292,0.04960,NGP
186.4620,-1.9959,0.18810,NGP
185.8969,-1.6358,0.02460,NGP
185.8918,-2.5158,0.06680,NGP
185.7266,-2.7276,0.11330,NGP
185.3342,-1.7679,0.07200,NGP
185.3035,-2.7362,0.15780,NGP
185.1470,-2.0727,0.11950,NGP
184.5841,-2.6419,0.06890,NGP
184.5297,-1.7167,0.19790,NGP
184.4948,-2.3391,0.09290,NGP
184.4432,-1.9744,0.19860,NGP
184.1965,-1.7475,0.09140,NGP
184.0373,-1.7203,0.17660,NGP
184.0112,-2.0480,0.03980,NGP
183.8712,-1.4349,0.12210,NGP
183.7285,-2.4200,0.06830,NGP
183.7104,-2.6836,0.11010,NGP
183.6804,-2.0030,0.09610,NGP
183.6153,-1.5882,0.10910,NGP
183.4635,-1.5070,0.19650,NGP
183.4634,-2.6040,0.12570,NGP
183.2926,-2.2932,0.11120,NGP
183.2730,-2.0895,0.15970,NGP
183.2105,-1.5071,0.10670,NGP
183.2242,-2.2470,0.11120,NGP
183.2199,-2.6486,0.08920,NGP
192.9812,0.7383,0.13530,NGP
192.9610,1.3039,0.10110,NGP
192.9110,1.6707,0.01750,NGP
192.7738,1.7864,0.06970,NGP
192.7141,1.4662,0.10510,NGP
192.6014,0.6982,0.15790,NGP
192.3321,0.8868,0.07070,NGP
192.3156,1.8047,0.10210,NGP
192.2612,1.3978,0.07700,NGP
192.1209,1.8554,0.09410,NGP
192.0340,0.9324,0.19030,NGP
191.9809,1.8449,0.10240,NGP
191.9667,1.1396,0.08300,NGP
191.8744,1.9702,0.10480,NGP
191.7298,1.9039,0.14690,NGP
191.6972,1.5328,0.16250,NGP
191.6347,1.4449,0.13650,NGP
191.6004,1.9237,0.05030,NGP
191.5242,1.2279,0.10700,NGP
191.5046,1.0886,0.07520,NGP
191.4555,1.8304,0.04440,NGP
191.3816,0.9015,0.08940,NGP
191.3016,0.7971,0.07990,NGP
191.2878,1.8294,0.04840,NGP
191.2913,1.6927,0.04720,NGP
191.2609,0.8484,0.08120,NGP
191.2566,0.7597,0.04620,NGP
191.2131,1.0904,0.09190,NGP
191.1300,1.7762,0.08240,NGP
191.0996,1.6592,0.09410,NGP
191.0861,1.6763,0.08190,NGP
191.0856,0.9915,0.08220,NGP
190.8285,1.5940,0.13840,NGP
190.8274,1.2366,0.09890,NGP
190.8124,1.5763,0.09340,NGP
190.6427,1.9579,0.09340,NGP
190.4588,1.8269,0.07800,NGP
190.2385,0.8584,0.16550,NGP
190.0835,1.5861,0.17410,NGP
190.0915,1.0454,0.08190,NGP
190.0291,1.2345,0.07110,NGP
190.0210,1.4848,0.18420,NGP
190.0112,0.7115,0.14850,NGP
189.9822,1.9139,0.08100,NGP
189.7498,1.6616,0.07760,NGP
189.7515,1.3695,0.14370,NGP
189.7522,1.2304,0.16480,NGP
189.5142,1.6455,0.07160,NGP
188.9675,1.3084,0.13530,NGP
188.6880,0.7671,0.09110,NGP
188.4560,1.5597,0.14250,NGP
188.3670,2.1573,0.07890,NGP
188.3527,2.1544,0.10090,NGP
188.2395,1.0577,0.10640,NGP
188.1865,0.8999,0.09380,NGP
193.1250,0.0879,0.08430,NGP
193.1110,-0.2348,0.07170,NGP
193.0664,-0.3186,0.13930,NGP
192.9849,-0.5968,0.08350,NGP
192.8794,-0.7746,0.16100,NGP
192.8045,-0.8504,0.08380,NGP
192.7787,-1.1214,0.19680,NGP
192.7355,-0.8907,0.05970,NGP
192.6383,0.1244,0.10800,NGP
192.5897,0.2119,0.08120,NGP
192.4771,0.6560,0.07390,NGP
192.4683,0.4126,0.06960,NGP
192.2910,-1.0988,0.14210,NGP
192.1926,0.5797,0.07420,NGP
192.1943,-0.3579,0.08810,NGP
192.0422,-0.7780,0.08470,NGP
191.9793,0.0597,0.08140,NGP
191.9150,-0.1289,0.08960,NGP
191.8892,0.0991,0.08660,NGP
191.8236,0.1024,0.12400,NGP
191.8291,-0.2822,0.08970,NGP
191.8191,0.3037,0.13140,NGP
191.8165,-0.3699,0.12640,NGP
191.7910,0.3019,0.10820,NGP
191.7765,0.3170,0.08940,NGP
191.7781,0.2095,0.09020,NGP
191.7713,-0.6301,0.08030,NGP
191.7571,-0.9649,0.15470,NGP
191.7172,0.4151,0.16150,NGP
191.7132,0.2971,0.08900,NGP
191.7131,-0.8171,0.12480,NGP
191.6233,0.0749,0.08260,NGP
191.5563,-0.8950,0.08830,NGP
191.5194,0.4282,0.08500,NGP
191.4526,0.6831,0.08220,NGP
191.3905,0.2881,0.05020,NGP
191.3797,0.1762,0.11870,NGP
191.3557,0.4359,0.09030,NGP
191.2115,-1.1138,0.14830,NGP
191.2055,-0.9868,0.08830,NGP
191.1746,0.5386,0.08170,NGP
191.1497,0.3080,0.14140,NGP
191.0605,0.1093,0.08180,NGP
190.9877,0.5414,0.07030,NGP
190.9460,-0.2361,0.04830,NGP
190.9234,0.5676,0.10730,NGP
190.8918,0.4356,0.08150,NGP
190.8855,-0.9516,0.01630,NGP
190.8615,0.5246,0.08310,NGP
190.8595,0.2473,0.14340,NGP
190.7255,-0.4984,0.04710,NGP
190.6746,0.2595,0.14470,NGP
190.6622,0.6858,0.01650,NGP
190.5058,0.4708,0.08020,NGP
190.4238,-0.9155,0.07190,NGP
190.3051,-0.3749,0.06350,NGP
190.2125,0.2267,0.10850,NGP
190.1672,0.3392,0.14480,NGP
190.1315,-0.4317,0.13850,NGP
190.1034,0.1591,0.10760,NGP
190.0062,-0.9485,0.18770,NGP
189.9783,0.1205,0.14160,NGP
189.9716,-0.4787,0.01230,NGP
189.9144,0.4446,0.11700,NGP
189.9037,-0.9876,0.08850,NGP
189.7734,0.2827,0.02300,NGP
189.7428,0.2953,0.09020,NGP
189.7368,-0.1046,0.18920,NGP
189.7328,-1.0412,0.08120,NGP
189.6604,0.0224,0.15020,NGP
189.6063,-0.6226,0.10830,NGP
189.4602,-0.3044,0.14040,NGP
189.4325,-0.8823,0.07370,NGP
189.3649,0.6581,0.07240,NGP
189.3244,-1.0044,0.13520,NGP
189.2859,0.6746,0.17720,NGP
189.2341,0.6907,0.00850,NGP
189.1466,-0.5213,0.11040,NGP
189.1547,-0.8482,0.14200,NGP
189.0409,0.3169,0.11380,NGP
189.0285,-0.7358,0.10800,NGP
188.8067,-0.8602,0.10930,NGP
188.7791,-0.8596,0.10950,NGP
188.7290,-0.3067,0.07260,NGP
188.7405,-0.9057,0.11300,NGP
188.6047,-0.4219,0.08070,NGP
188.4941,0.3868,0.00520,NGP
188.4050,-0.4191,0.15190,NGP
188.3202,-0.0926,0.09110,NGP
188.2202,-0.7587,0.16320,NGP
188.2105,-1.0606,0.07150,NGP
193.1260,-1.4254,0.17430,NGP
193.0392,-1.8519,0.08210,NGP
193.0554,-1.8509,0.08580,NGP
192.9067,-1.9624,0.14050,NGP
192.8797,-1.8861,0.08170,NGP
192.8290,-1.6396,0.18620,NGP
192.8175,-1.2673,0.09320,NGP
192.8036,-2.4238,0.05630,NGP
192.7764,-1.9792,0.08170,NGP
192.7609,-2.5633,0.14080,NGP
192.5751,-2.4024,0.08680,NGP
192.5497,-2.5912,0.07080,NGP
192.5267,-2.1824,0.11520,NGP
192.4791,-1.5699,0.08760,NGP
192.4924,-1.7221,0.16000,NGP
192.4242,-2.2621,0.08730,NGP
192.2988,-1.2626,0.08120,NGP
192.3102,-2.1856,0.08740,NGP
192.2462,-2.4036,0.17610,NGP
192.2259,-1.6804,0.08700,NGP
192.2216,-1.9519,0.08600,NGP
192.1713,-1.8563,0.08780,NGP
192.1095,-2.5039,0.09780,NGP
192.0793,-1.6974,0.04880,NGP
192.0443,-1.6424,0.08630,NGP
192.0555,-2.2141,0.15660,NGP
191.9774,-1.2912,0.10950,NGP
191.9413,-1.7080,0.17070,NGP
191.9184,-2.2259,0.08570,NGP
191.8619,-1.5346,0.08730,NGP
191.8684,-2.5827,0.09990,NGP
191.8421,-2.2556,0.01590,NGP
191.8111,-2.2173,0.11670,NGP
191.7319,-1.2642,0.13430,NGP
191.5849,-2.5182,0.08330,NGP
191.4854,-2.3487,0.04920,NGP
191.4008,-2.5447,0.18200,NGP
191.3445,-2.3753,0.17260,NGP
191.3302,-2.1010,0.12420,NGP
191.3216,-2.6889,0.05980,NGP
191.3128,-2.0143,0.06810,NGP
191.2123,-2.2182,0.01120,NGP
191.1464,-2.3909,0.14190,NGP
191.1270,-1.8498,0.04800,NGP
191.1220,-1.8772,0.11720,NGP
191.1035,-1.8103,0.08570,NGP
191.0685,-1.8331,0.08540,NGP
191.0590,-1.7412,0.04660,NGP
191.0408,-2.0374,0.11590,NGP
190.9322,-1.9506,0.08640,NGP
190.8189,-1.9861,0.08640,NGP
190.8010,-2.5011,0.04790,NGP
190.7830,-1.9898,0.08710,NGP
190.7625,-1.2829,0.02360,NGP
190.7640,-2.6634,0.06000,NGP
190.7377,-1.3221,0.12570,NGP
190.7527,-2.3482,0.15370,NGP
190.7062,-2.0162,0.10470,NGP
190.5937,-1.9461,0.04810,NGP
190.5542,-2.1586,0.08310,NGP
190.5126,-2.1835,0.11450,NGP
190.4756,-2.1936,0.08350,NGP
190.4557,-2.0633,0.08360,NGP
190.3090,-2.0588,0.15300,NGP
190.3044,-2.7192,0.18280,NGP
190.1816,-2.4457,0.17010,NGP
190.1340,-2.2616,0.16880,NGP
190.0463,-1.5384,0.13450,NGP
189.7571,-2.3047,0.10650,NGP
189.5380,-1.7491,0.11310,NGP
189.5125,-1.8657,0.16740,NGP
189.5012,-2.1543,0.09060,NGP
189.4651,-1.2638,0.06330,NGP
188.9973,-1.6745,0.18650,NGP
188.9602,-2.5202,0.13410,NGP
188.8744,-2.3498,0.12730,NGP
188.6196,-2.6405,0.11740,NGP
188.6011,-2.4141,0.10880,NGP
188.4372,-1.7879,0.02370,NGP
188.4085,-1.4332,0.09130,NGP
188.3629,-2.2438,0.17120,NGP
188.3625,-2.3575,0.10970,NGP
188.3220,-1.3641,0.11540,NGP
188.2470,-1.8095,0.16310,NGP
188.2408,-2.5843,0.12640,NGP
198.1350,-0.2909,0.08430,NGP
198.0926,-1.6546,0.15420,NGP
198.0740,-0.9735,0.08710,NGP
198.0392,-0.6145,0.08470,NGP
198.0397,-1.1148,0.11030,NGP
197.9982,-1.1352,0.08740,NGP
197.9915,1.9571,0.01970,NGP
197.9825,-0.8366,0.01810,NGP
197.9712,-0.4956,0.18590,NGP
197.9697,-1.2030,0.08410,NGP
197.9512,-1.2990,0.08160,NGP
197.9444,0.9901,0.04720,NGP
197.9458,-1.6110,0.08300,NGP
197.9407,-2.2341,0.08340,NGP
197.9301,0.6168,0.06370,NGP
197.9016,-2.2706,0.09880,NGP
197.8679,-1.5673,0.03480,NGP
197.8598,-0.3188,0.09200,NGP
197.8295,0.7599,0.06490,NGP
197.7994,1.0994,0.07860,NGP
197.8029,-1.4513,0.11320,NGP
197.7991,1.5617,0.02910,NGP
197.7935,1.4528,0.08380,NGP
197.7730,2.0093,0.08360,NGP
197.7301,1.3393,0.06530,NGP
197.7232,1.7087,0.02830,NGP
197.7230,0.1007,0.04080,NGP
197.7230,0.1272,0.08280,NGP
197.7196,-0.5458,0.08020,NGP
197.6627,-2.6083,0.10940,NGP
197.6561,0.7946,0.18870,NGP
197.6577,-2.0760,0.11300,NGP
197.6415,-2.0489,0.13730,NGP
197.6192,-0.8187,0.17700,NGP
197.6197,-1.3151,0.13820,NGP
197.5982,1.0006,0.05820,NGP
197.5713,1.4114,0.08410,NGP
197.5608,-0.7989,0.11950,NGP
197.5388,-0.4473,0.08100,NGP
197.4862,-0.2920,0.12080,NGP
197.4757,-1.7353,0.18570,NGP
197.4366,0.6227,0.13660,NGP
197.4310,-0.4048,0.18960,NGP
197.3633,-1.6313,0.08650,NGP
197.3593,-2.6384,0.18440,NGP
197.3295,-0.6743,0.08220,NGP
197.3258,-2.7248,0.08170,NGP
197.3227,-2.0789,0.11310,NGP
197.2892,-0.6136,0.08450,NGP
197.2843,0.0177,0.08150,NGP
197.2573,-1.4587,0.08260,NGP
197.2455,-1.4053,0.08320,NGP
197.2412,0.9075,0.07950,NGP
197.2308,-0.8014,0.01880,NGP
197.2087,-2.6883,0.08260,NGP
197.1945,-1.6795,0.08070,NGP
197.1655,0.1023,0.08140,NGP
197.1584,0.7798,0.13950,NGP
197.1611,-2.0899,0.13290,NGP
197.1303,-0.3704,0.08270,NGP
197.1004,-1.6906,0.08440,NGP
197.0872,1.7639,0.17420,NGP
197.0478,-1.2468,0.08520,NGP
197.0382,-1.7231,0.08240,NGP
197.0008,-2.6756,0.09760,NGP
196.9870,0.5286,0.18540,NGP
196.9875,-1.7258,0.08180,NGP
196.9590,-0.8685,0.01830,NGP
196.9123,-1.2691,0.08630,NGP
196.8960,-1.5680,0.08380,NGP
196.8384,-2.1909,0.08610,NGP
196.7981,-2.7141,0.08130,NGP
196.7337,-1.4767,0.07950,NGP
196.7215,-1.0330,0.08290,NGP
196.7142,-2.6135,0.08750,NGP
196.6395,-2.6233,0.11640,NGP
196.6115,1.3674,0.08160,NGP
196.5815,1.0719,0.12300,NGP
196.5690,-2.4217,0.07440,NGP
196.5669,-2.0176,0.08340,NGP
196.5200,-2.6693,0.05340,NGP
196.5110,1.6602,0.10780,NGP
196.4955,0.2187,0.08960,NGP
196.4937,-2.4472,0.16040,NGP
196.4646,-1.7937,0.09040,NGP
196.4618,-1.9237,0.08680,NGP
196.4486,-0.3860,0.03140,NGP
196.4490,-2.3879,0.12400,NGP
196.4394,-1.0107,0.14140,NGP
196.4033,0.3979,0.18040,NGP
196.3895,-2.1224,0.11640,NGP
196.3775,-1.0568,0.06470,NGP
196.3095,0.9930,0.10380,NGP
196.3035,-2.2313,0.08720,NGP
196.2746,-1.7652,0.10900,NGP
196.2750,-2.4594,0.08440,NGP
196.2590,-2.3870,0.08270,NGP
196.1857,1.9542,0.04740,NGP
196.1875,-2.1483,0.08050,NGP
196.1539,-2.6053,0.19910,NGP
196.1414,-0.8361,0.10890,NGP
196.0366,-0.7353,0.14160,NGP
196.0369,-1.7150,0.08330,NGP
196.0016,-1.4901,0.08890,NGP
195.9792,-0.0669,0.09240,NGP
195.9438,-2.1127,0.13690,NGP
195.8832,1.9870,0.18670,NGP
195.8668,-0.9746,0.19130,NGP
195.8402,-0.7709,0.08240,NGP
195.8272,-1.1932,0.10760,NGP
195.8196,1.8533,0.18660,NGP
195.7696,-2.5557,0.08460,NGP
195.7403,0.4685,0.08190,NGP
195.7103,-2.6444,0.08840,NGP
195.6889,-0.1756,0.13980,NGP
195.6719,-2.4451,0.08360,NGP
195.6535,0.5377,0.17390,NGP
195.6245,-0.7143,0.08390,NGP
195.6137,-0.1187,0.16000,NGP
195.5933,-2.5695,0.08460,NGP
195.5347,-0.0160,0.12770,NGP
195.5307,-2.1987,0.06530,NGP
195.5092,0.3323,0.12590,NGP
195.4755,-1.2771,0.15930,NGP
195.4648,-2.3539,0.11550,NGP
195.4522,-2.5686,0.08060,NGP
195.4455,2.1656,0.17580,NGP
195.4218,-2.7277,0.08410,NGP
195.4151,1.1194,0.08320,NGP
195.3942,-2.4750,0.13450,NGP
195.3817,1.6132,0.17530,NGP
195.3802,-1.9715,0.08040,NGP
195.3707,-2.1066,0.07370,NGP
195.3697,-2.4576,0.13130,NGP
195.3218,0.7950,0.08380,NGP
195.3124,-0.0916,0.06790,NGP
195.3062,1.4831,0.17450,NGP
195.2857,-2.4396,0.08010,NGP
195.2614,-0.3790,0.04080,NGP
195.2528,-0.6710,0.14250,NGP
195.2437,0.8381,0.08220,NGP
195.2270,-1.3466,0.02250,NGP
195.1876,-2.0429,0.08100,NGP
195.1667,1.5527,0.09850,NGP
195.1253,-1.4044,0.11920,NGP
195.1012,0.3623,0.17630,NGP
195.0460,-2.5562,0.11550,NGP
195.0007,-2.4712,0.15250,NGP
194.9711,-1.1490,0.12230,NGP
194.9607,-1.1914,0.08750,NGP
194.9406,-1.6527,0.08240,NGP
194.8931,0.2072,0.08310,NGP
194.8934,-0.3708,0.16570,NGP
194.8608,-0.5953,0.07460,NGP
194.8503,-1.6853,0.08260,NGP
194.8276,1.1949,0.13200,NGP
194.8035,-0.2567,0.04630,NGP
194.7681,-1.7868,0.07940,NGP
194.7486,1.9343,0.07600,NGP
194.6985,-1.6772,0.08520,NGP
194.6885,-1.4922,0.08560,NGP
194.6718,-1.7065,0.08350,NGP
194.6592,1.3302,0.09810,NGP
194.6530,-1.7483,0.08410,NGP
194.6452,-0.7116,0.19240,NGP
194.6281,-2.4864,0.14260,NGP
194.6258,-1.9439,0.08600,NGP
194.6065,-1.6195,0.08350,NGP
194.6061,-1.6966,0.04680,NGP
194.6010,-1.8530,0.08150,NGP
194.5903,1.9712,0.08750,NGP
194.5475,1.2555,0.16350,NGP
194.5169,1.9587,0.06680,NGP
194.5027,1.9844,0.16900,NGP
194.4824,0.5045,0.07790,NGP
194.4699,-1.8585,0.08470,NGP
194.4626,-0.3391,0.08460,NGP
194.4493,-1.5236,0.08280,NGP
194.4198,-1.5531,0.08290,NGP
194.3086,0.7418,0.04960,NGP
194.2957,-1.5751,0.08240,NGP
194.2921,0.2957,0.06120,NGP
194.2845,-1.2992,0.07210,NGP
194.2524,-0.8353,0.06970,NGP
194.2467,-1.3721,0.16950,NGP
194.2447,-1.1832,0.08240,NGP
194.2415,0.4395,0.06960,NGP
194.2344,-0.4184,0.16270,NGP
194.2230,-1.9770,0.08270,NGP
194.1884,-2.4114,0.17180,NGP
194.1775,-1.6921,0.08300,NGP
194.1556,-2.5896,0.12500,NGP
194.1515,1.0028,0.08110,NGP
194.1364,1.4362,0.08230,NGP
194.1263,-2.6114,0.19880,NGP
194.0870,-1.9937,0.16750,NGP
194.0810,-2.1871,0.08000,NGP
194.0342,1.5643,0.10570,NGP
194.0029,1.6033,0.10650,NGP
193.9379,-0.6437,0.04770,NGP
193.9035,-0.8840,0.02270,NGP
193.8967,-2.7558,0.11700,NGP
193.8496,-0.1359,0.09620,NGP
193.8174,-0.8367,0.08220,NGP
193.8102,0.7628,0.09710,NGP
193.8050,0.9676,0.09920,NGP
193.7828,-0.3362,0.05850,NGP
193.7553,-1.1069,0.05790,NGP
193.7154,-1.5855,0.08660,NGP
193.7134,-2.6160,0.12020,NGP
193.6978,0.0768,0.13370,NGP
193.6931,-0.1330,0.08580,NGP
193.6812,-0.9870,0.08520,NGP
193.6684,-2.7419,0.16160,NGP
193.6467,-0.1824,0.08470,NGP
193.6368,-1.5680,0.05310,NGP
193.6331,-0.0971,0.08210,NGP
193.6289,-0.6399,0.09510,NGP
193.5972,-2.3233,0.08620,NGP
193.5683,-2.0348,0.01630,NGP
193.5255,-1.2165,0.07060,NGP
193.4856,-0.5761,0.13250,NGP
193.4374,1.4758,0.13410,NGP
193.4260,1.2451,0.07930,NGP
193.4113,-0.3779,0.16150,NGP
193.3762,-2.4798,0.10890,NGP
193.3357,-1.4038,0.10800,NGP
193.3273,0.2329,0.07080,NGP
193.2926,0.7588,0.10550,NGP
193.2645,-0.8361,0.17090,NGP
193.2472,0.2613,0.08280,NGP
193.1701,0.5556,0.10850,NGP
193.1647,1.8130,0.17890,NGP
193.1617,1.9387,0.07030,NGP
193.1519,-2.0627,0.01020,NGP
203.1070,1.1901,0.07980,NGP
203.0882,1.8973,0.07810,NGP
203.0849,1.5673,0.03030,NGP
202.8045,1.0383,0.15430,NGP
202.7848,1.8501,0.11340,NGP
202.7614,1.9268,0.11370,NGP
202.7365,1.0937,0.08150,NGP
202.6884,0.5938,0.11290,NGP
202.6360,1.7187,0.05840,NGP
202.6237,0.9708,0.07990,NGP
202.3584,0.7344,0.08060,NGP
202.3227,2.1672,0.08410,NGP
202.3329,1.6147,0.14120,NGP
202.1994,1.1897,0.03300,NGP
202.1356,0.6396,0.08200,NGP
202.0425,1.5399,0.08180,NGP
202.0341,0.7378,0.11760,NGP
201.9694,1.4538,0.08000,NGP
201.9740,0.9734,0.08430,NGP
201.9275,1.5007,0.11160,NGP
201.9278,1.4152,0.07970,NGP
201.9191,1.4673,0.17960,NGP
201.8194,0.8787,0.07920,NGP
201.8149,1.8216,0.08570,NGP
201.7797,1.3584,0.07780,NGP
201.7901,1.2962,0.07760,NGP
201.7657,1.3361,0.07940,NGP
201.7261,0.7301,0.11140,NGP
201.7156,0.8814,0.10060,NGP
201.6774,1.3191,0.19520,NGP
201.6655,0.6029,0.08590,NGP
201.5140,1.0745,0.11230,NGP
201.3935,1.6444,0.17560,NGP
201.2815,0.9160,0.04700,NGP
201.1835,1.6925,0.11060,NGP
201.1110,1.2499,0.10680,NGP
201.0537,0.8964,0.05510,NGP
201.0551,0.7769,0.10880,NGP
201.0037,1.2462,0.06210,NGP
200.9490,1.9875,0.13730,NGP
200.9650,1.8850,0.08210,NGP
200.8438,1.0816,0.10640,NGP
200.7837,2.1855,0.11010,NGP
200.7168,2.2083,0.07700,NGP
200.7012,1.2537,0.18310,NGP
200.5638,1.3487,0.08110,NGP
200.5389,1.1046,0.07880,NGP
200.3810,0.5956,0.10830,NGP
200.3017,1.3561,0.10410,NGP
200.2667,1.3055,0.13540,NGP
200.2521,1.2694,0.14800,NGP
200.2306,1.4480,0.08300,NGP
200.1394,1.1876,0.04760,NGP
200.1030,1.8581,0.17870,NGP
199.8768,1.0394,0.08140,NGP
199.7647,1.2879,0.08080,NGP
199.6893,1.3862,0.02340,NGP
199.6576,0.9102,0.05390,NGP
199.5988,1.4772,0.04740,NGP
199.5742,2.2166,0.02490,NGP
199.5825,0.9137,0.10090,NGP
199.5412,0.8995,0.11080,NGP
199.3987,1.6220,0.19260,NGP
199.4052,1.1610,0.09980,NGP
199.3593,1.8601,0.07940,NGP
199.3642,0.6855,0.07300,NGP
199.3337,1.3883,0.09890,NGP
199.2624,1.2694,0.14250,NGP
199.2456,0.5391,0.08090,NGP
199.2290,2.0900,0.04800,NGP
199.1787,1.8827,0.06970,NGP
199.1495,1.5408,0.07830,NGP
198.9204,1.5239,0.06680,NGP
198.8952,0.9720,0.18520,NGP
198.8535,1.1287,0.04710,NGP
198.8448,1.8023,0.12180,NGP
198.8270,1.5121,0.11250,NGP
198.8280,0.9623,0.14210,NGP
198.6816,0.8018,0.07990,NGP
198.3801,1.8191,0.16400,NGP
198.2790,0.9829,0.07340,NGP
198.2594,0.7112,0.14420,NGP
198.2244,1.1917,0.07140,NGP
198.2098,2.1239,0.04150,NGP
198.2188,1.0198,0.07010,NGP
198.1845,1.1393,0.07280,NGP
203.0858,-0.3887,0.15420,NGP
202.9960,0.4063,0.09990,NGP
203.0061,-0.7006,0.07230,NGP
202.9900,0.4004,0.09970,NGP
202.9457,-1.1467,0.16340,NGP
202.6860,-1.1574,0.11020,NGP
202.6322,-0.7340,0.10310,NGP
202.5796,-0.8704,0.03750,NGP
202.5007,-1.0624,0.14050,NGP
202.4639,0.2473,0.10370,NGP
202.3858,-1.1214,0.01360,NGP
202.2815,0.2026,0.10340,NGP
202.2233,-0.3222,0.04570,NGP
202.2048,0.0500,0.04820,NGP
202.0072,-1.3317,0.10240,NGP
201.8794,0.4247,0.08290,NGP
201.7305,-1.0017,0.06680,NGP
201.6291,-0.6018,0.18360,NGP
201.5990,0.1823,0.08080,NGP
201.5812,0.2791,0.08640,NGP
201.4722,-1.3862,0.08500,NGP
201.3262,-1.0083,0.08540,NGP
201.3099,-0.7146,0.08240,NGP
201.3100,-1.0111,0.08550,NGP
201.2482,-0.0777,0.08160,NGP
201.2342,-0.1335,0.06750,NGP
201.1892,0.4680,0.10610,NGP
201.1644,-0.5132,0.08320,NGP
201.1190,-1.3217,0.08240,NGP
201.1011,-1.3841,0.04590,NGP
201.0297,-0.6923,0.09210,NGP
201.0105,-0.3139,0.10810,NGP
200.9100,-0.9857,0.14680,NGP
200.8845,0.4401,0.10830,NGP
200.8836,0.0720,0.07810,NGP
200.8948,-0.1309,0.05160,NGP
200.7918,-0.2196,0.10140,NGP
200.7997,-0.6161,0.19260,NGP
200.7440,0.0864,0.11110,NGP
200.6960,0.2356,0.06570,NGP
200.6321,-1.1244,0.08400,NGP
200.5192,0.1586,0.17350,NGP
200.4437,-0.6049,0.18230,NGP
200.4296,-0.7744,0.11510,NGP
200.4345,-1.1930,0.16850,NGP
200.3572,-1.0346,0.10670,NGP
200.2524,-0.7476,0.10660,NGP
200.2197,-0.7146,0.08690,NGP
200.1045,-1.2015,0.08100,NGP
199.9476,0.3037,0.07370,NGP
199.9001,0.4876,0.11230,NGP
199.8683,0.1138,0.05340,NGP
199.8837,-0.0001,0.10880,NGP
199.8360,-0.7624,0.08890,NGP
199.8387,-1.1402,0.08260,NGP
199.8174,0.1078,0.10900,NGP
199.7783,-0.0821,0.19380,NGP
199.7876,-0.9142,0.08130,NGP
199.7643,-1.3961,0.10890,NGP
199.7478,-1.0289,0.08550,NGP
199.7025,-0.8927,0.08160,NGP
199.6791,-0.1789,0.04760,NGP
199.6536,-0.7792,0.16160,NGP
199.6213,-0.7644,0.11320,NGP
199.4914,-0.6542,0.11040,NGP
199.5056,-0.7141,0.08080,NGP
199.4938,-1.2845,0.04850,NGP
199.3975,-1.2593,0.08140,NGP
199.3552,-1.2229,0.01970,NGP
199.2513,-1.2140,0.14070,NGP
199.0642,-0.4363,0.11640,NGP
199.0535,-1.2981,0.09750,NGP
198.9630,-0.2039,0.15140,NGP
198.9289,-0.7374,0.08400,NGP
198.8015,-1.1860,0.11970,NGP
198.7772,-1.2152,0.08490,NGP
198.7716,-1.4145,0.11910,NGP
198.7294,-1.0132,0.11180,NGP
198.6515,-1.1084,0.08630,NGP
198.5267,-1.2052,0.11050,NGP
198.5006,-1.2401,0.10950,NGP
198.3574,-1.1263,0.08390,NGP
198.2509,-1.0252,0.08730,NGP
198.1895,0.1898,0.08420,NGP
198.1872,-0.0399,0.02910,NGP
203.1313,-2.1722,0.10520,NGP
203.0973,-1.8593,0.08150,NGP
203.0791,-1.6943,0.02280,NGP
203.0458,-2.6762,0.08510,NGP
203.0023,-1.6988,0.02170,NGP
202.9971,-1.9064,0.08330,NGP
202.9862,-1.9218,0.10800,NGP
202.9813,-2.4512,0.08740,NGP
202.9897,-2.7490,0.09430,NGP
202.9465,-2.4966,0.01060,NGP
202.8825,-2.0182,0.03530,NGP
202.8886,-2.6834,0.17890,NGP
202.8451,-1.9628,0.09140,NGP
202.7975,-1.5650,0.02090,NGP
202.7867,-2.6214,0.02080,NGP
202.7495,-1.7266,0.14850,NGP
202.7361,-1.7229,0.08270,NGP
202.6899,-1.8114,0.08110,NGP
202.6503,-1.6932,0.08380,NGP
202.6465,-1.8178,0.08110,NGP
202.6378,-2.6363,0.05370,NGP
202.5916,-1.7293,0.08940,NGP
202.5121,-1.4986,0.08820,NGP
202.5162,-1.9244,0.10810,NGP
202.4485,-2.0099,0.12940,NGP
202.4328,-2.2140,0.09060,NGP
202.4373,-2.3004,0.08540,NGP
202.4138,-1.4925,0.13840,NGP
202.0852,-2.3519,0.18280,NGP
201.9155,-2.1999,0.14090,NGP
201.8994,-2.6230,0.08340,NGP
201.8622,-2.2778,0.18380,NGP
201.8743,-2.5975,0.06920,NGP
201.8511,-2.6732,0.08650,NGP
201.8321,-1.4458,0.14140,NGP
201.6312,-2.1444,0.16140,NGP
201.4861,-2.4954,0.02980,NGP
201.4616,-1.9525,0.05370,NGP
201.3983,-2.0652,0.08530,NGP
201.3611,-1.5711,0.15030,NGP
201.3368,-1.5055,0.08370,NGP
201.1717,-1.5626,0.08410,NGP
201.1507,-1.4455,0.08290,NGP
200.9873,-2.3270,0.10640,NGP
200.9458,-1.9306,0.08520,NGP
200.9230,-1.5950,0.08390,NGP
200.9153,-1.7489,0.07990,NGP
200.8247,-1.5630,0.13980,NGP
200.6325,-2.3768,0.10820,NGP
200.5602,-1.5500,0.08370,NGP
200.5576,-1.8830,0.01860,NGP
200.5698,-1.9372,0.08600,NGP
200.4904,-1.8725,0.10860,NGP
200.4670,-2.5152,0.10970,NGP
200.3956,-1.5503,0.13690,NGP
200.2265,-1.4857,0.08440,NGP
200.1085,-1.4937,0.14140,NGP
200.0390,-2.0363,0.13620,NGP
199.6985,-1.4230,0.08570,NGP
199.6941,-1.4245,0.14130,NGP
199.6730,-1.6050,0.14600,NGP
199.5951,-2.7573,0.08490,NGP
199.4619,-1.7471,0.18290,NGP
199.4366,-2.0524,0.08060,NGP
199.3843,-1.7757,0.14580,NGP
199.2251,-2.1390,0.08140,NGP
199.0415,-2.0368,0.14280,NGP
199.0288,-2.1530,0.08260,NGP
198.8624,-1.6878,0.18270,NGP
198.8146,-2.1250,0.14350,NGP
198.7360,-2.4829,0.14570,NGP
198.7462,-2.7319,0.02970,NGP
198.5865,-1.9823,0.14360,NGP
198.4140,-2.0735,0.11350,NGP
198.3795,-2.0727,0.13410,NGP
208.1218,1.9164,0.03260,NGP
208.0617,2.1107,0.03340,NGP
207.9940,1.9217,0.03370,NGP
207.9467,1.4267,0.19370,NGP
207.9147,2.0697,0.07070,NGP
207.8330,1.7399,0.04480,NGP
207.8381,1.3919,0.09200,NGP
207.5284,2.0365,0.14520,NGP
207.5364,1.2527,0.14520,NGP
207.4967,1.0897,0.08860,NGP
207.4528,1.0235,0.04770,NGP
207.4357,1.1797,0.12910,NGP
207.4013,0.8126,0.17060,NGP
207.3888,1.1817,0.08990,NGP
207.2937,2.0569,0.16790,NGP
207.2695,1.7699,0.14490,NGP
207.2801,1.4039,0.14440,NGP
207.0621,2.2298,0.11050,NGP
206.9846,0.5432,0.17920,NGP
206.7525,2.0102,0.15630,NGP
206.7502,0.6837,0.15170,NGP
206.7091,2.0600,0.08720,NGP
206.6882,2.2458,0.15710,NGP
206.6090,2.0066,0.11000,NGP
206.5144,2.2266,0.03280,NGP
206.5142,1.5920,0.10620,NGP
206.4998,1.9695,0.07150,NGP
206.5078,0.6120,0.16690,NGP
206.4854,2.1759,0.10760,NGP
206.3143,1.9928,0.08740,NGP
206.1114,2.1255,0.07430,NGP
206.0677,1.5766,0.04140,NGP
205.8480,0.8531,0.14090,NGP
205.8351,1.1439,0.04850,NGP
205.8038,1.7948,0.07470,NGP
205.7094,2.2009,0.07500,NGP
205.6845,2.0420,0.14270,NGP
205.6694,1.2351,0.14340,NGP
205.5980,1.4319,0.07650,NGP
205.5836,2.1482,0.07070,NGP
205.5771,2.0304,0.07620,NGP
205.5814,0.8533,0.07550,NGP
205.5314,2.2064,0.07470,NGP
205.4950,2.2305,0.07390,NGP
205.4888,0.6537,0.04920,NGP
205.2978,1.0796,0.07840,NGP
205.2370,1.7648,0.14060,NGP
204.9910,1.3886,0.14570,NGP
204.9830,0.8713,0.07020,NGP
204.8780,2.0869,0.13340,NGP
204.7629,1.3822,0.14710,NGP
204.7205,2.1550,0.13440,NGP
204.5035,1.5859,0.14380,NGP
204.3834,2.1246,0.11280,NGP
204.3117,2.0078,0.07710,NGP
204.1864,1.6021,0.07620,NGP
204.1066,1.0687,0.08600,NGP
203.9970,2.0974,0.11100,NGP
203.7787,2.0643,0.11190,NGP
203.7151,2.1484,0.17980,NGP
203.6328,1.5278,0.07160,NGP
203.5393,1.0614,0.07810,NGP
203.4515,1.4824,0.17930,NGP
203.3974,1.0899,0.07850,NGP
203.3098,0.6620,0.17320,NGP
203.2575,2.1377,0.11240,NGP
203.2213,2.1042,0.11040,NGP
203.1862,0.7687,0.02210,NGP
208.0840,0.1216,0.13670,NGP
208.0812,-0.1403,0.12520,NGP
207.9627,-0.5113,0.14780,NGP
207.8990,-0.9304,0.14770,NGP
207.4806,-0.4964,0.07130,NGP
207.4670,0.2843,0.14590,NGP
207.4451,-0.7421,0.07810,NGP
207.4103,0.3641,0.04800,NGP
207.2870,-1.2134,0.12720,NGP
207.0020,-0.9312,0.08540,NGP
206.7418,-0.3538,0.08890,NGP
206.6930,-0.2934,0.07750,NGP
206.6319,-0.3048,0.14900,NGP
206.5473,-1.2241,0.08910,NGP
206.4730,0.4111,0.08910,NGP
206.4113,0.0422,0.04810,NGP
206.3950,-1.0829,0.07600,NGP
206.3808,0.0173,0.08980,NGP
206.3522,-0.2617,0.12650,NGP
206.0799,0.1985,0.08850,NGP
206.0126,-1.3834,0.12710,NGP
205.7778,-0.2016,0.08790,NGP
205.7446,-1.2380,0.14200,NGP
205.6976,0.4049,0.08880,NGP
205.5329,0.0102,0.02550,NGP
205.4410,-0.9819,0.14880,NGP
205.4181,0.2826,0.07710,NGP
205.3884,-0.4093,0.07170,NGP
205.3455,0.1849,0.07090,NGP
205.2880,0.3404,0.10020,NGP
205.2994,-0.5522,0.08720,NGP
205.1544,-0.6269,0.11380,NGP
205.0896,-0.7348,0.08820,NGP
205.0505,0.0064,0.14290,NGP
204.9191,0.0401,0.08390,NGP
204.8786,-0.5561,0.06160,NGP
204.8564,-0.1957,0.11230,NGP
204.8316,-1.2792,0.14670,NGP
204.7290,-0.7174,0.14360,NGP
204.6084,-0.2276,0.01250,NGP
204.5908,0.3915,0.12930,NGP
204.2425,0.4430,0.07400,NGP
204.1839,-1.3330,0.08640,NGP
204.1055,0.4409,0.09100,NGP
203.9987,-0.1308,0.08710,NGP
203.9408,0.3362,0.09740,NGP
203.9115,-0.9202,0.07210,NGP
203.8582,0.1326,0.03470,NGP
203.6758,-1.0290,0.08480,NGP
203.5919,0.1338,0.06510,NGP
203.4488,-1.1486,0.14250,NGP
203.4580,-1.2418,0.04770,NGP
203.3195,0.0364,0.07830,NGP
203.1510,-0.3897,0.03420,NGP
208.1436,-2.5945,0.07400,NGP
208.0940,-2.2542,0.16460,NGP
207.9582,-2.6237,0.12820,NGP
207.9236,-2.5442,0.07360,NGP
207.5098,-1.8010,0.18990,NGP
207.3218,-2.0923,0.04660,NGP
207.2564,-1.9365,0.16050,NGP
206.9982,-1.7685,0.12810,NGP
206.6440,-2.5927,0.08810,NGP
206.5617,-2.3710,0.15230,NGP
206.4682,-1.8195,0.07290,NGP
206.4518,-1.6466,0.18720,NGP
206.4472,-1.9358,0.15100,NGP
206.3742,-2.1269,0.12800,NGP
206.2887,-1.7157,0.07600,NGP
206.2375,-1.7986,0.08790,NGP
206.1723,-1.8117,0.04710,NGP
205.8363,-2.2291,0.17130,NGP
205.8467,-2.7230,0.07300,NGP
205.7840,-2.6807,0.12300,NGP
205.6600,-1.5549,0.02720,NGP
205.5895,-1.8905,0.15050,NGP
205.5653,-2.6972,0.12650,NGP
205.4217,-2.7174,0.12230,NGP
205.3224,-2.7177,0.03840,NGP
205.1441,-1.4712,0.08020,NGP
205.1404,-2.2425,0.09820,NGP
204.9817,-2.0777,0.18330,NGP
204.9596,-2.0231,0.08830,NGP
204.8980,-2.1556,0.08970,NGP
204.8850,-2.5685,0.09150,NGP
204.7887,-1.8477,0.10500,NGP
204.7739,-1.7824,0.17950,NGP
204.7774,-1.8418,0.10480,NGP
204.7287,-1.5668,0.18380,NGP
204.4104,-1.4198,0.08710,NGP
204.2971,-1.9073,0.05430,NGP
204.2473,-1.8603,0.14780,NGP
204.1756,-2.3485,0.05360,NGP
203.8020,-1.6604,0.08540,NGP
203.7277,-1.4502,0.08740,NGP
203.6060,-2.5155,0.17480,NGP
203.5727,-1.5034,0.08740,NGP
203.5490,-2.2661,0.11840,NGP
203.4482,-2.4846,0.10780,NGP
203.3440,-2.1829,0.14540,NGP
203.3092,-2.6145,0.17830,NGP
203.2214,-1.8119,0.09090,NGP
203.1897,-2.1296,0.06960,NGP
213.0868,0.0767,0.12810,NGP
213.0625,0.9397,0.10680,NGP
213.0182,-0.8873,0.07030,NGP
212.9344,0.9812,0.09310,NGP
212.9330,-0.6842,0.13680,NGP
212.9024,0.8271,0.10640,NGP
212.9006,0.9786,0.14540,NGP
212.8928,-0.1114,0.02560,NGP
212.8902,0.7388,0.12420,NGP
212.8198,0.8886,0.16040,NGP
212.8156,0.2801,0.11720,NGP
212.7768,-0.0432,0.13630,NGP
212.7679,-2.0643,0.11920,NGP
212.7515,-2.0819,0.12040,NGP
212.7502,-2.6375,0.07510,NGP
212.7004,-1.1445,0.05390,NGP
212.6940,0.2477,0.17870,NGP
212.6713,-1.5338,0.13780,NGP
212.6546,-1.4786,0.09130,NGP
212.6055,0.7827,0.17970,NGP
212.5641,-1.5727,0.11410,NGP
212.5421,-1.2876,0.11790,NGP
212.5332,-0.3969,0.09680,NGP
212.5148,0.5498,0.13570,NGP
212.5090,-1.5401,0.13880,NGP
212.4991,-1.0065,0.15120,NGP
212.5009,-1.9784,0.11410,NGP
212.4300,-0.0104,0.13460,NGP
212.4319,-1.0291,0.11390,NGP
212.4330,-1.5729,0.07270,NGP
212.4007,-1.4330,0.02450,NGP
212.3913,-1.4214,0.11690,NGP
212.3727,0.1435,0.05430,NGP
212.3564,-1.9751,0.11520,NGP
212.3292,-1.6747,0.11680,NGP
212.3024,-1.9312,0.11200,NGP
212.2729,-0.4251,0.14730,NGP
212.2626,-0.1825,0.14630,NGP
212.2126,-0.8631,0.17560,NGP
212.1665,-1.1361,0.13960,NGP
212.0802,0.6220,0.04080,NGP
212.0713,-0.0380,0.15970,NGP
212.0189,-0.7196,0.13850,NGP
212.0207,-2.2578,0.11500,NGP
212.0131,0.0493,0.08510,NGP
212.0065,-0.2257,0.05310,NGP
212.0021,-0.8219,0.05460,NGP
211.9658,0.7112,0.11290,NGP
211.9448,-1.0502,0.02600,NGP
211.9261,-2.5704,0.13780,NGP
211.9194,-1.7296,0.11250,NGP
211.9108,-1.7572,0.11320,NGP
211.8988,0.7241,0.16600,NGP
211.9045,-2.5954,0.13840,NGP
211.8245,-1.5943,0.07330,NGP
211.8008,-0.9335,0.05460,NGP
211.7794,-0.2783,0.13900,NGP
211.7655,0.8614,0.04810,NGP
211.7545,-0.1038,0.10630,NGP
211.7379,-2.2606,0.18490,NGP
211.6272,-0.0004,0.16440,NGP
211.5856,-0.5691,0.11150,NGP
211.5713,-0.8629,0.08230,NGP
211.5352,-1.2221,0.04190,NGP
211.4783,0.4607,0.10540,NGP
211.3718,0.9041,0.05770,NGP
211.3329,-2.5590,0.15140,NGP
211.2283,-2.3814,0.02480,NGP
211.2178,0.1777,0.16440,NGP
211.1099,-1.9909,0.17220,NGP
211.1040,-0.9009,0.14830,NGP
211.0887,-0.5393,0.11070,NGP
211.0572,0.5176,0.02980,NGP
211.0597,-1.7642,0.02440,NGP
211.0504,1.1375,0.12080,NGP
210.9998,-1.4182,0.08860,NGP
210.9999,-1.6649,0.05040,NGP
210.9653,-2.4518,0.06810,NGP
210.9460,-1.7302,0.10460,NGP
210.9400,-1.5864,0.10530,NGP
210.9270,-1.1374,0.02660,NGP
210.9055,0.0726,0.16350,NGP
210.9011,-2.1561,0.17490,NGP
210.8906,-0.7680,0.16000,NGP
210.8460,-1.9974,0.05090,NGP
210.8368,-1.2291,0.16350,NGP
210.6907,-0.3052,0.10970,NGP
210.6819,-2.3347,0.02450,NGP
210.6675,0.8638,0.04290,NGP
210.6326,-0.7493,0.16880,NGP
210.6123,-2.3462,0.14360,NGP
210.5920,-0.0507,0.08240,NGP
210.5581,-1.1906,0.14550,NGP
210.5084,0.9931,0.02400,NGP
210.4751,-2.4873,0.05470,NGP
210.4582,-1.8894,0.13090,NGP
210.4422,0.0186,0.18610,NGP
210.4446,-1.8994,0.13130,NGP
210.4219,-0.3354,0.07400,NGP
210.3893,0.5358,0.11810,NGP
210.3902,0.0552,0.18770,NGP
210.3801,0.0328,0.18770,NGP
210.3582,-0.1699,0.07160,NGP
210.3399,-1.1873,0.16450,NGP
210.2622,0.1594,0.13820,NGP
210.2634,-1.4622,0.05970,NGP
210.2141,-0.1874,0.08160,NGP
210.1866,-0.5191,0.16330,NGP
210.1821,-0.5151,0.16440,NGP
210.1494,-1.5043,0.14730,NGP
210.1433,0.1187,0.04390,NGP
210.0678,1.0477,0.08040,NGP
210.0328,-0.6510,0.19240,NGP
209.9828,-1.1432,0.16680,NGP
209.9620,-2.1149,0.08870,NGP
209.9443,-1.7073,0.14900,NGP
209.9420,-0.6355,0.18520,NGP
209.9419,1.0756,0.04900,NGP
209.8841,-1.9311,0.07290,NGP
209.8589,-0.2044,0.16530,NGP
209.8343,1.4154,0.19940,NGP
209.7577,-2.4521,0.11540,NGP
209.7432,-1.7244,0.14690,NGP
209.7251,1.0366,0.16710,NGP
209.7049,1.3787,0.16680,NGP
209.6797,0.3195,0.03300,NGP
209.6131,1.0604,0.16740,NGP
209.5318,0.2940,0.18950,NGP
209.5280,-1.3211,0.07350,NGP
209.4900,1.4221,0.10350,NGP
209.4856,-2.6284,0.11550,NGP
209.4844,-2.2035,0.11540,NGP
209.4265,2.2031,0.08030,NGP
209.4225,-1.6169,0.14670,NGP
209.4037,0.7072,0.14420,NGP
209.3928,0.7133,0.05410,NGP
209.3710,-2.6587,0.13360,NGP
209.3662,-1.7213,0.19790,NGP
209.3346,-0.4367,0.15500,NGP
209.3293,1.0151,0.13600,NGP
209.3208,-0.2944,0.14510,NGP
209.2936,-0.8326,0.08890,NGP
209.2805,-0.8068,0.10600,NGP
209.2783,0.4100,0.03150,NGP
209.2582,1.9884,0.14460,NGP
209.2452,0.3845,0.13000,NGP
209.1935,-0.7289,0.16260,NGP
209.1401,-2.1291,0.14390,NGP
209.1230,-0.2867,0.02910,NGP
209.0895,-1.0641,0.14900,NGP
209.0696,0.2638,0.14580,NGP
209.0323,-0.3641,0.07210,NGP
209.0299,-0.7744,0.11620,NGP
208.9914,0.2580,0.13340,NGP
208.9782,0.5800,0.18000,NGP
208.9825,-1.2810,0.02500,NGP
208.9747,-0.4379,0.14290,NGP
208.8748,-0.5436,0.11480,NGP
208.8541,1.1641,0.17660,NGP
208.8340,-2.0150,0.08170,NGP
208.7801,0.5162,0.16460,NGP
208.7377,-0.6601,0.08770,NGP
208.6685,2.0754,0.16970,NGP
208.6690,0.2713,0.07090,NGP
208.6365,-1.8905,0.14640,NGP
208.6272,-2.3236,0.04680,NGP
208.5971,-1.9919,0.07550,NGP
208.5905,-2.5137,0.09250,NGP
208.5758,-1.0759,0.14820,NGP
208.5699,-0.1106,0.10470,NGP
208.5179,-1.4221,0.14350,NGP
208.4348,1.1880,0.01590,NGP
208.4343,-1.2698,0.14620,NGP
208.4062,-2.6541,0.07530,NGP
208.3541,-2.3878,0.14930,NGP
208.3328,2.0411,0.09070,NGP
208.3107,2.0068,0.10140,NGP
208.3011,1.6332,0.11740,NGP
208.2659,0.6412,0.11450,NGP
208.1721,0.1573,0.16600,NGP
208.1504,1.7135,0.09220,NGP
218.0644,0.7672,0.07160,NGP
217.4470,0.6876,0.05340,NGP
216.9204,0.7749,0.08420,NGP
216.7625,1.3627,0.05610,NGP
216.5352,0.9081,0.12510,NGP
216.4747,1.2041,0.08590,NGP
216.3311,1.4904,0.12400,NGP
216.0907,1.2367,0.15130,NGP
216.0495,2.1695,0.05380,NGP
216.0175,1.6566,0.10970,NGP
215.8779,0.9185,0.03950,NGP
215.7541,0.7944,0.05380,NGP
215.6514,1.9992,0.06720,NGP
215.4058,2.1639,0.19080,NGP
215.1337,2.0643,0.06820,NGP
214.7085,1.0556,0.11220,NGP
214.1998,0.9113,0.08460,NGP
213.7664,0.7242,0.11830,NGP
213.1954,1.0730,0.07050,NGP
218.1400,0.1075,0.05540,NGP
218.1083,0.0576,0.09300,NGP
218.0608,0.3930,0.11870,NGP
217.8927,-0.2009,0.09400,NGP
217.8705,-0.1549,0.09300,NGP
217.7996,-0.4303,0.12440,NGP
217.7730,-0.9437,0.02540,NGP
217.7142,-0.2072,0.12130,NGP
217.7119,0.1482,0.13550,NGP
217.6421,0.3407,0.13240,NGP
217.4857,0.2981,0.09180,NGP
217.4690,-0.6944,0.13150,NGP
217.4451,0.4243,0.05400,NGP
217.4512,0.2829,0.05560,NGP
217.4591,-0.1170,0.08620,NGP
217.4382,0.2530,0.05600,NGP
217.4041,0.3686,0.05670,NGP
217.3595,0.3976,0.05630,NGP
217.2995,-0.2378,0.03450,NGP
217.3010,-1.1878,0.06010,NGP
217.1928,-0.0460,0.18420,NGP
217.1184,-0.9431,0.14810,NGP
217.0965,0.4156,0.08430,NGP
217.0327,-0.6685,0.13310,NGP
216.9745,-0.4917,0.08840,NGP
216.8333,0.0997,0.08430,NGP
216.8399,-0.7951,0.02960,NGP
216.6286,-0.5598,0.13590,NGP
216.6085,-0.2656,0.07840,NGP
216.6125,-1.1691,0.08250,NGP
216.5367,-1.2024,0.05510,NGP
216.4997,0.5229,0.13440,NGP
216.4795,-0.2715,0.12930,NGP
216.4277,-0.7984,0.10340,NGP
216.3854,-0.8300,0.10290,NGP
216.3312,0.3482,0.08510,NGP
216.0499,-0.3826,0.13950,NGP
215.9975,-0.8911,0.13430,NGP
215.9035,0.4946,0.10380,NGP
215.8706,-1.2529,0.13720,NGP
215.6328,-0.7469,0.05080,NGP
215.5555,-0.1762,0.02910,NGP
215.5023,-0.2354,0.14010,NGP
215.4805,-0.5568,0.05280,NGP
215.4418,-0.3212,0.18500,NGP
215.1321,-0.7011,0.10190,NGP
215.1246,-0.9089,0.08690,NGP
215.0872,-0.9932,0.08230,NGP
215.0424,0.4786,0.13740,NGP
215.0135,-0.3676,0.12570,NGP
214.8120,-0.4262,0.05170,NGP
214.7278,-0.3182,0.14780,NGP
214.6477,0.1572,0.05300,NGP
214.4001,-1.0868,0.08610,NGP
214.3291,-1.2212,0.13730,NGP
214.0565,-1.3327,0.07730,NGP
214.0411,-0.6325,0.08380,NGP
213.9464,-1.2874,0.14750,NGP
213.8987,-1.2571,0.14960,NGP
213.7961,-0.0212,0.13390,NGP
213.8017,-1.1291,0.07630,NGP
213.7674,-0.2502,0.12560,NGP
213.7363,-0.0359,0.18100,NGP
213.7112,0.3189,0.03830,NGP
213.6987,-0.0671,0.13610,NGP
213.7007,-0.4565,0.14080,NGP
213.6694,0.3961,0.05440,NGP
213.6350,-0.2618,0.13770,NGP
213.6154,-0.4692,0.02600,NGP
213.6220,-0.6243,0.08370,NGP
213.5736,0.2268,0.19250,NGP
213.5316,-0.3963,0.13990,NGP
213.4546,-0.7754,0.11960,NGP
213.2733,0.3421,0.14250,NGP
213.2727,-0.0170,0.17910,NGP
213.2718,-0.4604,0.13790,NGP
213.2089,-0.2960,0.13810,NGP
218.1292,-2.3353,0.12260,NGP
217.9678,-1.4795,0.09130,NGP
217.9108,-1.3510,0.02980,NGP
217.9056,-1.4405,0.19460,NGP
217.8418,-1.7222,0.09190,NGP
217.7050,-1.5720,0.12180,NGP
217.5790,-1.7878,0.05610,NGP
217.2822,-2.1626,0.05380,NGP
217.1824,-1.6586,0.03600,NGP
216.9893,-1.6313,0.05500,NGP
216.9320,-1.5873,0.02340,NGP
216.8910,-2.1792,0.13810,NGP
216.8616,-2.1154,0.05570,NGP
216.8403,-1.5657,0.13830,NGP
216.8133,-2.5385,0.17460,NGP
216.6753,-1.3635,0.08270,NGP
216.6895,-2.5913,0.08390,NGP
216.5846,-1.8441,0.05640,NGP
216.5701,-1.5355,0.05440,NGP
216.5629,-2.2624,0.11990,NGP
216.5327,-2.6448,0.11700,NGP
216.4460,-2.4311,0.08140,NGP
216.3947,-1.3763,0.05510,NGP
216.3215,-1.5269,0.07350,NGP
216.2080,-1.6773,0.05650,NGP
216.1913,-1.5993,0.09240,NGP
216.0066,-2.6549,0.05390,NGP
215.9513,-2.5506,0.12640,NGP
215.7786,-2.4831,0.10190,NGP
215.7171,-2.2434,0.10190,NGP
215.6969,-1.8695,0.09040,NGP
215.7035,-2.5773,0.05330,NGP
215.5020,-1.7544,0.08190,NGP
215.3314,-2.6771,0.15420,NGP
215.2983,-2.6304,0.10060,NGP
215.0157,-2.1467,0.09580,NGP
214.9210,-2.6064,0.13110,NGP
214.9017,-2.5863,0.13040,NGP
214.7517,-2.0684,0.07720,NGP
214.6684,-1.4883,0.12030,NGP
214.6681,-1.8100,0.12080,NGP
214.6489,-1.5521,0.12570,NGP
214.6068,-2.1695,0.11940,NGP
214.4687,-2.4674,0.13990,NGP
214.4055,-2.7269,0.04500,NGP
214.2667,-1.6479,0.12680,NGP
214.0550,-2.5004,0.17460,NGP
213.9884,-2.0917,0.04760,NGP
213.8083,-1.6178,0.14960,NGP
213.7572,-2.6002,0.04730,NGP
213.6376,-1.8893,0.12090,NGP
213.5738,-2.5179,0.07580,NGP
213.5566,-1.7803,0.14980,NGP
213.2715,-1.6211,0.13760,NGP
213.2547,-2.6548,0.07640,NGP
213.2190,-2.6550,0.14850,NGP
213.1927,-2.1290,0.15930,NGP
221.8015,0.8006,0.17120,NGP
221.7053,0.5991,0.17170,NGP
220.4528,0.6878,0.00550,NGP
220.0456,0.6181,0.08210,NGP
219.2750,0.8885,0.07830,NGP
218.9839,0.6357,0.17730,NGP
218.7176,0.7339,0.12030,NGP
218.6999,0.9547,0.07760,NGP
218.6296,0.6925,0.07180,NGP
218.6127,1.0804,0.07880,NGP
218.4656,0.5970,0.11460,NGP
222.7626,-0.5273,0.04330,NGP
222.7192,0.0945,0.04290,NGP
222.6170,-0.8804,0.08300,NGP
222.3208,0.3108,0.05600,NGP
222.0361,-0.3792,0.13000,NGP
222.0053,0.3463,0.12030,NGP
221.8501,-0.4032,0.17450,NGP
221.8440,-0.0958,0.07980,NGP
221.7950,-0.7703,0.14360,NGP
221.7687,-1.3374,0.14330,NGP
221.6717,0.2765,0.10040,NGP
221.4081,-0.9843,0.13200,NGP
221.2940,-0.7670,0.05740,NGP
221.2137,-1.2308,0.13150,NGP
221.0980,0.2866,0.15890,NGP
221.0098,-1.1155,0.14890,NGP
220.9862,-0.4084,0.07360,NGP
220.9246,-1.0838,0.08280,NGP
220.8604,0.4725,0.17730,NGP
220.8015,0.1191,0.07340,NGP
220.7370,-0.4806,0.14900,NGP
220.6252,-0.8525,0.14860,NGP
220.2600,-0.1416,0.14620,NGP
220.1280,-0.5440,0.11480,NGP
220.0902,0.4010,0.16460,NGP
220.0673,-0.2248,0.14040,NGP
220.0515,-0.6914,0.13750,NGP
219.7782,-0.4319,0.10780,NGP
219.7865,-0.5363,0.11510,NGP
219.7722,-0.7922,0.15160,NGP
219.7845,-0.8083,0.11600,NGP
219.6079,-0.3490,0.17940,NGP
219.4650,-0.6724,0.08090,NGP
219.4468,-1.2744,0.15830,NGP
219.4404,-0.4741,0.12240,NGP
219.3984,-0.5568,0.17920,NGP
219.3830,-0.3504,0.09880,NGP
219.3305,-1.0705,0.10460,NGP
219.1974,-0.7595,0.03750,NGP
219.1375,0.4329,0.07200,NGP
219.0855,-0.5783,0.08130,NGP
219.0713,-0.2671,0.08940,NGP
218.9835,0.3024,0.10820,NGP
218.9115,-1.3150,0.05570,NGP
218.8811,0.3425,0.03400,NGP
218.7733,-0.7601,0.08090,NGP
218.5905,-1.0081,0.02520,NGP
218.3735,-0.0658,0.12450,NGP
218.3732,-1.2864,0.11540,NGP
218.3399,-0.5234,0.13640,NGP
218.3158,-1.1394,0.01320,NGP
218.3024,-0.2591,0.03010,NGP
218.1742,-0.4146,0.08830,NGP
222.1374,-2.5655,0.04350,NGP
221.8674,-1.6339,0.04260,NGP
221.6056,-1.3885,0.07600,NGP
221.2352,-2.6114,0.02980,NGP
221.1996,-2.2192,0.15190,NGP
220.9129,-2.3975,0.04340,NGP
220.8301,-2.4615,0.13210,NGP
220.8157,-2.6933,0.15300,NGP
220.6561,-1.9399,0.03500,NGP
220.4661,-2.4018,0.08540,NGP
220.2752,-2.4495,0.18250,NGP
220.1773,-2.4958,0.10450,NGP
220.1306,-1.6603,0.13250,NGP
220.0973,-1.8178,0.11540,NGP
219.7735,-2.1086,0.12080,NGP
219.5377,-1.5853,0.04600,NGP
219.5385,-2.2880,0.11540,NGP
219.5205,-2.5631,0.05700,NGP
219.4625,-2.3228,0.11990,NGP
219.4479,-2.4330,0.14620,NGP
219.2921,-1.6818,0.05640,NGP
218.3956,-2.6061,0.07840,NGP
3.6080,-32.7115,0.10360,SGP
3.5821,-33.5514,0.18180,SGP
3.4970,-33.0897,0.10590,SGP
3.5325,-33.7685,0.11140,SGP
3.4951,-33.7489,0.11140,SGP
3.4502,-33.4293,0.19930,SGP
3.3808,-32.6237,0.10440,SGP
3.3361,-32.4969,0.10460,SGP
3.3056,-32.2668,0.16340,SGP
3.2586,-32.3336,0.18900,SGP
3.1029,-33.3199,0.10200,SGP
3.0042,-33.2586,0.14090,SGP
2.9299,-33.7907,0.09880,SGP
2.8954,-33.9214,0.09940,SGP
2.8745,-33.7158,0.15490,SGP
2.8384,-33.2994,0.18920,SGP
2.7300,-33.4092,0.02660,SGP
2.5846,-33.6630,0.12260,SGP
2.3334,-33.6199,0.10890,SGP
2.2304,-33.7432,0.14940,SGP
2.1788,-32.7096,0.03050,SGP
1.6143,-32.2564,0.10910,SGP
1.5132,-32.7043,0.04530,SGP
1.5222,-33.3636,0.12070,SGP
1.4755,-32.7687,0.04860,SGP
1.4283,-32.8169,0.12100,SGP
1.3154,-32.3479,0.13100,SGP
1.2185,-32.2364,0.11250,SGP
1.1779,-33.2374,0.19110,SGP
1.0364,-33.6105,0.07410,SGP
0.8830,-32.5571,0.05930,SGP
0.7011,-32.4848,0.13310,SGP
0.2710,-32.5937,0.11980,SGP
0.2415,-32.6685,0.04280,SGP
0.1621,-32.4634,0.12480,SGP
359.8368,-32.6020,0.13960,SGP
359.5395,-33.0372,0.10740,SGP
359.4847,-32.4558,0.08760,SGP
359.4259,-32.4308,0.12770,SGP
359.1362,-32.3957,0.11100,SGP
359.0735,-32.8918,0.05680,SGP
358.8646,-33.6602,0.06300,SGP
358.7908,-32.6928,0.05840,SGP
358.7791,-32.7655,0.06130,SGP
358.7230,-32.6051,0.05940,SGP
358.5785,-33.0849,0.10720,SGP
358.5791,-33.2749,0.04860,SGP
358.5518,-32.3867,0.08970,SGP
358.4943,-32.4654,0.05750,SGP
358.3743,-33.7907,0.14160,SGP
358.3597,-33.1056,0.10680,SGP
358.3113,-33.0901,0.14650,SGP
358.2705,-33.6329,0.06060,SGP
358.2912,-32.5548,0.07590,SGP
358.1521,-33.8999,0.05600,SGP
358.1732,-32.8715,0.11870,SGP
358.0876,-33.0154,0.07370,SGP
358.0852,-33.3839,0.07800,SGP
3.6288,-35.4174,0.08830,SGP
3.5598,-34.7954,0.11040,SGP
3.5417,-34.9043,0.17450,SGP
3.5382,-35.8162,0.19300,SGP
2.9489,-34.0320,0.14160,SGP
2.8927,-34.7882,0.11320,SGP
2.7785,-34.1536,0.09980,SGP
2.6034,-35.2674,0.12040,SGP
2.5576,-34.0958,0.19090,SGP
2.5701,-34.5338,0.04960,SGP
2.5434,-35.4779,0.04860,SGP
2.5153,-35.2158,0.04750,SGP
2.4650,-35.2586,0.05040,SGP
2.3988,-34.0076,0.12800,SGP
2.4322,-35.3688,0.13710,SGP
2.3677,-34.1496,0.11430,SGP
2.3267,-35.6154,0.15330,SGP
2.2567,-34.2441,0.12890,SGP
2.2783,-35.2255,0.05220,SGP
2.2082,-34.1033,0.07500,SGP
2.0068,-34.6453,0.11150,SGP
2.0120,-34.9434,0.19370,SGP
1.6652,-34.5991,0.11400,SGP
1.6484,-34.8359,0.19000,SGP
1.5650,-34.6173,0.11560,SGP
1.4176,-34.7268,0.11160,SGP
1.2669,-34.5089,0.09770,SGP
1.2455,-34.6226,0.11410,SGP
1.2192,-35.5708,0.12920,SGP
1.1463,-34.2239,0.12590,SGP
1.0227,-35.6766,0.05000,SGP
0.9760,-34.0155,0.11370,SGP
0.9555,-35.5333,0.11850,SGP
0.6733,-34.3962,0.11120,SGP
0.6305,-34.4170,0.11100,SGP
0.4597,-34.1529,0.16930,SGP
0.4475,-35.3877,0.05000,SGP
0.4315,-35.0464,0.14000,SGP
0.2029,-34.3971,0.05560,SGP
0.1036,-34.6966,0.19410,SGP
0.0680,-35.3972,0.13060,SGP
0.0519,-34.4224,0.11460,SGP
0.0495,-34.8979,0.15210,SGP
359.7594,-35.4697,0.16570,SGP
359.7612,-34.3852,0.11300,SGP
359.7352,-35.0741,0.04920,SGP
359.6636,-34.6987,0.11410,SGP
359.6336,-35.2536,0.14290,SGP
359.5862,-34.0347,0.04760,SGP
359.5194,-35.1367,0.03320,SGP
359.4969,-35.1487,0.04970,SGP
359.4917,-34.9526,0.04850,SGP
359.4543,-34.0599,0.13150,SGP
359.4265,-35.0723,0.05010,SGP
359.3594,-35.4927,0.12870,SGP
359.3621,-35.1438,0.13040,SGP
359.3349,-34.0711,0.17740,SGP
359.2441,-34.7731,0.05020,SGP
359.2327,-34.6721,0.13170,SGP
359.1688,-35.7589,0.09720,SGP
359.1432,-35.1681,0.04910,SGP
359.0569,-34.8370,0.05260,SGP
358.9927,-35.1852,0.04710,SGP
358.9829,-34.4462,0.17620,SGP
358.8119,-33.9578,0.11410,SGP
358.6995,-34.1915,0.11280,SGP
358.6687,-34.3768,0.07960,SGP
358.2923,-34.3406,0.14890,SGP
358.2232,-34.1251,0.14860,SGP
9.4929,-32.8428,0.15110,SGP
9.4736,-33.7108,0.11870,SGP
9.2396,-32.3221,0.08960,SGP
9.0466,-32.5750,0.01450,SGP
8.9746,-33.7417,0.14800,SGP
8.7954,-33.3748,0.03210,SGP
8.4953,-32.7996,0.06110,SGP
8.2469,-33.3758,0.11890,SGP
8.0835,-32.3869,0.11710,SGP
8.0822,-32.9257,0.15480,SGP
7.5567,-32.6191,0.16710,SGP
7.4181,-33.3472,0.10910,SGP
7.2223,-33.3174,0.14290,SGP
7.1543,-32.7198,0.13910,SGP
6.9976,-32.6737,0.11480,SGP
6.9650,-32.6139,0.06400,SGP
6.8316,-33.3328,0.13660,SGP
6.8006,-32.7970,0.19370,SGP
6.7715,-33.2040,0.08920,SGP
6.7006,-32.7659,0.05050,SGP
6.6895,-33.0027,0.12770,SGP
6.7014,-33.7323,0.16930,SGP
6.6253,-32.2901,0.09540,SGP
6.6027,-32.3887,0.13440,SGP
6.5837,-32.7321,0.05020,SGP
6.5735,-32.7584,0.04280,SGP
6.5197,-32.6447,0.04830,SGP
6.5184,-32.7021,0.04180,SGP
6.3604,-33.0452,0.04830,SGP
6.2698,-33.1038,0.04700,SGP
6.2081,-33.2191,0.04880,SGP
6.1889,-32.3524,0.11460,SGP
6.1804,-32.7428,0.04710,SGP
6.1507,-32.9223,0.04930,SGP
6.0632,-33.5291,0.10760,SGP
6.0295,-33.6505,0.06100,SGP
5.9812,-32.7457,0.05150,SGP
5.9602,-33.0477,0.05100,SGP
5.8688,-32.6791,0.13360,SGP
5.7800,-32.9577,0.10720,SGP
5.7329,-32.8300,0.12740,SGP
5.6306,-33.6026,0.04990,SGP
5.5446,-33.6390,0.11100,SGP
5.2820,-33.5343,0.09780,SGP
5.2691,-33.3198,0.16130,SGP
5.2679,-33.3718,0.01130,SGP
5.1865,-32.9396,0.13940,SGP
5.0661,-32.2911,0.18970,SGP
5.0358,-32.5507,0.10680,SGP
5.0160,-33.4232,0.10970,SGP
4.9730,-33.1967,0.11630,SGP
4.8619,-32.9526,0.11420,SGP
4.7881,-33.0800,0.11480,SGP
4.7577,-32.5323,0.09300,SGP
4.7440,-32.6416,0.10120,SGP
4.6820,-33.1339,0.02470,SGP
4.6662,-33.3974,0.11010,SGP
4.4967,-33.4128,0.11790,SGP
4.4794,-32.5270,0.02450,SGP
4.3596,-32.6380,0.12780,SGP
4.3347,-32.2394,0.05860,SGP
4.2091,-33.1498,0.10360,SGP
3.9377,-32.3194,0.09320,SGP
3.8142,-33.2011,0.06200,SGP
3.7936,-32.6529,0.19560,SGP
3.7090,-33.7282,0.11320,SGP
9.0695,-34.5913,0.18660,SGP
9.0370,-33.8154,0.10900,SGP
8.9237,-34.8628,0.18620,SGP
8.8850,-34.9196,0.18710,SGP
8.8370,-35.4507,0.07380,SGP
8.6107,-34.0328,0.14900,SGP
8.3692,-34.1445,0.11090,SGP
8.3852,-35.3525,0.09970,SGP
8.2973,-34.1851,0.18670,SGP
8.2110,-34.8890,0.18630,SGP
8.2294,-35.2286,0.11260,SGP
8.1366,-35.5420,0.18130,SGP
7.8420,-35.2434,0.03620,SGP
7.4715,-35.6674,0.11890,SGP
7.2402,-35.4437,0.10910,SGP
7.1654,-34.2234,0.13750,SGP
7.0919,-35.4306,0.10660,SGP
7.0250,-34.4091,0.11650,SGP
6.9968,-33.8218,0.12590,SGP
7.0057,-34.0436,0.10970,SGP
6.8105,-34.1533,0.14570,SGP
6.6928,-34.1235,0.09760,SGP
6.6344,-35.2974,0.11040,SGP
6.5257,-34.4109,0.10680,SGP
6.4434,-35.2546,0.10640,SGP
6.4008,-34.9143,0.04760,SGP
6.3250,-34.5295,0.06570,SGP
6.3085,-35.4871,0.15980,SGP
6.2084,-35.4954,0.13440,SGP
6.1562,-34.4508,0.11730,SGP
6.0827,-34.2699,0.14630,SGP
6.0145,-34.9603,0.10490,SGP
6.0020,-34.1554,0.11000,SGP
5.9520,-34.4691,0.18510,SGP
5.7500,-33.8403,0.10550,SGP
5.6138,-35.6747,0.10830,SGP
5.3296,-33.9742,0.16420,SGP
5.2020,-35.2691,0.02560,SGP
5.1737,-35.5074,0.11840,SGP
5.1210,-33.8935,0.11030,SGP
5.0842,-34.2412,0.15250,SGP
4.6522,-35.1867,0.09680,SGP
4.6332,-34.3867,0.09500,SGP
4.5198,-33.8741,0.02520,SGP
4.4890,-33.8980,0.02990,SGP
4.4054,-34.4774,0.14030,SGP
4.2472,-35.2329,0.17830,SGP
4.2262,-34.5306,0.11650,SGP
4.1843,-33.8999,0.06340,SGP
4.1756,-33.9361,0.05030,SGP
4.1348,-34.7656,0.15000,SGP
3.9120,-34.9873,0.14200,SGP
3.8562,-34.5423,0.11070,SGP
3.6827,-35.5901,0.10940,SGP
3.6570,-35.1451,0.18300,SGP
3.6670,-34.6587,0.11600,SGP
5.6981,-35.8225,0.15540,SGP
15.4730,-33.2939,0.11580,SGP
15.3627,-33.1841,0.03080,SGP
15.3193,-32.3585,0.16630,SGP
15.2908,-32.6129,0.06090,SGP
15.2846,-32.7108,0.11480,SGP
15.2575,-33.2747,0.11400,SGP
15.2579,-33.3690,0.14700,SGP
15.1514,-32.4009,0.04990,SGP
15.1212,-33.2221,0.17930,SGP
15.0990,-33.4363,0.11630,SGP
15.0513,-32.6606,0.13370,SGP
14.9077,-32.8382,0.11680,SGP
14.7847,-32.5028,0.11420,SGP
14.7965,-32.5847,0.06630,SGP
14.6004,-33.9331,0.13640,SGP
14.5419,-33.6815,0.17860,SGP
14.3535,-33.6314,0.14070,SGP
14.3094,-33.5142,0.11370,SGP
13.9577,-33.5357,0.12550,SGP
13.8680,-32.9792,0.03700,SGP
13.3823,-33.1504,0.14070,SGP
12.9635,-33.9324,0.04240,SGP
12.8313,-33.3800,0.05780,SGP
12.7583,-32.4146,0.16060,SGP
12.7144,-33.3445,0.05930,SGP
12.6677,-33.8323,0.12960,SGP
12.5906,-32.6774,0.11160,SGP
12.4320,-33.4921,0.18280,SGP
12.4360,-33.6336,0.14870,SGP
12.4035,-32.4854,0.12780,SGP
12.2988,-33.6788,0.08640,SGP
12.1757,-33.0204,0.12850,SGP
12.0649,-32.9490,0.06430,SGP
11.8172,-33.1256,0.07740,SGP
11.7736,-33.8299,0.14180,SGP
11.7314,-33.7940,0.03890,SGP
11.6010,-32.8231,0.06060,SGP
11.5505,-33.5489,0.07780,SGP
11.3544,-33.0256,0.19070,SGP
11.3404,-33.0822,0.11250,SGP
11.2612,-32.4707,0.04070,SGP
11.2240,-33.8181,0.04740,SGP
11.1493,-33.7490,0.11040,SGP
10.8647,-32.9757,0.10710,SGP
10.5015,-33.9415,0.13590,SGP
10.4761,-32.7887,0.15080,SGP
10.3796,-33.1150,0.12510,SGP
10.3515,-33.1324,0.12540,SGP
10.2968,-33.0042,0.12120,SGP
9.8956,-33.3039,0.14840,SGP
9.8709,-32.8144,0.11800,SGP
9.8388,-33.3116,0.11970,SGP
15.5425,-33.9976,0.17890,SGP
15.4725,-34.3213,0.04830,SGP
15.3457,-34.1509,0.17790,SGP
15.3806,-35.1024,0.04760,SGP
15.2770,-34.8132,0.13310,SGP
15.1160,-35.7659,0.18420,SGP
15.0314,-35.8664,0.08790,SGP
14.9689,-34.8273,0.14080,SGP
14.9481,-34.2922,0.11590,SGP
14.7427,-34.0741,0.03400,SGP
14.5535,-35.7903,0.16030,SGP
14.4244,-34.5286,0.17410,SGP
14.2700,-34.2952,0.11510,SGP
14.2262,-34.5640,0.13540,SGP
14.1489,-34.0464,0.19430,SGP
14.1436,-35.1914,0.11080,SGP
14.1178,-35.2710,0.04770,SGP
14.0507,-33.9996,0.19170,SGP
14.0665,-35.2540,0.04810,SGP
14.0491,-34.9568,0.19590,SGP
13.7815,-34.0587,0.17890,SGP
13.7430,-34.1241,0.11340,SGP
13.6804,-34.3409,0.11040,SGP
13.6164,-34.3305,0.11030,SGP
12.7260,-34.1742,0.05780,SGP
14.5769,-35.9293,0.04780,SGP
21.4166,-33.2175,0.19760,SGP
21.3330,-32.8995,0.07040,SGP
21.3570,-33.6571,0.13340,SGP
21.2428,-32.6501,0.07430,SGP
21.2574,-33.7822,0.17480,SGP
21.1420,-33.2975,0.13010,SGP
21.0902,-33.9058,0.13400,SGP
20.9724,-33.3956,0.13440,SGP
20.8173,-32.5296,0.09580,SGP
20.8283,-33.7484,0.12590,SGP
20.7719,-32.8364,0.06680,SGP
20.6713,-32.4935,0.06760,SGP
20.6622,-32.9102,0.13270,SGP
20.6635,-33.2907,0.13430,SGP
20.6205,-32.7018,0.06650,SGP
20.5774,-33.0438,0.13140,SGP
20.4708,-33.7545,0.13630,SGP
20.2853,-33.4289,0.07480,SGP
20.2403,-32.6782,0.03040,SGP
19.9531,-32.7298,0.03040,SGP
19.9392,-33.3638,0.17070,SGP
19.8755,-33.4621,0.18690,SGP
19.8430,-32.8049,0.07300,SGP
19.7000,-32.8768,0.16640,SGP
19.7056,-33.4696,0.06620,SGP
19.6747,-32.6370,0.06770,SGP
19.5383,-32.9993,0.14810,SGP
19.3909,-32.3633,0.05890,SGP
19.3720,-33.2360,0.18950,SGP
19.3332,-33.8516,0.06640,SGP
19.3033,-33.8524,0.06690,SGP
19.2625,-33.8483,0.06650,SGP
19.2145,-32.3483,0.05770,SGP
19.1600,-32.9278,0.01870,SGP
19.0748,-32.5462,0.16810,SGP
18.9744,-32.3875,0.15590,SGP
18.9264,-32.9496,0.02200,SGP
18.8116,-33.6131,0.05810,SGP
18.7533,-32.2438,0.01930,SGP
18.6926,-33.9384,0.06660,SGP
18.6671,-32.5571,0.19950,SGP
18.6265,-32.3931,0.06810,SGP
18.6045,-32.6343,0.03310,SGP
18.3783,-32.9656,0.07120,SGP
18.3561,-32.8148,0.03420,SGP
18.1716,-33.1833,0.12040,SGP
18.1663,-33.0289,0.19680,SGP
18.1176,-32.7370,0.07520,SGP
18.0403,-32.7755,0.03360,SGP
17.9892,-32.9844,0.11850,SGP
17.9356,-33.3848,0.08140,SGP
17.7149,-32.2733,0.07580,SGP
17.6887,-32.5057,0.08170,SGP
17.3825,-33.5904,0.11920,SGP
17.3703,-32.4487,0.12010,SGP
17.3020,-32.5913,0.11920,SGP
16.5816,-33.3850,0.15390,SGP
16.5588,-32.8100,0.06210,SGP
16.5576,-32.8161,0.06330,SGP
16.5142,-33.5344,0.16300,SGP
16.3066,-33.7115,0.07710,SGP
16.3197,-32.8281,0.14590,SGP
15.8583,-32.6648,0.11580,SGP
15.8433,-32.7396,0.11510,SGP
15.8038,-33.4086,0.08950,SGP
15.8040,-32.5143,0.11400,SGP
15.7670,-33.3365,0.15800,SGP
15.7135,-32.8613,0.15920,SGP
21.4450,-35.4440,0.17590,SGP
21.2997,-33.9464,0.06680,SGP
21.1360,-35.7409,0.13750,SGP
20.9927,-35.1140,0.01970,SGP
20.2122,-34.5991,0.12960,SGP
20.1235,-34.1132,0.01190,SGP
20.0150,-35.0770,0.06720,SGP
19.7783,-35.5853,0.14760,SGP
19.5856,-34.9662,0.12890,SGP
19.4941,-35.2481,0.15590,SGP
19.1294,-34.0168,0.14010,SGP
19.1346,-34.8455,0.14060,SGP
19.1405,-35.3451,0.17340,SGP
19.1191,-35.2738,0.17360,SGP
18.9785,-34.8391,0.15880,SGP
18.9900,-35.0652,0.14950,SGP
18.9216,-35.7608,0.07260,SGP
18.8492,-34.2441,0.11840,SGP
18.6167,-35.8610,0.13320,SGP
18.3138,-34.1759,0.14240,SGP
17.9411,-34.6476,0.02240,SGP
16.8521,-34.0599,0.06650,SGP
16.8301,-33.9712,0.06470,SGP
16.7817,-34.2142,0.17420,SGP
16.5415,-33.9788,0.14910,SGP
16.3402,-33.9299,0.11000,SGP
19.1807,-35.8954,0.07610,SGP
27.5275,-32.4123,0.03840,SGP
27.4017,-32.3703,0.03530,SGP
27.3240,-33.1834,0.03740,SGP
27.3106,-33.4929,0.09700,SGP
27.1790,-32.8476,0.14680,SGP
26.7620,-32.4110,0.19320,SGP
26.7724,-33.3536,0.10700,SGP
26.7422,-33.1219,0.06870,SGP
26.7577,-33.8559,0.14210,SGP
26.6744,-33.2299,0.08710,SGP
26.6330,-33.8715,0.06640,SGP
26.4379,-32.5540,0.19270,SGP
26.4303,-33.7633,0.18180,SGP
26.4115,-33.5209,0.09570,SGP
26.0515,-33.6022,0.13310,SGP
26.0068,-32.3005,0.16830,SGP
26.0149,-33.4304,0.06870,SGP
25.8459,-32.8794,0.18990,SGP
25.7325,-32.3791,0.11770,SGP
25.5415,-33.6504,0.17560,SGP
25.3766,-32.7040,0.06950,SGP
25.2478,-32.3619,0.16640,SGP
25.2580,-33.6305,0.11180,SGP
24.9751,-33.7924,0.18460,SGP
24.7001,-32.6311,0.07160,SGP
24.6756,-32.8633,0.12460,SGP
24.5988,-33.5656,0.06820,SGP
24.5310,-32.8808,0.03400,SGP
24.4631,-33.9266,0.15510,SGP
24.4466,-33.2870,0.03490,SGP
24.2647,-33.7526,0.11730,SGP
24.2270,-33.5198,0.02980,SGP
24.2230,-32.7224,0.11150,SGP
24.1767,-32.4541,0.13720,SGP
24.1247,-33.1883,0.05800,SGP
24.0900,-33.7543,0.17480,SGP
24.0303,-33.5973,0.08220,SGP
23.9635,-32.9375,0.11150,SGP
23.9365,-33.0733,0.15240,SGP
23.8914,-32.9646,0.06320,SGP
23.8641,-32.4622,0.10990,SGP
23.7510,-32.9374,0.14200,SGP
23.7299,-32.9865,0.06820,SGP
23.7284,-33.3200,0.06980,SGP
23.6916,-32.8059,0.03370,SGP
23.6355,-32.3939,0.11200,SGP
23.5685,-33.0226,0.15310,SGP
23.5556,-33.7104,0.06960,SGP
23.5336,-32.6059,0.08200,SGP
23.4965,-32.6422,0.19320,SGP
23.4853,-32.5632,0.11160,SGP
23.2795,-33.3619,0.14330,SGP
23.0682,-32.9879,0.16990,SGP
22.9178,-33.3403,0.15130,SGP
22.8500,-33.7445,0.03040,SGP
22.7969,-33.1018,0.17630,SGP
22.7930,-32.3386,0.09770,SGP
22.7331,-32.9578,0.17950,SGP
22.6849,-32.9610,0.18080,SGP
22.6221,-33.7679,0.09580,SGP
22.6146,-32.4751,0.12010,SGP
22.5504,-32.6284,0.12750,SGP
22.5250,-32.8575,0.01650,SGP
22.5026,-32.9523,0.07030,SGP
22.4424,-33.0592,0.13750,SGP
22.4092,-32.9778,0.13140,SGP
22.4065,-33.6116,0.17840,SGP
22.3809,-33.1258,0.13620,SGP
22.3848,-33.7669,0.03030,SGP
22.3824,-32.9527,0.03790,SGP
22.3524,-33.1499,0.13920,SGP
22.2842,-32.9384,0.14990,SGP
22.2742,-32.7681,0.17950,SGP
22.2220,-33.2049,0.17310,SGP
22.1562,-33.9000,0.02910,SGP
22.1000,-33.0686,0.17060,SGP
22.0595,-33.6298,0.13430,SGP
21.7804,-32.5957,0.13280,SGP
21.6800,-33.3629,0.14430,SGP
27.3445,-34.3934,0.03710,SGP
27.3831,-35.5540,0.16500,SGP
27.2104,-35.1940,0.15010,SGP
27.1507,-35.6095,0.13480,SGP
27.0455,-34.9316,0.06840,SGP
27.0007,-34.6284,0.11830,SGP
26.9250,-35.3398,0.02740,SGP
26.7690,-34.4695,0.14480,SGP
25.9447,-34.0371,0.18840,SGP
25.3121,-34.2562,0.06970,SGP
23.1113,-34.0101,0.13520,SGP
22.2014,-35.8001,0.19340,SGP
22.0723,-33.9605,0.13250,SGP
22.0272,-35.8239,0.06770,SGP
21.9850,-35.0446,0.15420,SGP
21.7480,-34.2377,0.13280,SGP
21.5806,-33.9543,0.15640,SGP
27.4942,-35.9324,0.10110,SGP
33.4616,-33.6373,0.06890,SGP
33.4115,-33.3927,0.10110,SGP
33.3011,-33.2134,0.10140,SGP
33.3144,-33.8287,0.08240,SGP
33.2099,-33.5545,0.04100,SGP
33.1805,-32.8875,0.07980,SGP
33.1281,-32.4261,0.06160,SGP
33.1163,-32.5921,0.19780,SGP
32.8658,-33.6060,0.12270,SGP
32.8301,-32.4507,0.10100,SGP
32.7541,-33.0755,0.12130,SGP
32.6761,-33.5671,0.03280,SGP
32.6489,-33.3887,0.12450,SGP
32.6511,-33.5527,0.18280,SGP
32.5916,-32.9985,0.12360,SGP
32.4875,-32.7809,0.17030,SGP
32.4234,-32.7193,0.16420,SGP
32.2815,-33.9034,0.10380,SGP
32.1539,-33.9786,0.06180,SGP
31.8892,-32.4046,0.01450,SGP
31.8125,-33.1586,0.06110,SGP
31.2820,-33.6198,0.09730,SGP
31.2385,-33.8463,0.09790,SGP
31.2030,-33.8717,0.10060,SGP
30.9850,-33.7195,0.15660,SGP
30.7634,-33.0468,0.09770,SGP
30.7410,-32.9414,0.12660,SGP
30.6992,-32.6505,0.19280,SGP
30.6078,-32.6915,0.16980,SGP
30.3836,-33.0845,0.09780,SGP
30.3343,-32.8301,0.10630,SGP
30.2953,-33.8803,0.10810,SGP
30.2605,-33.9554,0.08090,SGP
30.2445,-32.6458,0.10990,SGP
30.0530,-32.8447,0.16330,SGP
30.0516,-32.5612,0.13190,SGP
29.8310,-32.4513,0.16340,SGP
29.8216,-33.5413,0.15040,SGP
29.7789,-33.5928,0.03520,SGP
29.6937,-33.6839,0.18270,SGP
29.6230,-33.3690,0.13150,SGP
29.5224,-33.3479,0.06310,SGP
29.4297,-33.7344,0.15640,SGP
29.3442,-32.3176,0.13100,SGP
29.3189,-33.7754,0.18080,SGP
29.1923,-33.6676,0.15580,SGP
29.0247,-33.2552,0.10460,SGP
28.9017,-33.5124,0.13400,SGP
28.6919,-33.5013,0.10580,SGP
28.4063,-33.1277,0.09690,SGP
28.3543,-33.3430,0.15050,SGP
28.2922,-33.6064,0.15180,SGP
28.2825,-32.9382,0.17580,SGP
28.1484,-33.2678,0.08320,SGP
27.9102,-33.0207,0.17550,SGP
27.6993,-33.4637,0.11110,SGP
27.6930,-33.0541,0.18030,SGP
33.4711,-34.2369,0.06740,SGP
33.3809,-35.5016,0.17620,SGP
33.2462,-34.3832,0.19970,SGP
33.1035,-35.2325,0.09370,SGP
33.0565,-35.1745,0.09090,SGP
33.0042,-35.7026,0.13410,SGP
32.8450,-35.4387,0.06930,SGP
32.6602,-35.5031,0.15290,SGP
32.6071,-35.4358,0.17770,SGP
32.4839,-34.6900,0.12450,SGP
31.9283,-35.6539,0.09980,SGP
31.9073,-35.1892,0.12110,SGP
31.7166,-35.7784,0.13620,SGP
31.6865,-35.4713,0.16920,SGP
31.5962,-34.1322,0.06100,SGP
31.5803,-34.4751,0.09970,SGP
31.5315,-34.7072,0.09960,SGP
31.4842,-34.5169,0.10110,SGP
31.4316,-35.3223,0.03490,SGP
31.3557,-34.2702,0.10140,SGP
31.3673,-35.2497,0.09910,SGP
31.3372,-34.4919,0.06940,SGP
31.2213,-34.3402,0.06050,SGP
30.9319,-34.6229,0.16340,SGP
30.8345,-35.2794,0.16920,SGP
30.7732,-34.0398,0.07590,SGP
30.7714,-34.2334,0.09970,SGP
30.7295,-34.0994,0.10060,SGP
30.6812,-35.5733,0.15530,SGP
30.6596,-34.1554,0.16470,SGP
30.5708,-35.4880,0.11980,SGP
30.5255,-34.3669,0.09930,SGP
30.4997,-35.6630,0.06920,SGP
30.4211,-35.6557,0.08070,SGP
30.2445,-34.3235,0.16980,SGP
30.2062,-35.8314,0.13420,SGP
30.2065,-34.9929,0.03470,SGP
30.0316,-34.5683,0.03540,SGP
29.9671,-34.6624,0.15540,SGP
29.8469,-34.0260,0.17780,SGP
29.8006,-34.0430,0.06980,SGP
29.7061,-34.4782,0.06960,SGP
29.6835,-34.5712,0.17470,SGP
28.8522,-34.6170,0.10130,SGP
28.8559,-34.7505,0.12200,SGP
28.8261,-34.0023,0.15360,SGP
28.7727,-35.3001,0.01650,SGP
28.6404,-35.0834,0.03490,SGP
28.4910,-35.6722,0.15700,SGP
28.5132,-34.2071,0.05460,SGP
28.3526,-35.7133,0.15410,SGP
27.9420,-34.4814,0.14130,SGP
27.7712,-34.4723,0.02820,SGP
27.6909,-34.8901,0.06220,SGP
39.2890,-33.4513,0.19390,SGP
39.2058,-32.6324,0.19270,SGP
38.8324,-33.5626,0.10650,SGP
38.7270,-32.9790,0.13140,SGP
38.6167,-33.6018,0.10520,SGP
38.5726,-33.0602,0.08040,SGP
38.5659,-33.6062,0.07770,SGP
38.3987,-32.9501,0.02110,SGP
38.3122,-33.5354,0.07730,SGP
38.2701,-32.5568,0.07730,SGP
38.2349,-32.5074,0.07820,SGP
38.2061,-32.4439,0.15870,SGP
38.2123,-33.6612,0.06920,SGP
38.0187,-32.9746,0.08020,SGP
38.0040,-33.0364,0.08090,SGP
37.9353,-33.6647,0.14610,SGP
37.8106,-32.3753,0.04980,SGP
37.7024,-33.1392,0.07740,SGP
37.6678,-33.3529,0.07840,SGP
37.6434,-34.0066,0.10540,SGP
37.5557,-33.6442,0.07520,SGP
37.5167,-33.0027,0.07410,SGP
37.5305,-33.6093,0.07390,SGP
37.4583,-32.6105,0.14880,SGP
37.3753,-33.6708,0.15500,SGP
37.2010,-33.4056,0.08070,SGP
37.1367,-33.4586,0.07640,SGP
36.4507,-33.6429,0.11930,SGP
36.3226,-32.5252,0.03380,SGP
36.2773,-33.9810,0.19900,SGP
35.9818,-33.2543,0.16460,SGP
35.3205,-32.2778,0.17190,SGP
35.2168,-33.2772,0.16410,SGP
35.0341,-32.9596,0.18840,SGP
34.8644,-33.4356,0.16180,SGP
34.7173,-32.9889,0.03020,SGP
34.7135,-33.7047,0.07950,SGP
34.6719,-33.4856,0.12390,SGP
34.6425,-32.4344,0.14370,SGP
34.2047,-33.1518,0.06860,SGP
34.1467,-33.4037,0.06700,SGP
33.9801,-33.7829,0.12340,SGP
33.9479,-32.7972,0.13850,SGP
33.9524,-33.0066,0.16290,SGP
33.7700,-33.7413,0.16670,SGP
33.7558,-33.8210,0.16750,SGP
33.5652,-33.8352,0.08940,SGP
38.8718,-34.3058,0.14030,SGP
38.8610,-34.7590,0.05510,SGP
38.6592,-34.6736,0.07440,SGP
38.5119,-34.8691,0.14630,SGP
38.4312,-34.9790,0.19180,SGP
38.2715,-34.8461,0.14030,SGP
38.1612,-34.2896,0.14210,SGP
38.0406,-34.3904,0.07510,SGP
37.8357,-34.0971,0.10810,SGP
37.7327,-34.0158,0.18450,SGP
37.7449,-34.1986,0.10500,SGP
37.6784,-34.9354,0.10770,SGP
37.4645,-35.6037,0.06000,SGP
37.4703,-35.7823,0.05230,SGP
37.1575,-34.9688,0.01510,SGP
37.0975,-34.1985,0.11950,SGP
37.0839,-34.2623,0.07280,SGP
36.9740,-35.3240,0.14280,SGP
36.9290,-35.5515,0.13740,SGP
36.7595,-34.4280,0.10340,SGP
36.5364,-34.2150,0.07200,SGP
36.5236,-34.2491,0.07210,SGP
36.3953,-34.5948,0.12040,SGP
36.2100,-34.0288,0.08130,SGP
36.1373,-34.5587,0.10150,SGP
35.9995,-34.3207,0.10250,SGP
35.7975,-34.2398,0.10250,SGP
35.7295,-34.3289,0.02030,SGP
35.6250,-34.0867,0.18630,SGP
35.3127,-34.3935,0.15190,SGP
35.2902,-35.4840,0.18020,SGP
34.9823,-33.9974,0.11870,SGP
34.9487,-34.7666,0.11700,SGP
34.8549,-34.8165,0.11590,SGP
34.7953,-35.3269,0.13880,SGP
34.6110,-34.3294,0.06590,SGP
34.4909,-34.5049,0.06190,SGP
34.4636,-35.1956,0.03150,SGP
34.4215,-34.4016,0.09900,SGP
34.2587,-34.8642,0.11040,SGP
34.2201,-34.4192,0.07120,SGP
34.1909,-35.3731,0.01000,SGP
34.0783,-35.4322,0.12110,SGP
33.9561,-34.4935,0.06940,SGP
33.7360,-34.9178,0.11510,SGP
33.7445,-34.2755,0.16060,SGP
33.7338,-34.1214,0.17550,SGP
33.5530,-34.6283,0.09460,SGP
35.9164,-35.9498,0.11820,SGP
45.2494,-33.1621,0.09290,SGP
45.1553,-33.6986,0.09180,SGP
45.0804,-32.3546,0.14380,SGP
45.0850,-32.5207,0.14540,SGP
44.9903,-33.0877,0.06500,SGP
44.8689,-33.8267,0.10670,SGP
44.7076,-32.7135,0.11440,SGP
44.5334,-32.3236,0.14570,SGP
44.3747,-33.8342,0.10950,SGP
44.3164,-33.6880,0.04750,SGP
44.0789,-32.3027,0.13300,SGP
43.8279,-32.4134,0.13460,SGP
43.8157,-33.4797,0.07890,SGP
43.7399,-33.0493,0.07790,SGP
43.6505,-32.5541,0.13280,SGP
43.6706,-33.5456,0.10920,SGP
43.0093,-33.3719,0.02210,SGP
42.9937,-33.8547,0.08780,SGP
42.3985,-33.0214,0.13340,SGP
42.3946,-33.0507,0.13320,SGP
42.3737,-33.4054,0.12390,SGP
42.3720,-33.9821,0.10830,SGP
42.2910,-33.8319,0.11800,SGP
42.2012,-33.0571,0.19960,SGP
42.1585,-33.1191,0.10760,SGP
42.1280,-32.9754,0.19810,SGP
41.8498,-32.4979,0.05340,SGP
41.7939,-32.4215,0.10730,SGP
41.6917,-33.1845,0.03520,SGP
41.6161,-33.5036,0.17400,SGP
41.3523,-33.8873,0.15390,SGP
41.2483,-33.0009,0.17370,SGP
41.0770,-33.0201,0.09740,SGP
40.6705,-32.4331,0.14880,SGP
40.5835,-33.2778,0.16540,SGP
40.4657,-32.7870,0.01970,SGP
40.4433,-33.4341,0.19450,SGP
40.3112,-33.6809,0.13900,SGP
40.1642,-32.8975,0.06560,SGP
40.1011,-33.4307,0.03540,SGP
39.6355,-33.6742,0.14070,SGP
39.5796,-33.6162,0.08090,SGP
39.5551,-33.5751,0.19380,SGP
39.5340,-33.6571,0.16740,SGP
45.0567,-34.0496,0.11480,SGP
44.2159,-34.0961,0.10200,SGP
44.0692,-34.3052,0.05410,SGP
43.9692,-35.4739,0.10880,SGP
43.9517,-35.2238,0.10830,SGP
43.9065,-34.4618,0.10270,SGP
43.9199,-34.5425,0.09080,SGP
43.8982,-34.5392,0.09150,SGP
43.8940,-35.4440,0.08270,SGP
43.7782,-35.5208,0.08310,SGP
43.5573,-34.6906,0.14390,SGP
43.3907,-34.4533,0.12260,SGP
43.2627,-34.7395,0.01540,SGP
43.1932,-34.5143,0.03610,SGP
43.0738,-34.8935,0.01540,SGP
42.6803,-34.0336,0.08280,SGP
42.3090,-34.0937,0.03030,SGP
42.2850,-35.7451,0.12030,SGP
42.2457,-35.3104,0.08370,SGP
41.9149,-35.5123,0.19790,SGP
41.8632,-34.7036,0.08360,SGP
41.8566,-35.1538,0.17440,SGP
41.8229,-34.7951,0.18120,SGP
41.7887,-34.2804,0.08180,SGP
41.6965,-35.2943,0.04520,SGP
41.6657,-35.3838,0.07170,SGP
41.2160,-35.5304,0.10710,SGP
41.1834,-35.6585,0.10760,SGP
41.1859,-35.7314,0.07720,SGP
41.2035,-34.1995,0.16090,SGP
40.8786,-34.8230,0.07690,SGP
40.4010,-35.6378,0.06710,SGP
40.3207,-35.2628,0.11190,SGP
39.9620,-33.9992,0.12240,SGP
51.3740,-33.5034,0.04850,SGP
51.3480,-33.0582,0.06630,SGP
51.0413,-33.5951,0.13860,SGP
51.0216,-33.8077,0.11000,SGP
50.9346,-32.6552,0.17870,SGP
50.5890,-32.7908,0.18000,SGP
50.4490,-32.6435,0.04670,SGP
50.3433,-33.8463,0.07170,SGP
50.2514,-33.9036,0.05680,SGP
49.8635,-33.2386,0.11270,SGP
49.1739,-32.4886,0.17880,SGP
49.0374,-33.6841,0.13680,SGP
48.8354,-33.1675,0.10270,SGP
48.7723,-32.8166,0.13090,SGP
48.7458,-33.7226,0.06710,SGP
48.6721,-32.8360,0.16020,SGP
48.6500,-32.3773,0.14010,SGP
48.6036,-33.5174,0.06890,SGP
48.2002,-32.3253,0.03800,SGP
48.0274,-33.6205,0.15540,SGP
47.8564,-33.7679,0.13690,SGP
47.6280,-34.0134,0.18680,SGP
47.5164,-33.1457,0.13720,SGP
47.4542,-33.3254,0.16910,SGP
47.4335,-32.8719,0.13430,SGP
47.1671,-33.3816,0.06420,SGP
47.1504,-32.7515,0.13640,SGP
47.0817,-32.8161,0.06740,SGP
46.9997,-33.1873,0.13530,SGP
46.8874,-32.7827,0.06630,SGP
46.7784,-32.5401,0.14710,SGP
46.7208,-32.5568,0.14560,SGP
46.4697,-32.6833,0.06950,SGP
46.2128,-33.6598,0.17050,SGP
45.6282,-32.9261,0.09280,SGP
45.5094,-34.0017,0.11190,SGP
50.5766,-34.4445,0.05330,SGP
50.4363,-34.2709,0.10860,SGP
49.8450,-34.1389,0.10890,SGP
46.4652,-34.2319,0.05750,SGP
46.1563,-34.3978,0.07100,SGP
45.8495,-34.0970,0.10880,SGP
45.8260,-34.2146,0.10510,SGP
45.6905,-34.1603,0.10790,SGP
333.5767,-32.7908,0.11770,SGP
333.5001,-32.8397,0.18930,SGP
333.4510,-33.2636,0.04330,SGP
333.3495,-32.6614,0.15440,SGP
333.2339,-33.4176,0.15480,SGP
333.2029,-33.5214,0.11880,SGP
332.8600,-33.6002,0.14990,SGP
332.4994,-33.4774,0.15150,SGP
332.4450,-32.9627,0.14950,SGP
332.4575,-32.9833,0.18850,SGP
332.4699,-33.5001,0.15710,SGP
332.2909,-33.2298,0.07860,SGP
332.0140,-32.2613,0.08380,SGP
331.8505,-32.6978,0.08500,SGP
331.3587,-32.2873,0.18580,SGP
331.2931,-33.1342,0.00890,SGP
331.0793,-32.2670,0.13640,SGP
330.9946,-32.8156,0.17470,SGP
330.9697,-33.3682,0.16810,SGP
330.8420,-32.7289,0.09700,SGP
330.7810,-32.4385,0.07750,SGP
330.6557,-33.0614,0.10310,SGP
330.4487,-33.7689,0.14030,SGP
330.3263,-33.0508,0.14240,SGP
329.9506,-33.7019,0.14270,SGP
329.8003,-33.5622,0.12020,SGP
329.7910,-32.9249,0.10760,SGP
329.7343,-32.9208,0.13600,SGP
329.4550,-33.7244,0.08070,SGP
329.4570,-33.7533,0.13830,SGP
329.4092,-32.8707,0.16740,SGP
329.3496,-33.1714,0.06650,SGP
329.1462,-32.5331,0.06000,SGP
328.8809,-33.2144,0.08560,SGP
328.8523,-33.2236,0.08610,SGP
328.8578,-32.7155,0.09910,SGP
328.8314,-32.9681,0.19310,SGP
328.7455,-32.8601,0.12320,SGP
328.6799,-33.5114,0.17790,SGP
328.6083,-32.5348,0.12090,SGP
328.5087,-32.6920,0.09130,SGP
328.5047,-33.0268,0.08090,SGP
328.4700,-33.0158,0.08520,SGP
328.4274,-32.9192,0.19280,SGP
328.3522,-32.7298,0.19870,SGP
328.1125,-33.2134,0.12840,SGP
328.0039,-32.7372,0.18210,SGP
327.7678,-32.4288,0.19190,SGP
327.7408,-32.4062,0.09330,SGP
333.7262,-34.8174,0.14550,SGP
333.6495,-34.4693,0.17510,SGP
333.5890,-34.1013,0.15180,SGP
333.3825,-34.8148,0.03140,SGP
333.2787,-33.8378,0.11850,SGP
333.3027,-35.5001,0.15470,SGP
333.0318,-34.1107,0.01420,SGP
333.0828,-35.5410,0.12000,SGP
333.0293,-35.3963,0.15620,SGP
333.0290,-35.4870,0.05890,SGP
333.0139,-35.6870,0.16670,SGP
332.9645,-34.8026,0.08590,SGP
332.8304,-34.6258,0.14340,SGP
332.7879,-35.1620,0.05560,SGP
332.4808,-34.9635,0.03350,SGP
332.0824,-34.3879,0.16370,SGP
332.0162,-35.3103,0.15610,SGP
331.9876,-34.6424,0.10000,SGP
331.7376,-34.3156,0.12740,SGP
331.5433,-34.5187,0.17230,SGP
331.1837,-34.1695,0.19850,SGP
331.1592,-35.2228,0.14740,SGP
331.0714,-35.4005,0.14840,SGP
331.0482,-34.0682,0.19900,SGP
330.9051,-34.5397,0.14040,SGP
330.8628,-34.9411,0.01480,SGP
330.6407,-35.6579,0.15410,SGP
330.6170,-35.2972,0.14680,SGP
330.4821,-35.4297,0.07600,SGP
330.4315,-35.7275,0.11850,SGP
330.3871,-34.0636,0.10300,SGP
330.3493,-33.9128,0.02740,SGP
330.1975,-33.9881,0.16920,SGP
330.0069,-35.0005,0.10020,SGP
329.4174,-35.4131,0.03440,SGP
329.3680,-33.8897,0.17300,SGP
329.2669,-33.8464,0.08510,SGP
329.0833,-34.6994,0.16030,SGP
328.8566,-34.6632,0.07330,SGP
328.8679,-34.8605,0.13660,SGP
328.6495,-35.0063,0.08520,SGP
328.6366,-34.6224,0.15900,SGP
328.5643,-34.1972,0.18530,SGP
333.6012,-36.7844,0.10170,SGP
333.5772,-36.3221,0.01630,SGP
333.3687,-36.2955,0.15440,SGP
333.2263,-36.7177,0.15450,SGP
332.9726,-36.1344,0.07770,SGP
330.5632,-36.7548,0.07500,SGP
330.5209,-36.3833,0.05790,SGP
330.0980,-36.9430,0.03660,SGP
330.0559,-36.9712,0.05510,SGP
329.9526,-36.5828,0.07480,SGP
329.6135,-36.8396,0.09470,SGP
329.6047,-36.7230,0.15760,SGP
329.5575,-36.3849,0.09410,SGP
329.5292,-36.3132,0.09170,SGP
329.4836,-37.0203,0.03150,SGP
329.4883,-35.8960,0.05680,SGP
329.4118,-36.9488,0.03170,SGP
329.0681,-35.7721,0.06640,SGP
328.8180,-36.1164,0.13730,SGP
339.6354,-32.7724,0.08510,SGP
339.4227,-33.0474,0.12800,SGP
339.4032,-32.8579,0.17450,SGP
339.3915,-33.3259,0.05860,SGP
339.2731,-32.6365,0.12150,SGP
339.1850,-33.1761,0.02850,SGP
339.0907,-32.4651,0.11720,SGP
338.9600,-32.4500,0.05750,SGP
338.9310,-32.9018,0.08420,SGP
338.9180,-33.0474,0.04980,SGP
338.8737,-33.3383,0.16340,SGP
338.7283,-32.2590,0.15560,SGP
338.6499,-33.1236,0.07580,SGP
338.5538,-32.5612,0.12030,SGP
338.3326,-32.4479,0.16360,SGP
338.3206,-32.7910,0.07570,SGP
338.2872,-32.5383,0.15500,SGP
338.1173,-32.6009,0.15550,SGP
337.6957,-33.4787,0.18400,SGP
337.4930,-33.0146,0.15930,SGP
337.4868,-33.2609,0.16130,SGP
337.4338,-32.3354,0.14140,SGP
337.2912,-32.4469,0.05970,SGP
336.9807,-32.6340,0.11890,SGP
336.9147,-32.6785,0.18430,SGP
336.9242,-33.3833,0.18310,SGP
336.8228,-32.9453,0.14270,SGP
336.7244,-33.2301,0.07650,SGP
336.7211,-33.7750,0.15830,SGP
336.4148,-33.2433,0.05970,SGP
335.9340,-33.3978,0.19870,SGP
335.5944,-32.8702,0.07900,SGP
335.5387,-33.4958,0.07930,SGP
335.5054,-33.4926,0.07980,SGP
335.3490,-32.5641,0.05720,SGP
335.2227,-33.0916,0.05710,SGP
335.2174,-32.8083,0.05640,SGP
335.1178,-32.6155,0.05640,SGP
335.0884,-32.3102,0.09780,SGP
334.9986,-33.5091,0.16980,SGP
334.5707,-33.6427,0.02810,SGP
334.2864,-33.3962,0.17240,SGP
334.1315,-33.2842,0.19010,SGP
333.9820,-32.3416,0.15220,SGP
333.9046,-33.3081,0.15370,SGP
333.8656,-33.0708,0.18990,SGP
339.3695,-34.2181,0.12170,SGP
339.1437,-34.6487,0.09700,SGP
338.9422,-35.2834,0.07850,SGP
338.9060,-34.2654,0.15450,SGP
338.9058,-35.3739,0.05930,SGP
338.8203,-34.9599,0.18710,SGP
338.7003,-35.5940,0.13430,SGP
338.3655,-34.4802,0.15310,SGP
338.3544,-34.2298,0.05980,SGP
338.1655,-33.9368,0.03940,SGP
337.9828,-34.9887,0.15600,SGP
337.9549,-34.3995,0.15930,SGP
337.8911,-35.5823,0.15830,SGP
337.7567,-35.2280,0.15580,SGP
337.7632,-35.5567,0.14750,SGP
337.7328,-35.3889,0.11330,SGP
337.6785,-34.7064,0.08890,SGP
337.6840,-34.7344,0.08820,SGP
337.4711,-34.0091,0.11540,SGP
337.3983,-35.4292,0.03000,SGP
336.9374,-35.4940,0.05930,SGP
336.9017,-34.5601,0.05900,SGP
336.8027,-35.1403,0.03020,SGP
336.7448,-33.9206,0.14960,SGP
336.6945,-35.0178,0.15520,SGP
336.6907,-34.1779,0.11650,SGP
336.6803,-34.3188,0.14640,SGP
336.5007,-35.2897,0.12090,SGP
336.4057,-34.0811,0.14760,SGP
336.2692,-34.9537,0.06840,SGP
336.1983,-35.5949,0.05910,SGP
335.9977,-34.9188,0.07920,SGP
335.7348,-33.8478,0.09810,SGP
335.7337,-35.1130,0.10020,SGP
335.3875,-35.0820,0.15390,SGP
335.2773,-34.5655,0.15440,SGP
335.2549,-35.4487,0.15030,SGP
335.1367,-35.5895,0.15050,SGP
335.0596,-35.0090,0.15700,SGP
335.0047,-35.3266,0.16360,SGP
334.9618,-34.8985,0.15490,SGP
334.8445,-34.6130,0.16520,SGP
334.8468,-34.8798,0.03740,SGP
334.8297,-35.4162,0.05840,SGP
334.8113,-33.8614,0.05690,SGP
334.7194,-33.9942,0.11980,SGP
334.4653,-35.5148,0.14800,SGP
334.3413,-33.7896,0.09910,SGP
334.1520,-33.9514,0.07000,SGP
334.0698,-34.3390,0.08090,SGP
334.0586,-34.1694,0.05640,SGP
334.0323,-34.9922,0.11830,SGP
333.7872,-34.4294,0.15650,SGP
339.1338,-36.7911,0.14750,SGP
339.0412,-36.5506,0.09490,SGP
338.7253,-35.8390,0.07410,SGP
338.7450,-36.7382,0.04290,SGP
338.0857,-35.8997,0.12380,SGP
337.8835,-35.8577,0.19310,SGP
336.8211,-35.7394,0.05830,SGP
336.2632,-36.4750,0.06000,SGP
335.9507,-35.8934,0.16370,SGP
335.4286,-36.1221,0.12410,SGP
335.2620,-36.0341,0.11360,SGP
335.0488,-36.9572,0.03070,SGP
334.9835,-37.1569,0.15300,SGP
334.9644,-36.0844,0.14850,SGP
334.9166,-37.0277,0.13860,SGP
334.8676,-35.7813,0.10180,SGP
334.8534,-36.1726,0.13340,SGP
334.7898,-36.7713,0.15230,SGP
334.7458,-36.0290,0.10130,SGP
334.6257,-36.1740,0.15080,SGP
334.5229,-35.7328,0.14150,SGP
334.4803,-35.7793,0.15320,SGP
334.2528,-36.3076,0.03090,SGP
334.1718,-36.4596,0.01690,SGP
345.5398,-33.0979,0.03540,SGP
345.4714,-32.3656,0.08760,SGP
345.1301,-33.5808,0.06860,SGP
345.0904,-32.7396,0.17550,SGP
344.9851,-32.8890,0.03010,SGP
345.0059,-33.5285,0.05550,SGP
344.8265,-32.6014,0.02800,SGP
344.7032,-32.5492,0.15420,SGP
344.6739,-33.0762,0.13180,SGP
344.6377,-32.2393,0.04240,SGP
344.6203,-32.3241,0.10070,SGP
344.6309,-33.5883,0.13440,SGP
344.4695,-32.8234,0.18940,SGP
344.3676,-32.2704,0.19800,SGP
344.3780,-33.6284,0.06920,SGP
344.3427,-33.1581,0.03090,SGP
344.2595,-33.5846,0.17080,SGP
344.2500,-33.8065,0.09790,SGP
343.8867,-33.8288,0.14980,SGP
343.8210,-33.0724,0.08870,SGP
343.7762,-33.7807,0.02610,SGP
343.6270,-32.3079,0.06790,SGP
343.6209,-32.8666,0.06020,SGP
343.4970,-33.0421,0.07750,SGP
343.3452,-32.3773,0.13440,SGP
343.2483,-33.2346,0.08380,SGP
342.9212,-32.4665,0.10580,SGP
342.8878,-33.1352,0.08350,SGP
342.5758,-33.0135,0.07770,SGP
342.3002,-32.9685,0.05510,SGP
341.7566,-33.1392,0.07970,SGP
341.7487,-33.8233,0.07830,SGP
341.7146,-33.8896,0.07940,SGP
341.7033,-32.3564,0.09790,SGP
341.6388,-33.2669,0.07580,SGP
341.5565,-33.0454,0.08180,SGP
341.4893,-32.2616,0.06190,SGP
341.0774,-33.3581,0.10020,SGP
340.8172,-32.8404,0.05660,SGP
340.7991,-33.3389,0.14900,SGP
340.6754,-32.9874,0.03820,SGP
340.6400,-33.1107,0.05670,SGP
340.4985,-32.5174,0.12460,SGP
340.4712,-33.1247,0.17540,SGP
345.6730,-34.7502,0.18510,SGP
345.5849,-34.1060,0.18960,SGP
345.5357,-35.1146,0.05750,SGP
345.4856,-35.7389,0.18820,SGP
345.3522,-34.8359,0.17340,SGP
345.2468,-34.5825,0.14700,SGP
345.1437,-33.9787,0.08750,SGP
344.7807,-34.2930,0.15910,SGP
344.7183,-34.3055,0.08730,SGP
344.7085,-35.6426,0.08800,SGP
344.5859,-34.5683,0.08300,SGP
344.2925,-34.4242,0.15730,SGP
344.2880,-35.3213,0.19810,SGP
344.2077,-35.2598,0.16010,SGP
344.2164,-35.4479,0.06460,SGP
344.0960,-35.6029,0.02920,SGP
344.0127,-35.0410,0.10870,SGP
343.9238,-34.1474,0.02850,SGP
343.8838,-34.7821,0.11340,SGP
343.6755,-35.1269,0.10920,SGP
343.4813,-35.1634,0.10760,SGP
343.4144,-34.6375,0.17960,SGP
343.2307,-35.6261,0.09350,SGP
343.1912,-34.5669,0.03020,SGP
343.1673,-34.8600,0.06790,SGP
343.0558,-35.3521,0.11420,SGP
343.0445,-35.4531,0.11220,SGP
342.9355,-34.8374,0.12210,SGP
342.8230,-34.9969,0.05950,SGP
342.8437,-35.7894,0.13120,SGP
342.7890,-34.9109,0.12710,SGP
342.6181,-33.9563,0.11910,SGP
342.6138,-35.7564,0.11580,SGP
342.5500,-34.3823,0.13970,SGP
342.5235,-35.4020,0.08790,SGP
342.5255,-35.4319,0.14400,SGP
342.4127,-35.0619,0.08440,SGP
342.3881,-34.8656,0.08690,SGP
342.3451,-34.2362,0.11850,SGP
342.3145,-34.9110,0.06040,SGP
342.2935,-35.2267,0.06730,SGP
342.3141,-35.4006,0.08270,SGP
342.1577,-35.8529,0.08740,SGP
342.1243,-34.2306,0.06890,SGP
341.9990,-34.0113,0.08990,SGP
341.7005,-35.6375,0.07010,SGP
341.6790,-35.1715,0.16200,SGP
341.6743,-34.0283,0.07510,SGP
341.6455,-35.0141,0.09360,SGP
341.6098,-34.4587,0.19300,SGP
341.5234,-35.2612,0.19720,SGP
341.4450,-34.3303,0.12980,SGP
341.3537,-35.0109,0.05930,SGP
341.3545,-35.0294,0.16100,SGP
341.3443,-35.1157,0.09490,SGP
341.2942,-35.1093,0.09430,SGP
341.2852,-34.3943,0.09480,SGP
340.9821,-34.8771,0.12120,SGP
340.8995,-35.4721,0.07510,SGP
340.7761,-34.8258,0.12600,SGP
340.7217,-35.0747,0.03990,SGP
340.6152,-34.3763,0.14420,SGP
340.5414,-34.0808,0.06930,SGP
340.1034,-34.1489,0.12190,SGP
339.9016,-34.1576,0.06900,SGP
339.7666,-34.8408,0.05820,SGP
339.7619,-34.9658,0.07550,SGP
341.1316,-36.2926,0.15820,SGP
341.0257,-36.3601,0.16470,SGP
340.9787,-35.8901,0.06760,SGP
340.7845,-37.0924,0.06820,SGP
340.6363,-36.7851,0.17510,SGP
340.4989,-36.4508,0.07450,SGP
340.0023,-36.6199,0.06120,SGP
339.8828,-37.1874,0.13410,SGP
339.8604,-36.7712,0.14660,SGP
339.7388,-37.0604,0.13390,SGP
351.5488,-33.0243,0.18860,SGP
351.5204,-32.9648,0.05590,SGP
351.4901,-33.5583,0.17150,SGP
351.4144,-32.4646,0.14130,SGP
351.0844,-33.7633,0.19900,SGP
350.8708,-33.6129,0.08370,SGP
350.8284,-33.8846,0.08180,SGP
350.6682,-32.4399,0.16460,SGP
350.5275,-32.2951,0.16570,SGP
350.3819,-32.5393,0.16550,SGP
350.3237,-33.7579,0.11240,SGP
350.2816,-33.5806,0.09550,SGP
350.1876,-33.0158,0.17100,SGP
350.0181,-32.7217,0.09060,SGP
349.9422,-33.8967,0.08580,SGP
349.8934,-32.7722,0.16540,SGP
349.6077,-33.5914,0.10280,SGP
349.4676,-32.9879,0.18490,SGP
349.1097,-32.2347,0.06080,SGP
348.8048,-33.1532,0.05470,SGP
348.6624,-32.2854,0.08000,SGP
348.4929,-32.5415,0.08990,SGP
348.2860,-33.3413,0.19110,SGP
348.0529,-32.6713,0.05900,SGP
348.0511,-32.8225,0.15260,SGP
348.0097,-32.8783,0.07690,SGP
348.0051,-32.9349,0.09790,SGP
347.9743,-32.7446,0.08390,SGP
347.9252,-32.2868,0.17760,SGP
347.6704,-33.5584,0.17900,SGP
347.5754,-33.4705,0.09790,SGP
347.4980,-32.4131,0.03690,SGP
347.3380,-32.7221,0.05910,SGP
347.3184,-32.3179,0.08280,SGP
347.2780,-32.4525,0.05450,SGP
347.2547,-32.5769,0.08770,SGP
347.2152,-32.2696,0.07590,SGP
347.1855,-32.9424,0.10290,SGP
347.1656,-33.7887,0.14360,SGP
347.1791,-32.7230,0.08560,SGP
347.1458,-33.2403,0.18070,SGP
347.1264,-32.4285,0.05490,SGP
346.9740,-32.4435,0.03690,SGP
346.9688,-33.1439,0.05860,SGP
346.9163,-32.4094,0.15940,SGP
346.8466,-32.8310,0.05540,SGP
346.6524,-32.8932,0.05580,SGP
346.4552,-32.8788,0.18800,SGP
346.2992,-32.2691,0.13520,SGP
346.2370,-32.8048,0.18750,SGP
346.2114,-32.5508,0.08210,SGP
346.1644,-32.5328,0.08440,SGP
346.1462,-32.5470,0.08500,SGP
346.1127,-33.4327,0.14870,SGP
346.1085,-33.2995,0.05480,SGP
346.0874,-32.5822,0.08410,SGP
346.0892,-33.2048,0.18770,SGP
345.9880,-33.1458,0.05480,SGP
345.9395,-33.6253,0.08870,SGP
345.9084,-32.6356,0.08460,SGP
345.8717,-33.0877,0.05340,SGP
345.8475,-33.6215,0.08420,SGP
351.5973,-35.4034,0.08730,SGP
351.5881,-35.6709,0.10920,SGP
351.4074,-34.5036,0.06010,SGP
351.1784,-34.0469,0.19970,SGP
351.1949,-34.5118,0.10120,SGP
351.2446,-35.7419,0.09150,SGP
351.1565,-34.3077,0.09300,SGP
351.0381,-34.1405,0.10020,SGP
351.0115,-35.7473,0.06100,SGP
350.9398,-35.0797,0.18470,SGP
350.8464,-35.5264,0.09070,SGP
350.7494,-34.0431,0.08090,SGP
350.7494,-34.0621,0.07810,SGP
350.4608,-34.6476,0.11120,SGP
350.4452,-34.7365,0.06100,SGP
350.4558,-35.7049,0.06100,SGP
350.4314,-35.3659,0.08680,SGP
350.3601,-34.5533,0.16310,SGP
350.3567,-35.7253,0.13210,SGP
350.2697,-35.4407,0.08670,SGP
350.0824,-34.4222,0.05340,SGP
349.9104,-35.7733,0.09570,SGP
349.8253,-34.7130,0.05400,SGP
349.7765,-34.2505,0.08610,SGP
348.4717,-34.2919,0.14310,SGP
348.4537,-35.1802,0.19550,SGP
348.3205,-34.1116,0.01590,SGP
348.2660,-34.5040,0.08880,SGP
348.1650,-34.4968,0.09210,SGP
347.9898,-34.1232,0.18890,SGP
347.8163,-34.2983,0.13060,SGP
347.7967,-35.2407,0.16240,SGP
347.6584,-34.7186,0.19410,SGP
347.4817,-35.3603,0.18340,SGP
347.2660,-34.1726,0.17860,SGP
347.0046,-35.1122,0.18090,SGP
346.9167,-35.1843,0.14580,SGP
346.7428,-35.5714,0.08810,SGP
346.4793,-34.4046,0.11810,SGP
346.1285,-34.5830,0.10560,SGP
346.0660,-35.2477,0.11760,SGP
345.9443,-35.3259,0.11860,SGP
345.8592,-35.1679,0.11610,SGP
345.8724,-35.3109,0.17480,SGP
345.8047,-35.4044,0.00750,SGP
345.7470,-35.1907,0.08620,SGP
357.5847,-33.7236,0.11270,SGP
357.4927,-32.3980,0.17260,SGP
357.5329,-33.7136,0.12930,SGP
357.5219,-33.9059,0.09530,SGP
357.4096,-32.4272,0.12600,SGP
357.3583,-33.6084,0.11230,SGP
357.2609,-32.6203,0.06140,SGP
357.0730,-33.0605,0.09060,SGP
356.9705,-33.1056,0.07700,SGP
356.8919,-32.3425,0.13480,SGP
356.7668,-33.7880,0.11160,SGP
356.5807,-32.5305,0.18670,SGP
356.5845,-33.0821,0.14220,SGP
356.5220,-32.3798,0.05850,SGP
356.1282,-33.7009,0.14450,SGP
355.8848,-32.7269,0.18550,SGP
355.7112,-33.7285,0.14200,SGP
355.2489,-32.2728,0.10890,SGP
354.8345,-32.9365,0.12880,SGP
354.6816,-33.7441,0.15730,SGP
354.6736,-33.7734,0.14030,SGP
354.5517,-32.8655,0.13040,SGP
354.3794,-32.2577,0.01520,SGP
354.1738,-32.3162,0.14870,SGP
354.1382,-33.8814,0.13750,SGP
354.1163,-32.2426,0.05160,SGP
354.0634,-32.3654,0.05260,SGP
354.0532,-33.7359,0.11080,SGP
353.9826,-33.3941,0.05230,SGP
353.9492,-33.4414,0.13620,SGP
353.7932,-32.4669,0.08820,SGP
353.6507,-33.8652,0.13470,SGP
353.5089,-33.0014,0.14100,SGP
353.4641,-33.6233,0.15420,SGP
353.3957,-33.4448,0.14320,SGP
353.2154,-32.3370,0.11150,SGP
353.1997,-33.1185,0.08490,SGP
352.9211,-33.8786,0.09640,SGP
352.9241,-32.2662,0.12470,SGP
352.9227,-32.2852,0.12360,SGP
352.8932,-32.9314,0.16070,SGP
352.7190,-32.5627,0.12290,SGP
352.6679,-33.6851,0.15920,SGP
352.3727,-32.4088,0.12560,SGP
352.3056,-32.2881,0.15340,SGP
352.1745,-33.2812,0.12110,SGP
352.1241,-33.0171,0.12820,SGP
352.0162,-33.6231,0.05330,SGP
351.8859,-33.3339,0.10560,SGP
351.8722,-33.1969,0.15990,SGP
351.8572,-32.6627,0.08340,SGP
351.7243,-33.2167,0.16690,SGP
357.3101,-34.2659,0.04170,SGP
357.2922,-35.3881,0.04340,SGP
357.0769,-35.6009,0.09740,SGP
356.8866,-34.4434,0.11950,SGP
356.7383,-35.7522,0.12570,SGP
356.5349,-33.9994,0.12340,SGP
356.3418,-34.9522,0.10890,SGP
356.3113,-35.2834,0.15840,SGP
356.0701,-34.4348,0.03850,SGP
356.0535,-34.5978,0.12580,SGP
355.9573,-35.0501,0.06720,SGP
355.9338,-34.0708,0.04080,SGP
355.7421,-34.1509,0.04130,SGP
355.6767,-34.5982,0.03880,SGP
355.6149,-34.9198,0.04080,SGP
355.2831,-35.4635,0.07610,SGP
355.2140,-34.4449,0.11080,SGP
355.2033,-34.8526,0.12320,SGP
355.0300,-34.1044,0.13720,SGP
354.8696,-35.1494,0.11770,SGP
354.7911,-35.5097,0.15640,SGP
354.7662,-34.9867,0.09470,SGP
354.6796,-35.5959,0.05490,SGP
354.6586,-35.0041,0.10890,SGP
354.4381,-34.8526,0.19710,SGP
354.2388,-35.2668,0.13830,SGP
354.2197,-34.1566,0.13730,SGP
354.0677,-34.1198,0.04200,SGP
353.6130,-34.2958,0.13820,SGP
353.2316,-34.8752,0.06070,SGP
353.1903,-35.6063,0.19540,SGP
353.1651,-35.2799,0.16490,SGP
353.1605,-34.2469,0.13500,SGP
353.1172,-34.1285,0.16220,SGP
353.1202,-34.9652,0.06080,SGP
353.0847,-34.0471,0.05550,SGP
353.0687,-34.8522,0.13820,SGP
353.0696,-35.2945,0.19930,SGP
352.9076,-35.0291,0.05290,SGP
352.8960,-34.0470,0.09890,SGP
352.8668,-34.0852,0.05440,SGP
352.7917,-35.0230,0.05350,SGP
352.7607,-35.5878,0.16390,SGP
352.7666,-35.1205,0.10990,SGP
352.7575,-34.0205,0.05310,SGP
352.6456,-34.8848,0.06040,SGP
352.6416,-34.9913,0.05350,SGP
352.5302,-35.6804,0.11090,SGP
352.4415,-34.0728,0.05400,SGP
352.3788,-35.6138,0.09030,SGP
352.3092,-35.0839,0.05200,SGP
352.3263,-33.9680,0.03660,SGP
352.2697,-35.6974,0.09160,SGP
351.9987,-34.5719,0.08730,SGP
351.9407,-34.4435,0.18580,SGP
351.8767,-35.2974,0.16260,SGP
352.8375,-35.8910,0.05420,SGP
3.4503,-27.9788,0.08540,SGP
3.3199,-27.3824,0.14990,SGP
3.2785,-28.6099,0.11800,SGP
3.0650,-28.4829,0.14070,SGP
3.0480,-28.1334,0.17830,SGP
2.9787,-27.3492,0.11730,SGP
2.8898,-27.9151,0.12370,SGP
2.7397,-28.8273,0.06010,SGP
2.6063,-27.8361,0.11180,SGP
2.5520,-28.0183,0.11150,SGP
2.5675,-28.5245,0.12510,SGP
2.4392,-27.8012,0.08680,SGP
2.4087,-27.3471,0.15070,SGP
2.3801,-27.7107,0.06010,SGP
2.2702,-27.5990,0.05980,SGP
2.2814,-28.8518,0.12620,SGP
2.2119,-28.8021,0.12350,SGP
1.6230,-27.6674,0.07080,SGP
1.5747,-27.3416,0.14140,SGP
1.5922,-27.6869,0.13740,SGP
1.5539,-27.3508,0.15900,SGP
1.2580,-28.2866,0.04140,SGP
1.1916,-27.3433,0.06130,SGP
1.1896,-27.8098,0.13600,SGP
1.1921,-28.2053,0.06300,SGP
1.1156,-28.0913,0.06130,SGP
0.9906,-27.3881,0.03310,SGP
0.9611,-28.0158,0.12750,SGP
0.9572,-28.4855,0.10190,SGP
0.8418,-28.2614,0.19220,SGP
0.8330,-27.7806,0.06670,SGP
0.7355,-27.6831,0.13980,SGP
0.7231,-28.0934,0.06150,SGP
0.6775,-28.5682,0.19360,SGP
0.6376,-27.4749,0.14110,SGP
0.6058,-27.4482,0.13890,SGP
0.5921,-27.3513,0.13470,SGP
0.5576,-28.6199,0.06100,SGP
0.4823,-27.7254,0.14640,SGP
0.3310,-27.6457,0.14830,SGP
0.1711,-27.8813,0.06110,SGP
0.0601,-28.4341,0.06190,SGP
359.9082,-28.0614,0.07130,SGP
359.8981,-28.3724,0.10740,SGP
359.8526,-28.3654,0.15470,SGP
359.7388,-27.6837,0.10060,SGP
359.7096,-27.3242,0.15900,SGP
359.6806,-27.4270,0.14160,SGP
359.6367,-28.4211,0.06260,SGP
359.2551,-28.1914,0.06220,SGP
359.1412,-28.2718,0.05920,SGP
359.0707,-27.5273,0.06570,SGP
359.0599,-27.3813,0.11060,SGP
358.9701,-27.5903,0.12990,SGP
358.8307,-28.1664,0.18710,SGP
358.8183,-28.6152,0.18150,SGP
358.6999,-27.6923,0.07020,SGP
358.5981,-28.5935,0.17640,SGP
358.6006,-28.0800,0.17450,SGP
358.5242,-27.5821,0.05280,SGP
358.3915,-28.6576,0.05800,SGP
358.3713,-27.2236,0.10940,SGP
358.1596,-27.4563,0.02980,SGP
358.0873,-28.2774,0.18770,SGP
357.8009,-28.8195,0.07330,SGP
357.7935,-28.2908,0.11700,SGP
3.4747,-29.9504,0.12260,SGP
3.3377,-30.1051,0.03980,SGP
3.2465,-30.7508,0.19090,SGP
3.1940,-29.8628,0.03440,SGP
3.0695,-28.9572,0.17940,SGP
2.8290,-29.4608,0.02940,SGP
2.7994,-28.8695,0.06220,SGP
2.7815,-29.8399,0.12130,SGP
2.7557,-29.0257,0.05990,SGP
2.7628,-30.0560,0.12990,SGP
2.6641,-29.2529,0.02620,SGP
2.6425,-29.9635,0.13600,SGP
2.5445,-29.0219,0.06230,SGP
2.5106,-29.3097,0.06150,SGP
2.4635,-28.9630,0.09640,SGP
2.4842,-30.7063,0.05560,SGP
2.3308,-30.6041,0.12310,SGP
2.2791,-29.4645,0.14000,SGP
2.2374,-30.2190,0.13800,SGP
2.1190,-29.5080,0.18910,SGP
2.1189,-30.2740,0.05990,SGP
2.0205,-29.0908,0.19570,SGP
1.8924,-29.9962,0.11670,SGP
1.8322,-29.6316,0.11720,SGP
1.7805,-29.2356,0.11020,SGP
1.5574,-30.5515,0.06650,SGP
1.5207,-29.9934,0.10630,SGP
1.4202,-30.6414,0.11230,SGP
1.3280,-28.9198,0.13890,SGP
0.7392,-30.3479,0.02870,SGP
0.6092,-30.4046,0.15650,SGP
0.2209,-30.5470,0.06160,SGP
359.8942,-28.8700,0.06380,SGP
359.8406,-29.0852,0.06840,SGP
359.7705,-29.1241,0.02900,SGP
359.6612,-28.9724,0.10640,SGP
359.5473,-28.9497,0.16190,SGP
359.3806,-29.7194,0.02890,SGP
359.2492,-30.2463,0.15600,SGP
359.2177,-29.9428,0.06100,SGP
359.1673,-30.4746,0.06070,SGP
358.9190,-29.5660,0.10920,SGP
358.7317,-28.9469,0.03080,SGP
358.7035,-29.6478,0.13180,SGP
358.3788,-30.5295,0.04970,SGP
358.3381,-30.1431,0.13200,SGP
358.3314,-30.7069,0.13250,SGP
358.2841,-30.7639,0.15610,SGP
358.0642,-29.5999,0.03020,SGP
358.0146,-29.2999,0.06220,SGP
357.8398,-29.8045,0.13510,SGP
357.8216,-30.6168,0.02970,SGP
3.4600,-31.3402,0.03190,SGP
3.3054,-30.7967,0.06870,SGP
3.1744,-31.0124,0.05920,SGP
2.9997,-31.7648,0.18210,SGP
2.7592,-30.8061,0.14380,SGP
2.7411,-31.3963,0.16200,SGP
2.7177,-32.0505,0.10810,SGP
2.6982,-31.3621,0.16380,SGP
2.7000,-31.4738,0.10670,SGP
2.6505,-31.0956,0.12240,SGP
2.6329,-31.4241,0.16280,SGP
2.5799,-31.8402,0.03100,SGP
2.5293,-31.3966,0.13860,SGP
2.4882,-31.0795,0.10570,SGP
2.5087,-31.5783,0.05970,SGP
2.2684,-30.8099,0.13740,SGP
2.2216,-31.4089,0.05650,SGP
2.1686,-31.5896,0.13940,SGP
1.8850,-31.6047,0.10660,SGP
1.8856,-32.0610,0.12180,SGP
1.7989,-31.7766,0.11470,SGP
1.6874,-31.2354,0.11990,SGP
1.6430,-31.9450,0.05610,SGP
1.6116,-32.0366,0.04460,SGP
1.5884,-31.2673,0.02680,SGP
1.4679,-31.0919,0.14470,SGP
1.1608,-31.1640,0.12680,SGP
1.1697,-31.3291,0.13440,SGP
1.0203,-31.5346,0.05880,SGP
0.8876,-31.4348,0.11550,SGP
0.9002,-31.9975,0.05910,SGP
0.7067,-31.8653,0.02490,SGP
0.6262,-30.7927,0.07030,SGP
0.5951,-32.0563,0.15510,SGP
0.5439,-31.0425,0.15860,SGP
0.5075,-30.8142,0.11570,SGP
0.3892,-31.9162,0.13020,SGP
0.1252,-31.7612,0.11610,SGP
0.0026,-31.9531,0.05860,SGP
359.9723,-31.5147,0.12380,SGP
359.9666,-31.1556,0.17710,SGP
359.8999,-31.8463,0.11670,SGP
359.8198,-31.2020,0.13550,SGP
359.7710,-31.3191,0.13630,SGP
359.7621,-31.7787,0.06190,SGP
359.7706,-31.7996,0.06120,SGP
359.7360,-30.8850,0.06140,SGP
359.6307,-32.0022,0.06270,SGP
359.6365,-30.8208,0.12860,SGP
359.4914,-31.6391,0.06000,SGP
359.4677,-31.8050,0.02860,SGP
359.3270,-31.0682,0.08720,SGP
359.2660,-31.1068,0.18240,SGP
359.2413,-31.2462,0.06190,SGP
359.2130,-31.5294,0.03180,SGP
359.1026,-31.3158,0.02930,SGP
358.9972,-31.4846,0.18330,SGP
358.8301,-32.1235,0.05860,SGP
358.7813,-32.1019,0.07200,SGP
358.6848,-31.4856,0.08380,SGP
358.3886,-31.0849,0.13190,SGP
358.3652,-31.1918,0.11950,SGP
358.1540,-32.2107,0.04980,SGP
358.1649,-30.9150,0.13560,SGP
358.1571,-31.5980,0.14180,SGP
358.0132,-30.7971,0.10310,SGP
357.9723,-31.0059,0.18370,SGP
357.9762,-31.3572,0.18400,SGP
357.9192,-31.6205,0.05820,SGP
357.8716,-31.8445,0.15420,SGP
357.8665,-31.8510,0.12150,SGP
357.8224,-31.8589,0.05880,SGP
9.2176,-28.5794,0.11200,SGP
9.1337,-28.6689,0.11210,SGP
9.1202,-28.6683,0.11280,SGP
8.8452,-27.4872,0.07340,SGP
8.8381,-27.7731,0.10010,SGP
8.6748,-27.5339,0.10900,SGP
8.6452,-27.8092,0.07310,SGP
8.4893,-28.4179,0.15310,SGP
8.4119,-27.7720,0.06970,SGP
8.3846,-27.7801,0.06960,SGP
8.2030,-28.7699,0.09130,SGP
8.1253,-28.7468,0.10070,SGP
8.0681,-28.5724,0.11040,SGP
7.9254,-27.3489,0.08740,SGP
7.9259,-28.4358,0.11010,SGP
7.8557,-27.8979,0.14770,SGP
7.6599,-28.7170,0.02400,SGP
7.3812,-28.1232,0.12040,SGP
7.3009,-27.3844,0.06000,SGP
7.1940,-27.7046,0.12100,SGP
7.1538,-27.5078,0.06160,SGP
7.0807,-28.2991,0.07340,SGP
7.0589,-28.6258,0.09140,SGP
6.9775,-27.7342,0.07610,SGP
6.8024,-27.6236,0.06280,SGP
6.5421,-28.7271,0.03980,SGP
6.4877,-27.6309,0.06320,SGP
6.4290,-27.6387,0.19390,SGP
6.3655,-27.9306,0.07540,SGP
6.2788,-28.5253,0.08340,SGP
6.1223,-28.2711,0.11140,SGP
6.0862,-28.3611,0.11080,SGP
5.7822,-28.1498,0.06170,SGP
5.6350,-27.9076,0.06140,SGP
5.6337,-27.9327,0.07470,SGP
5.6029,-28.4239,0.11900,SGP
5.3763,-28.5259,0.14070,SGP
5.1931,-28.4474,0.06090,SGP
5.1287,-28.6442,0.07540,SGP
5.0867,-28.5314,0.14650,SGP
5.0380,-28.1651,0.16460,SGP
5.0254,-27.3328,0.19230,SGP
5.0048,-28.3069,0.14060,SGP
4.8177,-28.2978,0.12400,SGP
4.7281,-28.1517,0.10790,SGP
4.6330,-28.3859,0.06400,SGP
4.6370,-27.7078,0.13040,SGP
4.6170,-27.9029,0.07210,SGP
4.3796,-28.3687,0.11020,SGP
4.3435,-27.8319,0.13030,SGP
4.3063,-28.4714,0.08550,SGP
4.2400,-27.7295,0.13170,SGP
4.2211,-28.0663,0.08560,SGP
4.1650,-27.3759,0.15220,SGP
4.1664,-27.7764,0.10690,SGP
3.9097,-28.3771,0.12480,SGP
3.9094,-27.2572,0.13460,SGP
3.8748,-28.7323,0.11120,SGP
3.7605,-28.5707,0.04500,SGP
3.6864,-28.4614,0.12430,SGP
3.5247,-27.4641,0.15120,SGP
3.5318,-27.6027,0.14320,SGP
8.9940,-29.7241,0.13610,SGP
8.9844,-30.0229,0.11110,SGP
8.9186,-28.9253,0.09800,SGP
8.9300,-30.1918,0.10770,SGP
8.8724,-29.5595,0.04040,SGP
8.8977,-30.4501,0.06100,SGP
8.8563,-30.0148,0.05150,SGP
8.7837,-29.7439,0.11170,SGP
8.7470,-29.7192,0.11910,SGP
8.6349,-30.0161,0.00520,SGP
8.5310,-30.0196,0.12290,SGP
8.4030,-30.1114,0.11430,SGP
8.3187,-28.9861,0.11010,SGP
8.2699,-30.4523,0.12180,SGP
8.0590,-28.9667,0.09760,SGP
7.9130,-28.7786,0.10470,SGP
7.9233,-29.9374,0.10520,SGP
7.8415,-29.1624,0.09830,SGP
7.7371,-29.1779,0.12220,SGP
7.5492,-30.0097,0.10430,SGP
7.4681,-29.2208,0.10000,SGP
7.4679,-29.7304,0.04050,SGP
7.4501,-29.7921,0.10860,SGP
7.4100,-29.7783,0.11180,SGP
7.3539,-28.9276,0.09080,SGP
7.3442,-28.8485,0.09350,SGP
7.1768,-28.8343,0.07690,SGP
7.1785,-29.9879,0.09830,SGP
6.9155,-29.0335,0.09740,SGP
6.8979,-30.6671,0.10580,SGP
6.6564,-30.2036,0.10750,SGP
6.4224,-29.8385,0.12510,SGP
6.3925,-29.9083,0.12740,SGP
6.3051,-29.3352,0.13240,SGP
6.1904,-29.0770,0.15880,SGP
6.1475,-30.4461,0.10780,SGP
6.0618,-28.8624,0.07240,SGP
6.0607,-30.1382,0.19110,SGP
5.9054,-30.2811,0.16490,SGP
5.7650,-29.8209,0.10810,SGP
5.7516,-29.5276,0.04960,SGP
5.7179,-29.8110,0.07930,SGP
5.7121,-30.0963,0.13050,SGP
5.5906,-30.1454,0.09000,SGP
5.5490,-29.1151,0.12260,SGP
5.3927,-29.5106,0.17610,SGP
5.3701,-29.6292,0.12020,SGP
5.3526,-29.9837,0.07980,SGP
5.0199,-28.9676,0.06530,SGP
5.0321,-29.0563,0.08480,SGP
4.9069,-29.7728,0.05170,SGP
4.8951,-29.4252,0.10560,SGP
4.8434,-30.0840,0.12100,SGP
4.7685,-29.8974,0.07440,SGP
4.7141,-30.0418,0.10820,SGP
4.5063,-30.5045,0.10310,SGP
4.3984,-28.8184,0.15770,SGP
4.2830,-29.1573,0.08460,SGP
3.9198,-29.9613,0.06250,SGP
3.8102,-29.3683,0.06900,SGP
3.7175,-30.3655,0.19000,SGP
3.6571,-30.6836,0.04900,SGP
3.5727,-30.0207,0.14130,SGP
9.2124,-31.1257,0.10990,SGP
9.1565,-32.2068,0.11030,SGP
8.9610,-32.1093,0.17830,SGP
8.8371,-31.4221,0.14210,SGP
8.7802,-32.1815,0.12530,SGP
8.6481,-32.0193,0.14150,SGP
8.4637,-31.8327,0.05380,SGP
8.3540,-30.8472,0.17510,SGP
8.3705,-31.1922,0.11000,SGP
8.3636,-32.2043,0.14370,SGP
8.2250,-32.1751,0.14180,SGP
8.2045,-31.4109,0.10890,SGP
8.0755,-30.8944,0.10900,SGP
8.1103,-32.1581,0.03130,SGP
7.9224,-31.8903,0.03090,SGP
7.6668,-32.0013,0.05640,SGP
7.3919,-30.7500,0.02400,SGP
7.3937,-31.7964,0.10970,SGP
7.2115,-31.7554,0.09260,SGP
7.1632,-31.4399,0.10750,SGP
6.9990,-31.3845,0.14200,SGP
7.0024,-32.1924,0.10760,SGP
6.7724,-31.7684,0.11440,SGP
6.5731,-31.9469,0.10660,SGP
6.3754,-30.8912,0.18990,SGP
6.3103,-30.9307,0.18920,SGP
5.8210,-31.9816,0.05430,SGP
5.7172,-30.8693,0.10760,SGP
5.6555,-32.1491,0.04250,SGP
5.5897,-32.0038,0.15620,SGP
5.5610,-30.9184,0.10710,SGP
5.4527,-32.0548,0.04170,SGP
5.3864,-31.5755,0.11900,SGP
5.3227,-31.0529,0.06000,SGP
5.3110,-31.2403,0.16320,SGP
4.9834,-31.2584,0.05580,SGP
4.9459,-32.0001,0.09230,SGP
4.8396,-31.7356,0.11560,SGP
4.8287,-30.6936,0.10840,SGP
4.7597,-31.1162,0.14600,SGP
4.7080,-31.4904,0.07380,SGP
4.6273,-31.4041,0.10500,SGP
4.5396,-30.8298,0.06130,SGP
4.5239,-31.2854,0.10610,SGP
4.5202,-31.4055,0.10640,SGP
4.4297,-31.5984,0.10450,SGP
4.3794,-31.5106,0.10450,SGP
4.3271,-30.8486,0.19770,SGP
4.2892,-31.7191,0.10860,SGP
4.2656,-31.4868,0.17870,SGP
4.2460,-31.2950,0.10970,SGP
4.2257,-31.3792,0.10750,SGP
4.2101,-31.1845,0.10320,SGP
4.1714,-31.5221,0.10750,SGP
4.1057,-31.6159,0.10760,SGP
4.0587,-31.6177,0.07010,SGP
4.0633,-31.3409,0.10360,SGP
4.0552,-31.0401,0.06110,SGP
4.0416,-31.2232,0.10370,SGP
4.0189,-31.3527,0.11000,SGP
3.9527,-31.3052,0.13700,SGP
3.8922,-32.1100,0.10410,SGP
3.8796,-31.3949,0.10630,SGP
3.5140,-32.0915,0.07240,SGP
14.7844,-27.6438,0.09310,SGP
14.6947,-28.3469,0.18440,SGP
14.4136,-27.2912,0.16030,SGP
14.3794,-27.9766,0.04060,SGP
14.2953,-28.1590,0.06980,SGP
14.2242,-27.9598,0.15920,SGP
14.1780,-27.5800,0.12620,SGP
14.1923,-28.8789,0.07640,SGP
14.1698,-28.9204,0.07070,SGP
14.0784,-27.4800,0.09640,SGP
14.0507,-27.7277,0.07150,SGP
14.0390,-28.5676,0.16140,SGP
13.4999,-28.4902,0.09270,SGP
13.4706,-27.6439,0.07330,SGP
13.4417,-27.3271,0.06470,SGP
13.3063,-27.6474,0.07160,SGP
13.3000,-27.9912,0.07480,SGP
13.2489,-28.4581,0.19570,SGP
13.1707,-27.2642,0.03500,SGP
12.8274,-28.3940,0.11120,SGP
12.7976,-28.7471,0.11530,SGP
12.7824,-28.1864,0.08330,SGP
12.7008,-28.8062,0.10630,SGP
12.1827,-28.1038,0.09490,SGP
12.1302,-27.3106,0.10960,SGP
12.1186,-27.6711,0.04960,SGP
12.0279,-27.6308,0.16530,SGP
11.7913,-28.3866,0.08550,SGP
11.6555,-28.7410,0.10870,SGP
11.5782,-28.6616,0.19360,SGP
11.4753,-28.2775,0.10190,SGP
11.3820,-27.5244,0.07430,SGP
11.3399,-27.2355,0.12140,SGP
11.3470,-27.2715,0.12170,SGP
11.3175,-27.4730,0.07970,SGP
11.0846,-27.9796,0.11030,SGP
11.0860,-28.0470,0.11260,SGP
11.0317,-28.8313,0.08160,SGP
11.0092,-27.3968,0.17730,SGP
10.9208,-28.9016,0.16530,SGP
10.8609,-28.8902,0.07250,SGP
10.8432,-27.8939,0.11440,SGP
10.6424,-28.0061,0.10690,SGP
10.6169,-28.7579,0.16660,SGP
10.6160,-27.8198,0.10790,SGP
10.5746,-28.3891,0.06150,SGP
10.5211,-28.8081,0.15800,SGP
10.5201,-27.3109,0.10490,SGP
10.4795,-28.3681,0.10420,SGP
10.4660,-28.5586,0.10130,SGP
10.4419,-27.7886,0.18370,SGP
10.4325,-28.3853,0.10510,SGP
10.2864,-28.8450,0.09830,SGP
10.2405,-28.6057,0.07760,SGP
10.2318,-27.9754,0.10850,SGP
10.1096,-27.9509,0.10820,SGP
9.8805,-28.2556,0.12570,SGP
9.7852,-28.4493,0.04060,SGP
9.6811,-28.0217,0.06190,SGP
9.6108,-27.7719,0.11140,SGP
9.5535,-28.3199,0.07240,SGP
9.4801,-28.9232,0.01160,SGP
9.3755,-28.0181,0.11270,SGP
9.3507,-27.8057,0.14750,SGP
9.3380,-28.8117,0.11070,SGP
9.3199,-28.1179,0.19740,SGP
14.4658,-30.5042,0.15620,SGP
14.4247,-29.7349,0.11810,SGP
14.2779,-29.7178,0.11010,SGP
14.1371,-29.6786,0.15860,SGP
14.1156,-30.0369,0.09760,SGP
14.1321,-30.6968,0.05110,SGP
13.8829,-29.5823,0.15940,SGP
13.7853,-29.5567,0.11190,SGP
13.7285,-30.1220,0.11670,SGP
13.5339,-30.3869,0.17780,SGP
13.5000,-30.1208,0.02180,SGP
13.1697,-29.9439,0.11300,SGP
13.1216,-30.2283,0.16950,SGP
13.0542,-30.1766,0.11260,SGP
12.9918,-30.7349,0.09090,SGP
12.3530,-29.5270,0.11270,SGP
12.2808,-29.6108,0.07530,SGP
12.1946,-29.6343,0.12450,SGP
12.1791,-30.7283,0.12630,SGP
12.1429,-30.0422,0.07050,SGP
12.1241,-29.8279,0.11210,SGP
11.9771,-30.3307,0.05930,SGP
11.8955,-30.4555,0.11760,SGP
11.8323,-30.8150,0.04320,SGP
11.3673,-30.2833,0.03840,SGP
11.3156,-30.5647,0.09010,SGP
11.2858,-28.9900,0.14410,SGP
11.2545,-29.3029,0.05490,SGP
11.1960,-30.5507,0.13410,SGP
11.1270,-29.1483,0.11430,SGP
11.1306,-29.2174,0.12520,SGP
11.0422,-29.9086,0.17730,SGP
10.9687,-29.6912,0.16670,SGP
10.6540,-30.0620,0.11150,SGP
10.5832,-30.6276,0.08720,SGP
10.5718,-30.8453,0.05470,SGP
10.5380,-30.7379,0.11790,SGP
10.5318,-29.5409,0.05360,SGP
10.5065,-29.4352,0.14440,SGP
10.3930,-28.9923,0.11340,SGP
10.2886,-29.6232,0.17370,SGP
10.2279,-29.7065,0.11210,SGP
9.8580,-29.1015,0.11490,SGP
9.6405,-29.2109,0.11220,SGP
9.6175,-30.0065,0.06000,SGP
9.5727,-30.1528,0.13710,SGP
9.5579,-28.9287,0.05290,SGP
9.3799,-30.5584,0.17550,SGP
9.3411,-29.9702,0.11190,SGP
14.8679,-31.5504,0.07800,SGP
14.5692,-31.0170,0.10690,SGP
14.5349,-31.3030,0.12320,SGP
14.4845,-31.6988,0.11330,SGP
14.4447,-30.8823,0.07810,SGP
14.4713,-31.6330,0.11300,SGP
14.2532,-30.8828,0.06370,SGP
14.2625,-31.3926,0.10640,SGP
14.2215,-31.2303,0.15280,SGP
14.1466,-30.8837,0.07730,SGP
13.9566,-31.7958,0.17940,SGP
13.6797,-30.8757,0.03220,SGP
13.6406,-31.0775,0.12330,SGP
13.5992,-31.1342,0.03020,SGP
13.5895,-31.0114,0.15120,SGP
13.3091,-31.9652,0.14940,SGP
12.9906,-32.1431,0.12130,SGP
12.8295,-31.0797,0.13400,SGP
12.8295,-32.1516,0.07240,SGP
12.7204,-31.3898,0.10140,SGP
12.6113,-31.7826,0.09030,SGP
12.5308,-31.7894,0.07150,SGP
11.9711,-31.6818,0.11200,SGP
11.9244,-31.8535,0.14660,SGP
11.7720,-30.9875,0.11170,SGP
11.7719,-31.3619,0.11910,SGP
11.7253,-30.9388,0.04720,SGP
11.4615,-31.8664,0.04380,SGP
11.3201,-32.0925,0.06180,SGP
10.5629,-31.9791,0.12730,SGP
10.5055,-31.4003,0.11860,SGP
10.2486,-31.9762,0.03190,SGP
10.0797,-31.5516,0.12810,SGP
9.8132,-31.1251,0.18640,SGP
9.7718,-32.0021,0.11090,SGP
9.5352,-31.0465,0.04990,SGP
9.2935,-31.2456,0.13970,SGP
20.5372,-27.8812,0.19150,SGP
20.2918,-28.2623,0.11590,SGP
20.1726,-28.7187,0.16210,SGP
20.0653,-27.3387,0.05730,SGP
20.0859,-28.1551,0.08410,SGP
19.9437,-27.3245,0.13350,SGP
19.9621,-27.8936,0.16830,SGP
19.8626,-28.5484,0.15920,SGP
19.8059,-27.6829,0.16310,SGP
19.5131,-28.4963,0.14760,SGP
19.3542,-28.5328,0.13490,SGP
19.2200,-27.2687,0.11380,SGP
18.9868,-27.4752,0.15450,SGP
18.9839,-27.7274,0.19010,SGP
18.9480,-27.3462,0.09800,SGP
18.9007,-27.5373,0.13680,SGP
18.8683,-27.4619,0.19110,SGP
18.7819,-28.7712,0.14160,SGP
18.6961,-27.3492,0.03730,SGP
18.7022,-27.8344,0.14490,SGP
18.7090,-28.0550,0.14170,SGP
18.6737,-27.2456,0.18500,SGP
18.6227,-28.5764,0.13040,SGP
18.5376,-28.7609,0.14160,SGP
18.5216,-27.9861,0.13320,SGP
18.4832,-27.3387,0.13400,SGP
18.4091,-28.6954,0.10880,SGP
18.3908,-27.3801,0.13370,SGP
18.3329,-27.2937,0.13040,SGP
18.1992,-28.9474,0.12190,SGP
18.1380,-28.9069,0.15860,SGP
18.1017,-28.2938,0.13990,SGP
17.9823,-27.6501,0.19830,SGP
17.9754,-27.3143,0.16410,SGP
17.9601,-27.6863,0.01880,SGP
17.9461,-27.7090,0.19880,SGP
17.7787,-27.5962,0.10930,SGP
17.7636,-27.2506,0.13310,SGP
17.6171,-28.6262,0.15190,SGP
17.0171,-28.6414,0.15610,SGP
16.7788,-28.3671,0.10910,SGP
16.6069,-28.8678,0.10720,SGP
16.5608,-27.6243,0.09220,SGP
16.5390,-27.5966,0.11900,SGP
16.3772,-27.6709,0.01950,SGP
16.2551,-28.1451,0.15680,SGP
16.2477,-28.9462,0.09070,SGP
15.7559,-28.5407,0.09320,SGP
15.7117,-28.8882,0.09270,SGP
15.5812,-28.3117,0.19600,SGP
15.5316,-27.5144,0.11320,SGP
15.4874,-28.3801,0.05750,SGP
15.3765,-27.2882,0.11400,SGP
15.1719,-27.6920,0.13000,SGP
20.5286,-30.4599,0.03470,SGP
20.4137,-29.2203,0.05290,SGP
20.4062,-30.2197,0.16710,SGP
20.3000,-29.6023,0.03670,SGP
20.1916,-30.5081,0.15390,SGP
19.9378,-29.6728,0.10390,SGP
19.8062,-29.5355,0.06300,SGP
19.7111,-29.2041,0.12010,SGP
19.5638,-29.0596,0.11780,SGP
19.5657,-29.2736,0.06280,SGP
19.4964,-29.1308,0.11750,SGP
19.5078,-29.1811,0.06310,SGP
19.4172,-29.7402,0.15300,SGP
19.3192,-29.4952,0.11880,SGP
19.2090,-29.3073,0.18870,SGP
19.1232,-29.8943,0.11740,SGP
19.0745,-29.7204,0.15040,SGP
19.0125,-29.1408,0.08230,SGP
19.0147,-30.7098,0.16920,SGP
18.9782,-30.0264,0.08960,SGP
18.9046,-29.9032,0.01890,SGP
18.9125,-29.9797,0.11880,SGP
18.8138,-29.9036,0.17210,SGP
18.7865,-30.8732,0.15250,SGP
18.7338,-29.1191,0.07900,SGP
18.6744,-29.5395,0.01850,SGP
18.6771,-30.2735,0.01940,SGP
18.4925,-29.5148,0.10520,SGP
18.4587,-30.1773,0.15290,SGP
18.1641,-30.3031,0.11840,SGP
18.1686,-30.4894,0.15430,SGP
18.0766,-29.9257,0.15470,SGP
18.0202,-30.7509,0.11940,SGP
17.9534,-30.3708,0.11800,SGP
17.8002,-29.9094,0.10980,SGP
17.5437,-30.5381,0.08110,SGP
17.4775,-29.2662,0.15440,SGP
17.2619,-29.9404,0.12060,SGP
17.2069,-29.7230,0.12900,SGP
17.0433,-30.6408,0.11860,SGP
17.0259,-29.9852,0.17630,SGP
16.9972,-29.7358,0.03270,SGP
16.8977,-29.7842,0.10640,SGP
16.8617,-30.1769,0.10940,SGP
16.8195,-30.1945,0.15470,SGP
16.6887,-30.2120,0.09260,SGP
16.6860,-29.3333,0.18980,SGP
16.6030,-30.5441,0.08300,SGP
16.5845,-30.7472,0.13260,SGP
16.4770,-29.0851,0.10270,SGP
16.4055,-30.7447,0.16190,SGP
16.2686,-29.5468,0.11520,SGP
16.2585,-29.8726,0.10270,SGP
16.2425,-29.7174,0.10540,SGP
15.9660,-29.6789,0.10700,SGP
15.8925,-29.5556,0.09210,SGP
15.8380,-29.8768,0.16300,SGP
15.8312,-29.4145,0.09540,SGP
15.7592,-30.4875,0.15560,SGP
15.7742,-29.2357,0.09270,SGP
15.6760,-30.5602,0.19510,SGP
15.5549,-30.1299,0.16290,SGP
15.5156,-30.5908,0.15970,SGP
15.4136,-29.1772,0.15640,SGP
15.3672,-30.2995,0.15830,SGP
15.2410,-29.6802,0.11770,SGP
15.2104,-30.2919,0.05940,SGP
15.1672,-29.3798,0.15190,SGP
15.0958,-29.0184,0.13940,SGP
20.4807,-31.1059,0.05300,SGP
20.4455,-30.9142,0.03580,SGP
20.4345,-32.0521,0.06550,SGP
20.3495,-31.1172,0.03090,SGP
20.1749,-31.0693,0.03060,SGP
20.0218,-31.7470,0.10650,SGP
19.9938,-31.1891,0.16600,SGP
19.6898,-31.6767,0.06720,SGP
19.3101,-32.0837,0.15850,SGP
19.0616,-31.2135,0.17430,SGP
18.9068,-30.9970,0.16820,SGP
18.9016,-31.0592,0.03220,SGP
18.8968,-32.0635,0.15010,SGP
18.8582,-31.7561,0.01770,SGP
18.6049,-31.1909,0.11960,SGP
18.4665,-31.5128,0.02100,SGP
18.4530,-31.1640,0.14440,SGP
18.1915,-31.5182,0.14640,SGP
17.9622,-31.1371,0.03200,SGP
17.8802,-31.5986,0.12030,SGP
17.8179,-31.4631,0.03410,SGP
17.7671,-31.0723,0.07720,SGP
17.7240,-31.0698,0.14340,SGP
17.6543,-31.7016,0.16490,SGP
17.3602,-32.1535,0.15120,SGP
17.3166,-31.6037,0.16180,SGP
17.2092,-31.4613,0.08120,SGP
17.2011,-31.9174,0.15290,SGP
17.1024,-31.8205,0.14080,SGP
17.0757,-31.2954,0.04350,SGP
17.0103,-31.4094,0.15890,SGP
16.8715,-31.2933,0.11850,SGP
16.8406,-30.9071,0.08040,SGP
16.8375,-31.1481,0.01920,SGP
16.6697,-31.4022,0.11850,SGP
16.3506,-32.1912,0.17720,SGP
16.3178,-31.6513,0.11740,SGP
16.2535,-31.4991,0.01480,SGP
16.2070,-31.0344,0.16040,SGP
16.1833,-31.5523,0.01850,SGP
16.1424,-32.1934,0.14500,SGP
16.1259,-31.9746,0.14470,SGP
15.9715,-31.2379,0.11590,SGP
15.8816,-30.9409,0.10720,SGP
15.7825,-31.5568,0.11380,SGP
15.6239,-31.7002,0.10900,SGP
15.6041,-30.9989,0.09470,SGP
15.4370,-31.6782,0.11510,SGP
15.2959,-32.0035,0.11600,SGP
15.2673,-31.2171,0.09170,SGP
15.1399,-31.4236,0.11920,SGP
15.1242,-32.2057,0.11390,SGP
15.0797,-31.3501,0.18360,SGP
26.2309,-28.2722,0.09420,SGP
25.6912,-27.6720,0.10450,SGP
25.6211,-28.5527,0.03680,SGP
25.3495,-28.3991,0.07610,SGP
25.3131,-28.1450,0.08490,SGP
25.1665,-27.4829,0.05370,SGP
25.1612,-28.4470,0.09370,SGP
25.0754,-27.9534,0.15850,SGP
24.8078,-28.7717,0.13290,SGP
24.7930,-28.9222,0.19600,SGP
24.7728,-28.5180,0.05850,SGP
24.6971,-27.9279,0.10190,SGP
24.5398,-27.5497,0.07780,SGP
24.5038,-28.8279,0.09900,SGP
24.4223,-28.2943,0.10150,SGP
24.4185,-28.7937,0.09810,SGP
24.1787,-28.7099,0.09900,SGP
24.1170,-28.3777,0.15320,SGP
24.0558,-27.5554,0.13590,SGP
23.9943,-28.8149,0.04970,SGP
23.8244,-28.7399,0.12510,SGP
23.7238,-27.9819,0.09880,SGP
23.6705,-27.8249,0.08520,SGP
23.5784,-27.4815,0.08560,SGP
23.5489,-27.5718,0.12420,SGP
23.4955,-27.5588,0.12170,SGP
23.5045,-28.8959,0.17270,SGP
23.4514,-28.3052,0.16540,SGP
23.3430,-27.4430,0.10800,SGP
23.3277,-27.5460,0.10810,SGP
23.0328,-28.7764,0.10060,SGP
23.0199,-28.1903,0.05830,SGP
22.7891,-28.3602,0.10890,SGP
22.6463,-28.0293,0.08850,SGP
22.3555,-27.3658,0.11870,SGP
22.3485,-28.6337,0.10320,SGP
22.0851,-27.3593,0.13860,SGP
21.9319,-27.3051,0.07620,SGP
21.4366,-27.5301,0.07090,SGP
21.2904,-28.1584,0.10870,SGP
21.2615,-28.0637,0.17610,SGP
21.2523,-27.6084,0.11870,SGP
21.2241,-27.5185,0.18620,SGP
21.1256,-28.6989,0.10820,SGP
21.0603,-27.5134,0.11730,SGP
20.8520,-28.0657,0.06840,SGP
20.7410,-28.5739,0.18360,SGP
26.3879,-29.4917,0.04520,SGP
26.3512,-29.7662,0.06170,SGP
26.3450,-30.2469,0.08440,SGP
26.2210,-30.6432,0.05990,SGP
26.1750,-29.9283,0.01000,SGP
26.1582,-30.7299,0.16760,SGP
26.0580,-29.4749,0.05290,SGP
26.0363,-29.0256,0.13000,SGP
26.0320,-30.4213,0.06210,SGP
25.9923,-30.1225,0.15000,SGP
25.9667,-30.3931,0.07090,SGP
25.8836,-30.2638,0.04350,SGP
25.8325,-30.5787,0.19490,SGP
25.6884,-29.8691,0.19160,SGP
25.4053,-30.5807,0.07640,SGP
25.3624,-30.4565,0.10880,SGP
25.3194,-29.0846,0.15840,SGP
25.2394,-30.5574,0.16740,SGP
25.1938,-30.7208,0.16400,SGP
25.0094,-30.0044,0.15210,SGP
24.8059,-30.6018,0.13040,SGP
24.6559,-30.1757,0.12570,SGP
24.6119,-29.3312,0.08430,SGP
24.5853,-29.3198,0.16320,SGP
24.5822,-30.3411,0.10360,SGP
24.3724,-30.5393,0.16830,SGP
24.2630,-29.9013,0.17320,SGP
24.1767,-29.8083,0.17280,SGP
24.1083,-29.7575,0.17330,SGP
24.0583,-29.5178,0.05960,SGP
23.9425,-29.2553,0.16330,SGP
23.8459,-28.9660,0.12500,SGP
23.8217,-30.3235,0.15230,SGP
23.6720,-29.8642,0.08440,SGP
23.5876,-30.4000,0.10410,SGP
23.3150,-29.7333,0.10270,SGP
23.2062,-29.3138,0.06470,SGP
22.9527,-29.2796,0.12930,SGP
22.6651,-29.9303,0.15820,SGP
22.6536,-30.6394,0.12670,SGP
22.4065,-29.2461,0.10760,SGP
22.3785,-30.4484,0.08300,SGP
22.3626,-30.4202,0.09720,SGP
22.3359,-29.7481,0.05800,SGP
22.3205,-30.3772,0.09680,SGP
22.2515,-29.6506,0.14110,SGP
22.2565,-28.9955,0.18790,SGP
22.2222,-30.4343,0.09720,SGP
22.2017,-28.9378,0.08510,SGP
22.0896,-30.1317,0.14160,SGP
21.9833,-30.7159,0.07260,SGP
21.9653,-29.2059,0.13390,SGP
21.8477,-30.3553,0.15570,SGP
21.7603,-29.6794,0.09640,SGP
21.6234,-29.2185,0.00950,SGP
21.5571,-29.8516,0.17560,SGP
21.5731,-28.9560,0.12270,SGP
21.5197,-30.5848,0.08900,SGP
21.4730,-29.4753,0.09490,SGP
21.2217,-29.4390,0.09240,SGP
21.2078,-29.3332,0.15230,SGP
21.1335,-29.5142,0.03990,SGP
21.0553,-30.4111,0.07660,SGP
20.9919,-30.3928,0.10010,SGP
20.9120,-30.4242,0.09990,SGP
20.8889,-29.8934,0.10920,SGP
20.8211,-29.1124,0.10820,SGP
20.7750,-29.2041,0.10150,SGP
20.7482,-29.8555,0.07480,SGP
20.7297,-29.2007,0.09850,SGP
26.4075,-31.3117,0.09440,SGP
26.2816,-32.0257,0.19960,SGP
26.1301,-31.3254,0.11430,SGP
26.0780,-31.4228,0.11910,SGP
25.9092,-32.1882,0.12460,SGP
25.8643,-30.9730,0.14730,SGP
25.3677,-30.9912,0.11080,SGP
25.3152,-31.3094,0.16930,SGP
25.1615,-31.5697,0.17470,SGP
24.6328,-30.9851,0.13130,SGP
24.6506,-32.0654,0.08080,SGP
24.5004,-31.9195,0.01990,SGP
24.4860,-32.1723,0.13850,SGP
24.2791,-31.1932,0.17180,SGP
24.1620,-31.1148,0.13140,SGP
24.0928,-31.1653,0.11550,SGP
23.8776,-31.5464,0.16970,SGP
23.6217,-31.5187,0.06740,SGP
23.5613,-31.6492,0.07200,SGP
23.5575,-31.7219,0.07020,SGP
23.5359,-31.2659,0.16910,SGP
23.4575,-30.9772,0.07140,SGP
23.4476,-32.0534,0.16860,SGP
23.3997,-32.2386,0.14090,SGP
23.3758,-31.9461,0.06930,SGP
23.3168,-31.7086,0.07130,SGP
23.1601,-31.5520,0.09580,SGP
23.0805,-31.7277,0.12850,SGP
23.0330,-31.7768,0.06930,SGP
22.9761,-31.5499,0.12670,SGP
22.5290,-32.0888,0.10760,SGP
22.3584,-31.3972,0.16310,SGP
22.2522,-31.6237,0.06780,SGP
22.2368,-31.4724,0.13400,SGP
22.2191,-32.1344,0.09780,SGP
22.1960,-31.2223,0.12750,SGP
22.0707,-32.0949,0.13340,SGP
21.9347,-31.0738,0.16520,SGP
21.9197,-31.5688,0.12760,SGP
21.6185,-31.6124,0.05900,SGP
21.5579,-32.0596,0.08840,SGP
21.2865,-32.1305,0.16180,SGP
21.2335,-32.1205,0.18410,SGP
21.0643,-31.1242,0.10910,SGP
32.1272,-28.4012,0.05890,SGP
32.0681,-28.6323,0.13540,SGP
32.1174,-31.6074,0.11190,SGP
31.9989,-27.7984,0.10340,SGP
31.9512,-28.7412,0.13460,SGP
31.9297,-28.5931,0.07420,SGP
31.9755,-31.4702,0.06110,SGP
31.9591,-30.9124,0.06820,SGP
31.9012,-30.5706,0.12670,SGP
31.8373,-29.2876,0.13560,SGP
31.8020,-29.3837,0.16590,SGP
31.7543,-28.4511,0.06940,SGP
31.7013,-27.8268,0.10970,SGP
31.7381,-30.2380,0.04190,SGP
31.6541,-27.4914,0.11510,SGP
31.7007,-31.5940,0.12250,SGP
31.6065,-31.3015,0.12370,SGP
31.4823,-29.6077,0.10090,SGP
31.3897,-28.5411,0.06960,SGP
31.3949,-30.2053,0.01550,SGP
31.3902,-31.5704,0.15720,SGP
31.3709,-31.3070,0.08280,SGP
31.3646,-32.0529,0.10430,SGP
31.2939,-28.5853,0.11010,SGP
31.1816,-32.1019,0.10500,SGP
31.1597,-32.0332,0.10360,SGP
31.0997,-28.5565,0.08750,SGP
30.9862,-27.7422,0.17410,SGP
30.9789,-31.1559,0.06650,SGP
30.9275,-32.0858,0.14640,SGP
30.8491,-29.6085,0.13210,SGP
30.8242,-31.2739,0.17080,SGP
30.7243,-28.3048,0.11160,SGP
30.7146,-27.9281,0.11040,SGP
30.7436,-31.8194,0.10470,SGP
30.6592,-28.1136,0.11060,SGP
30.6463,-28.6359,0.10970,SGP
30.6264,-29.3170,0.06230,SGP
30.6283,-31.5859,0.10480,SGP
30.6154,-31.5105,0.12020,SGP
30.5722,-31.6042,0.10350,SGP
30.5330,-28.4186,0.11090,SGP
30.5036,-27.6289,0.14810,SGP
30.4995,-29.1289,0.13540,SGP
30.4785,-30.5761,0.12640,SGP
30.4016,-31.3434,0.12670,SGP
30.3346,-28.3814,0.12220,SGP
30.3478,-31.9839,0.19560,SGP
30.2410,-30.9192,0.16400,SGP
30.1986,-28.4026,0.11870,SGP
30.1945,-29.2813,0.17140,SGP
30.1567,-31.4703,0.11210,SGP
30.1286,-31.0439,0.05810,SGP
30.0049,-31.4624,0.12440,SGP
29.9990,-31.2478,0.12160,SGP
29.9600,-27.7671,0.08160,SGP
29.8786,-31.6670,0.12370,SGP
29.8411,-27.4077,0.15780,SGP
29.8187,-30.7018,0.13520,SGP
29.8074,-29.4099,0.14000,SGP
29.7744,-28.5906,0.07280,SGP
29.7471,-29.1050,0.08220,SGP
29.7410,-30.4681,0.01600,SGP
29.6818,-32.1237,0.12590,SGP
29.6517,-27.2619,0.13790,SGP
29.4027,-28.0937,0.07290,SGP
29.3881,-30.4180,0.06790,SGP
29.3742,-27.3577,0.05580,SGP
29.0720,-27.8104,0.13500,SGP
29.0632,-27.4300,0.13860,SGP
29.0327,-30.1512,0.08570,SGP
29.0005,-31.0955,0.12130,SGP
28.9714,-29.0723,0.06150,SGP
28.9548,-31.1312,0.06520,SGP
28.9771,-27.7063,0.14090,SGP
28.9136,-27.8990,0.05850,SGP
28.8266,-32.2256,0.13210,SGP
28.8118,-29.5964,0.16880,SGP
28.8130,-29.0665,0.11000,SGP
28.6725,-27.4386,0.13480,SGP
28.5990,-29.0136,0.12120,SGP
28.5659,-28.5991,0.16570,SGP
28.5333,-27.4844,0.13620,SGP
28.4792,-28.2437,0.05820,SGP
28.4435,-31.0893,0.13670,SGP
28.3614,-30.8771,0.12680,SGP
28.1338,-28.0803,0.13510,SGP
28.0473,-30.1137,0.17110,SGP
27.9827,-30.9255,0.12750,SGP
28.0154,-28.8854,0.13450,SGP
27.9759,-30.7594,0.08460,SGP
27.9803,-27.3606,0.09050,SGP
27.8785,-30.5180,0.14780,SGP
27.8665,-30.0759,0.15100,SGP
27.7526,-31.4985,0.14980,SGP
27.7779,-28.4105,0.19280,SGP
27.7665,-27.7583,0.06060,SGP
27.7486,-27.5049,0.12870,SGP
27.6995,-28.9595,0.10630,SGP
27.7133,-27.4591,0.08820,SGP
27.6740,-27.7021,0.18160,SGP
27.6253,-30.1971,0.08030,SGP
27.6570,-27.3053,0.11360,SGP
27.5238,-31.9341,0.14720,SGP
27.4764,-31.9785,0.14850,SGP
27.4998,-27.8181,0.08840,SGP
27.4788,-28.2074,0.12530,SGP
27.4144,-28.4206,0.11010,SGP
27.3880,-28.5301,0.13790,SGP
27.3008,-31.8661,0.06060,SGP
27.3205,-30.6416,0.18770,SGP
27.2313,-29.2237,0.08190,SGP
27.1968,-29.2002,0.08130,SGP
27.1743,-29.9682,0.09110,SGP
27.1175,-30.3430,0.17160,SGP
27.0474,-31.2747,0.13300,SGP
27.0192,-31.9526,0.15130,SGP
27.1088,-27.8908,0.10620,SGP
27.0432,-28.9194,0.07890,SGP
27.0337,-29.2836,0.17060,SGP
26.9316,-29.5506,0.13220,SGP
26.8619,-32.0121,0.15200,SGP
26.9295,-27.5146,0.02940,SGP
26.8529,-29.7292,0.13320,SGP
26.7925,-31.7398,0.19740,SGP
26.7817,-30.8893,0.12550,SGP
26.7272,-30.0604,0.06300,SGP
26.6855,-30.5484,0.19910,SGP
26.6732,-30.2594,0.06160,SGP
26.5841,-32.1595,0.14970,SGP
26.5870,-31.4714,0.15100,SGP
26.5667,-31.9152,0.13130,SGP
26.4952,-29.7914,0.02930,SGP
26.4945,-28.9662,0.13440,SGP
26.4949,-28.8290,0.05820,SGP
26.4693,-28.5421,0.12770,SGP
37.8935,-28.7893,0.14500,SGP
37.3293,-28.7989,0.05970,SGP
37.1738,-27.9279,0.00520,SGP
37.0599,-27.5398,0.06620,SGP
36.9159,-27.9066,0.11500,SGP
36.4842,-27.7941,0.06150,SGP
36.2935,-27.5578,0.10230,SGP
36.2834,-27.6155,0.11700,SGP
36.3062,-28.7345,0.09920,SGP
36.0661,-27.6703,0.06050,SGP
36.0137,-27.3814,0.12850,SGP
35.8705,-27.7312,0.10640,SGP
35.7606,-28.2548,0.16730,SGP
35.6646,-28.7515,0.07220,SGP
35.6257,-27.8149,0.07950,SGP
35.2842,-28.7002,0.16810,SGP
35.1317,-28.5382,0.17020,SGP
35.0717,-28.2607,0.10870,SGP
35.0038,-28.4748,0.17000,SGP
34.9224,-27.7999,0.05910,SGP
34.9032,-28.5186,0.16820,SGP
34.8244,-28.6936,0.11000,SGP
34.7662,-27.7026,0.05850,SGP
34.7480,-28.6235,0.16930,SGP
34.6811,-28.5609,0.10830,SGP
34.6004,-28.4908,0.10290,SGP
34.4492,-28.8113,0.10660,SGP
34.0154,-27.5879,0.11630,SGP
33.7247,-28.7118,0.11140,SGP
33.6937,-28.6642,0.10820,SGP
33.2798,-27.5215,0.10330,SGP
33.1828,-28.0604,0.13580,SGP
33.1507,-27.6796,0.14600,SGP
33.1130,-28.0908,0.08330,SGP
32.9861,-27.9286,0.13710,SGP
32.8322,-27.5733,0.10190,SGP
32.8371,-28.0202,0.11250,SGP
32.7265,-28.9016,0.14790,SGP
32.5810,-27.7978,0.14670,SGP
32.5544,-27.9802,0.17110,SGP
32.4998,-28.7867,0.13600,SGP
32.4460,-27.5023,0.19370,SGP
32.4235,-27.7523,0.16810,SGP
32.3963,-27.7044,0.13600,SGP
32.3913,-27.7721,0.16940,SGP
37.8480,-29.0721,0.11880,SGP
37.8412,-30.1752,0.06330,SGP
37.8030,-29.1200,0.19800,SGP
37.7874,-28.9833,0.11500,SGP
37.5899,-30.1171,0.12760,SGP
37.2767,-30.3776,0.11670,SGP
37.1903,-29.1542,0.12660,SGP
37.1463,-29.0730,0.06100,SGP
37.0094,-30.4454,0.08110,SGP
36.9162,-29.5348,0.05790,SGP
36.9032,-30.7551,0.09520,SGP
36.8051,-29.5451,0.05800,SGP
36.7953,-30.4541,0.11410,SGP
36.7364,-30.1689,0.05440,SGP
36.6542,-30.3749,0.19730,SGP
36.5609,-29.5836,0.05970,SGP
36.4681,-29.4941,0.06000,SGP
36.4720,-29.5076,0.06160,SGP
36.3960,-29.5694,0.06120,SGP
36.3170,-30.0477,0.07230,SGP
36.2877,-29.4205,0.06190,SGP
36.1486,-29.1381,0.07430,SGP
36.1053,-29.4969,0.06270,SGP
35.8990,-30.4540,0.05290,SGP
35.7728,-29.8866,0.11650,SGP
35.5457,-29.5668,0.09690,SGP
35.5520,-30.3149,0.11310,SGP
35.5208,-29.5535,0.11430,SGP
34.7532,-29.8565,0.10600,SGP
34.7224,-29.0056,0.10540,SGP
34.4647,-28.9991,0.11820,SGP
34.4480,-30.6420,0.18930,SGP
34.3162,-30.3247,0.10270,SGP
34.2883,-30.1961,0.10280,SGP
34.2661,-30.7251,0.10950,SGP
34.2368,-30.7919,0.08120,SGP
34.2301,-29.2078,0.11580,SGP
34.2007,-29.6147,0.10800,SGP
34.1832,-29.6661,0.10850,SGP
34.0613,-29.5868,0.17140,SGP
33.8912,-30.6219,0.17050,SGP
33.6673,-29.7184,0.11240,SGP
33.3125,-28.9752,0.12910,SGP
33.1714,-29.6072,0.10830,SGP
33.1536,-29.0754,0.10800,SGP
33.0227,-28.9688,0.10960,SGP
32.9766,-28.9986,0.08120,SGP
32.6477,-29.2181,0.18380,SGP
32.6350,-29.8997,0.09500,SGP
32.5937,-29.2544,0.12470,SGP
32.5743,-29.5240,0.06620,SGP
32.2845,-29.9096,0.17540,SGP
32.2255,-30.5425,0.13120,SGP
32.1800,-30.6506,0.13270,SGP
37.8134,-31.9668,0.08210,SGP
37.6486,-31.1997,0.06150,SGP
37.5082,-32.0139,0.10880,SGP
37.1818,-32.1876,0.07310,SGP
36.9944,-31.2812,0.09320,SGP
36.5978,-31.1276,0.09450,SGP
36.5316,-32.0459,0.12700,SGP
36.3428,-31.6062,0.10840,SGP
36.2302,-31.2980,0.11290,SGP
36.1474,-32.0687,0.10910,SGP
35.9147,-31.2877,0.09190,SGP
35.8425,-31.3085,0.11040,SGP
35.7352,-32.1154,0.08010,SGP
35.4165,-32.1142,0.10810,SGP
35.3697,-31.2739,0.14550,SGP
35.2644,-31.8460,0.03400,SGP
35.2117,-31.8164,0.08000,SGP
35.1162,-31.8836,0.03520,SGP
35.0775,-32.0603,0.03460,SGP
34.7210,-31.5258,0.07920,SGP
34.4682,-31.9683,0.18940,SGP
34.4506,-31.8417,0.14710,SGP
34.4263,-31.8218,0.09880,SGP
34.3846,-31.0684,0.11340,SGP
34.3688,-31.3459,0.09960,SGP
34.2667,-31.2553,0.10040,SGP
34.2414,-31.7072,0.09880,SGP
33.6417,-31.7585,0.13010,SGP
32.9361,-31.4159,0.17160,SGP
32.9079,-31.0646,0.12420,SGP
32.7061,-30.9975,0.12410,SGP
32.5231,-30.9982,0.12610,SGP
43.6304,-27.7378,0.07940,SGP
43.6481,-28.5554,0.07260,SGP
43.5795,-28.2853,0.14680,SGP
43.2429,-28.3481,0.13580,SGP
43.1567,-27.3877,0.16380,SGP
43.1479,-28.9721,0.19270,SGP
42.9974,-27.5087,0.05330,SGP
42.8264,-28.1994,0.01740,SGP
42.6133,-28.1405,0.13660,SGP
42.5145,-28.3230,0.13330,SGP
42.4576,-28.2128,0.10900,SGP
42.3447,-27.5063,0.14710,SGP
42.3616,-29.0013,0.10240,SGP
42.2901,-28.0813,0.05600,SGP
42.0765,-27.6046,0.13470,SGP
42.0502,-27.3478,0.13550,SGP
42.0582,-28.5083,0.09080,SGP
42.0483,-28.6719,0.10340,SGP
41.9359,-28.7557,0.08770,SGP
41.8767,-27.8136,0.10810,SGP
41.8420,-27.6288,0.13180,SGP
41.2750,-28.8196,0.14580,SGP
41.2211,-28.9572,0.14710,SGP
40.9804,-27.8411,0.13880,SGP
40.9688,-27.8897,0.14020,SGP
40.9662,-27.7883,0.14200,SGP
40.8880,-28.3600,0.06710,SGP
40.8477,-27.7498,0.13790,SGP
40.7664,-27.8683,0.06860,SGP
40.7021,-27.4268,0.06890,SGP
40.5984,-27.7167,0.11670,SGP
40.5763,-27.4700,0.11320,SGP
40.5587,-28.8092,0.09040,SGP
40.4730,-28.5294,0.14510,SGP
40.4340,-28.5826,0.12180,SGP
40.4167,-27.7976,0.16870,SGP
40.3682,-28.6441,0.08330,SGP
40.2832,-27.7433,0.11260,SGP
40.0356,-27.6477,0.07260,SGP
39.9715,-27.3361,0.10490,SGP
39.8764,-28.5406,0.11920,SGP
39.8534,-28.4903,0.17160,SGP
39.7150,-28.7905,0.11900,SGP
39.6647,-28.5219,0.10850,SGP
39.1910,-27.9121,0.10790,SGP
39.1771,-27.6445,0.19070,SGP
39.1402,-28.6443,0.14480,SGP
39.0651,-28.1562,0.09130,SGP
38.9907,-28.6577,0.06100,SGP
38.9615,-27.8181,0.05760,SGP
38.7701,-27.3619,0.06460,SGP
38.6500,-28.9748,0.06240,SGP
38.4569,-27.3093,0.15950,SGP
38.3756,-28.6783,0.17520,SGP
38.3241,-28.4417,0.19710,SGP
38.2510,-27.4026,0.10770,SGP
38.0779,-28.8609,0.06040,SGP
38.0463,-27.4673,0.08510,SGP
43.0893,-30.4907,0.03590,SGP
43.0042,-30.5665,0.02320,SGP
42.9262,-30.5975,0.02250,SGP
42.6778,-30.3456,0.18570,SGP
42.6550,-30.5758,0.13130,SGP
42.3177,-29.6013,0.16500,SGP
42.1234,-30.6628,0.18340,SGP
42.0037,-30.3681,0.18350,SGP
41.8908,-30.5004,0.01740,SGP
41.6276,-29.0701,0.08670,SGP
41.5289,-29.5679,0.14360,SGP
41.4584,-29.7824,0.18180,SGP
41.3691,-29.4983,0.08820,SGP
41.3041,-29.8057,0.12030,SGP
41.2709,-30.8006,0.18850,SGP
41.1351,-30.3766,0.14510,SGP
41.0795,-30.5719,0.05380,SGP
40.8410,-30.5884,0.16520,SGP
40.7417,-29.6492,0.17550,SGP
40.6380,-29.7139,0.09040,SGP
40.4160,-30.2128,0.08180,SGP
40.1122,-29.1987,0.15190,SGP
40.0815,-29.2255,0.06100,SGP
39.2627,-30.3506,0.12970,SGP
38.8103,-29.7215,0.12870,SGP
38.6951,-30.1378,0.06110,SGP
38.6352,-30.2589,0.14730,SGP
38.4516,-29.7891,0.16640,SGP
38.4507,-30.1092,0.04790,SGP
38.2152,-29.9300,0.04940,SGP
38.0098,-29.6032,0.01690,SGP
37.9819,-29.2092,0.10800,SGP
42.8540,-31.8200,0.02260,SGP
42.7792,-31.2784,0.15280,SGP
42.6505,-31.3266,0.14510,SGP
42.5574,-31.1391,0.10840,SGP
42.4842,-31.1335,0.02400,SGP
42.4886,-31.1768,0.02030,SGP
42.0126,-31.9447,0.10740,SGP
41.8960,-31.5209,0.11390,SGP
41.6679,-31.0334,0.15050,SGP
41.3885,-31.1327,0.08720,SGP
41.3955,-31.9075,0.18740,SGP
41.3924,-32.0437,0.02510,SGP
41.2861,-31.6430,0.13150,SGP
40.9266,-31.3633,0.10280,SGP
40.6598,-31.5315,0.06170,SGP
40.6522,-31.1584,0.13010,SGP
40.6273,-31.0973,0.04910,SGP
40.2362,-31.5210,0.08140,SGP
40.1998,-31.4661,0.08580,SGP
40.1500,-32.2627,0.16030,SGP
39.2785,-32.1120,0.06530,SGP
39.2352,-32.1794,0.06600,SGP
39.2232,-32.1252,0.06440,SGP
39.1951,-31.9147,0.06700,SGP
39.1855,-30.9793,0.16990,SGP
38.2965,-31.7916,0.08160,SGP
38.3049,-31.0678,0.12870,SGP
38.1320,-31.5323,0.13870,SGP
38.0695,-32.0021,0.08030,SGP
38.0559,-31.1930,0.15080,SGP
49.3466,-27.8483,0.11470,SGP
49.3453,-27.8381,0.11380,SGP
49.3668,-30.6846,0.14430,SGP
49.3322,-29.8832,0.13600,SGP
49.3157,-29.9580,0.17520,SGP
49.2868,-30.9798,0.04130,SGP
49.2112,-29.3010,0.06780,SGP
49.1834,-32.0094,0.13880,SGP
49.1416,-30.3187,0.13640,SGP
49.0899,-27.8744,0.09120,SGP
49.1392,-30.9900,0.06260,SGP
49.0050,-27.3675,0.11420,SGP
49.0986,-31.8877,0.06500,SGP
48.9875,-28.7547,0.10690,SGP
48.9485,-28.9628,0.06740,SGP
48.9393,-28.8059,0.06750,SGP
48.9683,-30.3258,0.16130,SGP
48.9738,-31.0523,0.11830,SGP
48.8919,-30.1957,0.09220,SGP
48.9027,-31.5264,0.17090,SGP
48.8685,-31.6652,0.16550,SGP
48.7662,-28.6409,0.15730,SGP
48.7225,-27.7950,0.04970,SGP
48.7014,-32.2913,0.13930,SGP
48.5831,-29.1227,0.06550,SGP
48.6287,-32.1835,0.13910,SGP
48.5487,-27.3685,0.08970,SGP
48.6145,-31.8233,0.12870,SGP
48.5088,-31.6619,0.17280,SGP
48.4481,-28.0926,0.06600,SGP
48.4368,-31.3051,0.06680,SGP
48.3280,-28.6410,0.14030,SGP
48.3267,-31.1807,0.06680,SGP
48.2157,-31.3473,0.07910,SGP
48.2109,-31.4164,0.13450,SGP
48.1140,-29.3422,0.15380,SGP
48.0357,-27.7367,0.13790,SGP
47.9563,-29.8595,0.13610,SGP
47.9430,-30.7651,0.10250,SGP
47.9328,-30.6881,0.13620,SGP
47.8746,-27.9498,0.12650,SGP
47.8724,-31.3822,0.00540,SGP
47.8746,-32.1710,0.10300,SGP
47.8297,-27.5338,0.09540,SGP
47.8238,-31.1727,0.05960,SGP
47.7766,-27.3690,0.13820,SGP
47.7617,-29.7892,0.06540,SGP
47.7317,-28.2806,0.06440,SGP
47.7164,-32.1116,0.10250,SGP
47.7134,-32.2507,0.10260,SGP
47.5971,-30.2337,0.10420,SGP
47.5620,-31.3900,0.18280,SGP
47.4474,-28.4645,0.12530,SGP
47.2952,-31.2448,0.15840,SGP
47.2368,-29.6121,0.09560,SGP
47.1474,-28.5078,0.06490,SGP
47.1192,-31.9533,0.16590,SGP
47.0607,-32.3063,0.08010,SGP
46.9718,-27.6519,0.07310,SGP
46.9176,-31.0352,0.07030,SGP
46.8957,-31.3219,0.10320,SGP
46.8773,-28.8646,0.13400,SGP
46.8492,-29.6752,0.09090,SGP
46.7988,-30.8865,0.06340,SGP
46.7524,-29.3613,0.17330,SGP
46.6507,-27.5549,0.06890,SGP
46.5818,-28.5930,0.07100,SGP
46.5528,-28.2437,0.07320,SGP
46.5303,-31.1984,0.06450,SGP
46.5034,-30.6241,0.06910,SGP
46.4676,-32.2151,0.12310,SGP
46.4870,-28.0452,0.18450,SGP
46.2120,-29.7419,0.17960,SGP
46.0691,-27.5233,0.06930,SGP
45.9779,-28.2153,0.06430,SGP
45.7873,-32.1986,0.11360,SGP
45.7196,-28.7232,0.07420,SGP
45.6629,-31.2365,0.18240,SGP
45.6325,-28.9717,0.18150,SGP
45.5690,-32.2985,0.13330,SGP
45.5461,-27.3199,0.03890,SGP
45.5076,-28.5636,0.07610,SGP
45.4502,-27.3921,0.06120,SGP
45.1297,-31.7992,0.15160,SGP
45.1765,-27.6163,0.15700,SGP
45.1406,-28.9459,0.06720,SGP
45.0416,-28.3417,0.04120,SGP
44.9812,-28.7453,0.14850,SGP
44.8128,-31.4948,0.13340,SGP
44.7910,-29.7885,0.07680,SGP
44.8269,-27.5923,0.13960,SGP
44.7001,-32.0996,0.01570,SGP
44.7280,-29.9676,0.11700,SGP
44.7350,-27.9913,0.04190,SGP
44.4635,-31.8792,0.07190,SGP
44.3699,-27.3458,0.11040,SGP
44.1999,-30.8828,0.10070,SGP
44.2783,-27.7470,0.07110,SGP
43.9419,-31.2662,0.09630,SGP
44.0011,-28.9614,0.13640,SGP
43.7784,-29.6376,0.10410,SGP
43.7178,-28.0103,0.07180,SGP
55.1250,-28.6843,0.07230,SGP
55.0114,-28.5748,0.06620,SGP
54.8558,-28.9291,0.06790,SGP
54.6306,-28.6694,0.10530,SGP
54.3632,-28.6549,0.10670,SGP
54.3512,-29.0827,0.19790,SGP
54.1090,-29.0275,0.12140,SGP
54.0315,-28.6601,0.06770,SGP
54.0460,-29.0081,0.06810,SGP
53.7880,-28.7576,0.10390,SGP
53.7928,-28.9760,0.10210,SGP
53.4574,-28.8275,0.08370,SGP
53.4490,-28.8991,0.14880,SGP
53.3837,-28.7404,0.07320,SGP
53.3380,-29.0869,0.10800,SGP
53.1927,-28.5234,0.14950,SGP
53.0452,-27.4019,0.14710,SGP
52.9972,-28.9279,0.15330,SGP
52.9649,-28.2079,0.18080,SGP
52.9560,-28.3645,0.06160,SGP
52.8945,-28.3397,0.17280,SGP
52.8664,-28.3769,0.07700,SGP
52.8082,-28.7855,0.13990,SGP
52.7710,-28.0582,0.07520,SGP
52.7447,-28.5274,0.12040,SGP
52.6780,-29.0902,0.13440,SGP
52.6458,-28.8224,0.14660,SGP
52.4802,-28.7496,0.15960,SGP
52.4277,-29.0605,0.07090,SGP
52.3697,-27.4519,0.14210,SGP
52.3333,-27.6050,0.10330,SGP
52.2572,-28.5069,0.14800,SGP
52.1522,-28.6988,0.10840,SGP
51.9156,-28.0766,0.07770,SGP
51.8455,-27.4132,0.16550,SGP
51.8338,-28.2629,0.12850,SGP
51.7426,-28.6615,0.10860,SGP
51.7420,-28.1680,0.13080,SGP
51.6975,-28.3021,0.16050,SGP
51.5929,-28.2968,0.12170,SGP
51.4871,-28.0698,0.08830,SGP
51.4419,-28.7633,0.10560,SGP
51.4251,-29.0321,0.19630,SGP
51.4005,-28.4726,0.12710,SGP
51.3490,-27.6602,0.14300,SGP
51.2593,-27.4078,0.15210,SGP
50.7943,-28.2707,0.04650,SGP
50.7324,-27.3455,0.13280,SGP
50.7241,-28.2634,0.10620,SGP
50.6450,-28.8138,0.10720,SGP
50.6315,-27.7623,0.09160,SGP
50.5989,-28.6743,0.11550,SGP
50.6059,-28.9597,0.12020,SGP
50.5667,-28.5113,0.19070,SGP
50.5775,-27.7209,0.04340,SGP
50.5257,-28.6609,0.18570,SGP
50.3586,-27.5143,0.13170,SGP
50.3012,-27.3302,0.06360,SGP
50.1631,-28.4131,0.15770,SGP
50.0349,-28.4645,0.11030,SGP
49.9787,-28.2754,0.11780,SGP
49.9837,-27.4517,0.12840,SGP
49.9408,-28.1435,0.11910,SGP
49.8621,-28.4351,0.04920,SGP
49.8148,-28.7877,0.04370,SGP
49.7639,-27.7631,0.18110,SGP
49.6572,-27.5454,0.11800,SGP
49.5549,-27.4306,0.13470,SGP
54.6420,-30.4459,0.09210,SGP
54.2129,-30.0833,0.17710,SGP
54.1411,-29.2076,0.06890,SGP
54.0447,-29.8102,0.10790,SGP
54.0367,-30.4309,0.03740,SGP
53.9598,-29.5796,0.10650,SGP
53.8930,-30.8682,0.13040,SGP
53.8581,-29.2875,0.10490,SGP
53.7244,-29.6163,0.13640,SGP
53.6734,-29.3993,0.10460,SGP
53.6148,-29.7412,0.13810,SGP
53.5752,-30.0677,0.09310,SGP
53.5382,-30.0401,0.06400,SGP
53.5257,-30.7555,0.12690,SGP
53.4923,-29.4713,0.11020,SGP
53.5011,-30.1337,0.09250,SGP
53.4350,-29.8273,0.10610,SGP
53.4250,-30.5965,0.12930,SGP
53.2997,-29.2957,0.11270,SGP
53.3142,-29.6693,0.07430,SGP
53.2639,-30.5230,0.15360,SGP
53.1962,-30.8152,0.15440,SGP
53.1611,-29.3877,0.07960,SGP
53.1440,-29.8051,0.19900,SGP
53.1241,-30.4166,0.08290,SGP
53.0774,-29.6225,0.07440,SGP
53.0299,-30.8028,0.17580,SGP
52.9456,-29.1678,0.13300,SGP
52.9360,-29.1385,0.07530,SGP
52.9262,-29.3859,0.19980,SGP
52.9147,-29.8494,0.15430,SGP
52.8315,-30.1993,0.16290,SGP
52.7828,-30.5983,0.06550,SGP
52.7012,-30.4527,0.19070,SGP
52.2520,-29.9494,0.13980,SGP
52.1365,-29.7880,0.19250,SGP
52.1044,-29.3117,0.06790,SGP
51.8683,-30.9581,0.19890,SGP
51.8495,-30.6567,0.11180,SGP
51.8450,-29.9293,0.10830,SGP
51.6459,-30.9234,0.19710,SGP
51.5670,-30.7965,0.00510,SGP
51.5351,-29.6946,0.17750,SGP
51.5027,-29.5569,0.04480,SGP
51.4746,-29.5731,0.13630,SGP
51.4177,-30.9573,0.11850,SGP
51.3408,-29.5369,0.14800,SGP
51.3470,-29.9201,0.10920,SGP
51.0992,-30.0196,0.13700,SGP
50.9949,-30.7217,0.03070,SGP
50.8398,-29.1442,0.13450,SGP
50.7867,-29.7574,0.13630,SGP
50.7551,-29.2329,0.12080,SGP
50.5936,-30.0473,0.05840,SGP
50.5691,-30.3287,0.19480,SGP
50.2160,-30.7887,0.04870,SGP
50.0585,-29.5730,0.06790,SGP
49.9306,-30.1534,0.16400,SGP
49.8665,-30.2078,0.13830,SGP
49.8011,-30.0331,0.06750,SGP
49.7760,-30.2291,0.13850,SGP
49.7890,-29.1314,0.06590,SGP
49.7087,-30.3141,0.05840,SGP
49.6778,-29.7570,0.16570,SGP
49.6395,-30.3296,0.13400,SGP
49.5996,-30.1371,0.13370,SGP
49.4916,-29.6342,0.05980,SGP
49.3973,-30.2934,0.06530,SGP
49.4075,-29.3344,0.12570,SGP
54.6855,-32.2837,0.10920,SGP
54.3181,-32.0733,0.03830,SGP
54.2369,-31.0888,0.11060,SGP
54.2434,-31.9050,0.15850,SGP
54.0274,-31.4820,0.13070,SGP
54.0086,-32.1084,0.14180,SGP
53.9057,-31.5811,0.14240,SGP
53.7756,-31.9156,0.10570,SGP
53.6905,-31.7752,0.11150,SGP
53.6079,-32.1612,0.12780,SGP
53.2620,-31.2692,0.06520,SGP
53.2062,-31.0742,0.15350,SGP
53.1438,-32.1114,0.18870,SGP
53.1329,-31.5676,0.16590,SGP
53.0328,-32.2343,0.14800,SGP
52.6677,-32.0483,0.14590,SGP
52.5454,-31.3532,0.17410,SGP
52.1996,-32.2510,0.05770,SGP
52.1642,-31.9599,0.07740,SGP
51.6438,-32.2327,0.19580,SGP
51.5654,-31.8286,0.11670,SGP
51.4252,-31.4494,0.11930,SGP
51.1877,-31.6659,0.11540,SGP
51.1761,-31.2402,0.04730,SGP
50.9449,-31.6244,0.06710,SGP
50.7675,-32.0377,0.15060,SGP
50.7368,-31.0583,0.01460,SGP
50.6304,-31.8246,0.06630,SGP
50.5842,-30.9931,0.14800,SGP
50.4949,-31.1027,0.18920,SGP
50.4118,-31.4795,0.11010,SGP
50.3290,-31.3894,0.06720,SGP
50.2905,-31.4578,0.13650,SGP
50.2787,-31.1676,0.06570,SGP
49.7915,-31.0520,0.17680,SGP
49.7126,-30.9974,0.17660,SGP
331.2247,-28.7179,0.08370,SGP
331.1317,-28.9944,0.05910,SGP
331.0026,-28.4345,0.15830,SGP
330.9406,-27.7979,0.02330,SGP
330.8616,-28.7115,0.07790,SGP
330.6498,-28.7131,0.18930,SGP
330.6155,-28.3986,0.07880,SGP
330.4852,-27.5730,0.18860,SGP
330.3749,-27.4998,0.06620,SGP
330.3079,-28.0884,0.02900,SGP
330.2435,-28.8164,0.05890,SGP
329.8522,-27.7153,0.09340,SGP
329.8091,-27.3010,0.02770,SGP
329.7529,-27.3022,0.15510,SGP
329.7375,-27.5089,0.15540,SGP
329.6796,-28.4650,0.02070,SGP
329.5996,-27.5073,0.06220,SGP
329.6130,-28.5688,0.06470,SGP
329.5221,-28.4629,0.08000,SGP
329.5038,-28.3410,0.02030,SGP
329.3608,-28.3056,0.08070,SGP
329.2997,-27.5707,0.08050,SGP
329.2752,-28.4900,0.08060,SGP
328.9363,-27.6110,0.10660,SGP
328.8230,-28.5664,0.17820,SGP
328.6462,-28.4456,0.07550,SGP
328.5926,-28.0244,0.10510,SGP
328.5857,-28.5497,0.12530,SGP
328.4787,-27.3720,0.07640,SGP
328.3969,-28.2046,0.10590,SGP
328.2740,-28.6109,0.13830,SGP
328.1102,-28.8252,0.09380,SGP
328.0846,-28.8895,0.09140,SGP
328.0720,-28.1555,0.08170,SGP
328.0547,-27.5682,0.09400,SGP
327.9779,-27.8462,0.06960,SGP
327.6343,-28.1188,0.09490,SGP
327.5501,-28.3558,0.03040,SGP
327.4764,-28.4489,0.15770,SGP
327.4543,-27.8458,0.19760,SGP
327.3395,-28.3588,0.09400,SGP
327.3139,-28.3309,0.13610,SGP
327.2027,-27.8276,0.07150,SGP
327.0846,-28.5667,0.11700,SGP
326.5222,-28.2536,0.19030,SGP
326.5013,-28.8604,0.10410,SGP
326.4289,-27.9486,0.13270,SGP
326.3596,-28.3406,0.15690,SGP
326.3056,-28.6986,0.09090,SGP
326.2600,-28.6227,0.17270,SGP
326.1158,-28.9757,0.11080,SGP
325.6705,-28.4809,0.09190,SGP
325.6260,-28.0342,0.05190,SGP
331.2989,-30.6610,0.15920,SGP
331.2497,-30.0399,0.12370,SGP
331.1682,-29.5758,0.08880,SGP
331.1028,-30.0979,0.18270,SGP
330.9441,-29.3312,0.07760,SGP
330.8225,-29.7383,0.15760,SGP
330.7021,-30.7650,0.09740,SGP
330.4863,-29.3214,0.07910,SGP
330.5084,-30.2694,0.05620,SGP
330.4716,-30.1542,0.18480,SGP
330.2305,-30.1992,0.11590,SGP
329.8662,-29.1953,0.03710,SGP
329.8032,-30.1928,0.14900,SGP
329.7526,-29.3920,0.06100,SGP
329.5829,-30.4604,0.07480,SGP
329.4532,-30.8704,0.11770,SGP
329.2470,-30.0997,0.09240,SGP
329.1533,-30.0995,0.09560,SGP
329.1114,-30.0418,0.09300,SGP
329.0815,-29.6940,0.06120,SGP
328.7527,-29.5059,0.05460,SGP
328.7265,-30.9192,0.02770,SGP
328.7071,-30.4284,0.12300,SGP
328.6165,-29.3564,0.02270,SGP
328.6112,-30.5419,0.05350,SGP
328.4706,-30.4672,0.10990,SGP
328.2025,-29.7475,0.07950,SGP
327.8018,-29.2530,0.17590,SGP
327.7266,-29.9340,0.05630,SGP
327.7194,-29.4484,0.10680,SGP
327.5941,-30.6671,0.11830,SGP
327.4345,-30.6230,0.12360,SGP
327.3218,-30.6173,0.12340,SGP
327.1530,-30.4546,0.17280,SGP
326.8956,-29.7276,0.02340,SGP
326.9062,-30.0214,0.02310,SGP
326.7279,-29.1962,0.18580,SGP
326.7218,-29.2900,0.08750,SGP
326.6838,-29.4690,0.18520,SGP
326.6503,-30.8615,0.07570,SGP
326.5667,-29.4081,0.05330,SGP
326.4697,-29.4364,0.12220,SGP
326.3637,-29.9391,0.17250,SGP
326.3325,-29.1029,0.07370,SGP
326.2244,-29.2315,0.17340,SGP
325.9567,-29.8159,0.07180,SGP
325.6735,-30.7576,0.12030,SGP
325.6052,-29.0899,0.03900,SGP
331.1791,-30.9314,0.15750,SGP
331.2182,-32.0052,0.11680,SGP
330.9092,-31.8246,0.13310,SGP
330.6132,-31.3169,0.03840,SGP
330.4007,-31.8902,0.09720,SGP
330.3777,-31.4143,0.07440,SGP
330.3227,-31.6790,0.09620,SGP
330.2272,-31.1826,0.16750,SGP
330.1302,-30.9929,0.06530,SGP
330.0309,-31.4897,0.13040,SGP
330.0238,-31.5312,0.18280,SGP
329.9346,-31.0756,0.07070,SGP
329.8551,-31.3861,0.13120,SGP
329.8329,-31.8633,0.09280,SGP
329.8344,-31.8820,0.00910,SGP
329.8104,-31.6757,0.06890,SGP
329.5794,-31.2390,0.07080,SGP
329.4459,-31.8365,0.03700,SGP
329.2862,-32.0411,0.04860,SGP
329.1691,-31.6128,0.08520,SGP
329.1594,-31.6453,0.08610,SGP
328.9699,-32.0669,0.09460,SGP
328.9504,-31.1403,0.09240,SGP
328.9271,-32.0487,0.16120,SGP
328.2446,-31.0801,0.08690,SGP
327.9690,-32.1327,0.09770,SGP
327.7357,-32.1453,0.14960,SGP
327.7419,-32.2296,0.15330,SGP
327.6134,-32.0599,0.10400,SGP
327.3884,-32.0749,0.10230,SGP
327.2737,-30.9642,0.09340,SGP
327.2362,-31.3142,0.11640,SGP
327.0758,-32.1093,0.16220,SGP
326.8175,-32.0567,0.18410,SGP
326.7694,-31.3079,0.11790,SGP
326.7261,-31.5355,0.14920,SGP
326.6622,-31.9686,0.18400,SGP
326.6156,-32.2381,0.10350,SGP
326.4984,-30.9543,0.08750,SGP
326.0923,-31.6106,0.10330,SGP
325.9930,-30.9354,0.18060,SGP
325.9060,-31.6399,0.10270,SGP
325.7800,-31.1166,0.14530,SGP
325.6328,-31.3811,0.11160,SGP
337.0531,-28.5683,0.09170,SGP
336.8380,-27.2513,0.12340,SGP
336.7660,-27.4248,0.16140,SGP
336.5174,-27.8734,0.05910,SGP
336.3261,-28.7167,0.11890,SGP
336.1927,-28.5578,0.07850,SGP
336.1553,-28.7817,0.17600,SGP
336.0327,-28.0855,0.19880,SGP
335.9905,-27.7372,0.16240,SGP
335.9558,-27.4709,0.19550,SGP
335.8405,-28.0514,0.07900,SGP
335.6432,-27.8172,0.16000,SGP
335.5539,-28.6495,0.19580,SGP
335.5518,-28.7948,0.17750,SGP
335.5219,-28.8748,0.08810,SGP
335.1882,-28.6158,0.08750,SGP
335.1327,-28.3666,0.02800,SGP
335.0421,-28.8747,0.06000,SGP
334.9052,-27.2758,0.14270,SGP
334.8515,-28.6195,0.06110,SGP
334.7877,-27.3024,0.13360,SGP
334.7362,-28.3865,0.05840,SGP
334.6008,-28.8701,0.11080,SGP
334.5256,-28.8312,0.10990,SGP
334.4805,-28.1712,0.18810,SGP
334.3232,-27.7054,0.18870,SGP
334.1810,-28.0723,0.10720,SGP
334.0269,-27.4347,0.16050,SGP
333.8958,-27.6203,0.09020,SGP
333.8835,-28.4272,0.18670,SGP
333.7342,-27.2631,0.08060,SGP
333.6220,-27.4509,0.11030,SGP
333.6028,-27.5949,0.09110,SGP
333.5367,-28.4051,0.10900,SGP
333.4542,-27.5834,0.08080,SGP
333.3870,-28.3289,0.09230,SGP
333.3699,-28.1216,0.02690,SGP
333.3460,-27.9339,0.02400,SGP
333.3070,-27.3625,0.13870,SGP
333.2746,-27.6205,0.10670,SGP
333.2313,-28.4298,0.19590,SGP
333.1292,-27.8284,0.05920,SGP
333.0273,-27.8561,0.18520,SGP
332.9604,-28.0981,0.09170,SGP
332.8547,-28.8898,0.06050,SGP
332.8129,-27.3575,0.18620,SGP
332.8113,-28.3689,0.18700,SGP
332.7705,-27.9383,0.03740,SGP
332.6655,-27.5621,0.06240,SGP
332.6084,-27.3213,0.09040,SGP
332.5040,-28.1158,0.15820,SGP
332.4971,-27.4211,0.05690,SGP
332.4006,-28.5967,0.18130,SGP
332.3878,-27.2964,0.06270,SGP
332.3180,-28.4752,0.13460,SGP
332.2196,-27.4330,0.16360,SGP
332.2157,-28.5578,0.18450,SGP
332.1207,-28.8746,0.05630,SGP
332.0276,-27.3570,0.03230,SGP
332.0067,-28.4572,0.12730,SGP
331.9894,-28.9340,0.05660,SGP
331.9880,-28.2503,0.02590,SGP
331.9465,-28.3064,0.17670,SGP
331.9327,-27.9778,0.16680,SGP
331.9337,-27.3134,0.15580,SGP
331.8109,-28.2656,0.08970,SGP
331.7157,-28.9484,0.06070,SGP
331.5566,-28.8702,0.06160,SGP
331.5470,-27.4064,0.07950,SGP
331.5171,-27.7021,0.09250,SGP
331.4903,-27.7276,0.09150,SGP
336.9770,-30.5754,0.05810,SGP
336.9387,-30.4974,0.05990,SGP
336.8679,-30.7101,0.05650,SGP
336.7757,-30.6159,0.05730,SGP
336.5182,-30.6427,0.05880,SGP
336.4544,-29.1663,0.12320,SGP
336.4996,-30.6371,0.16450,SGP
336.4550,-29.9229,0.11390,SGP
336.3904,-29.6773,0.10960,SGP
336.0619,-29.7408,0.15830,SGP
335.9604,-30.4072,0.11900,SGP
335.9151,-29.9324,0.05620,SGP
335.8207,-29.4795,0.11810,SGP
335.7762,-29.1916,0.05820,SGP
335.7014,-29.0312,0.10670,SGP
335.5227,-30.2041,0.15730,SGP
335.4391,-30.2908,0.18700,SGP
335.3330,-29.8768,0.17860,SGP
335.1582,-29.3666,0.06700,SGP
334.8984,-30.6970,0.15070,SGP
334.8101,-29.5832,0.16350,SGP
334.5458,-30.0832,0.07000,SGP
334.5263,-29.4819,0.14610,SGP
334.3595,-30.3623,0.14170,SGP
334.3346,-30.2665,0.15440,SGP
334.2894,-29.5341,0.10660,SGP
334.2061,-29.7470,0.08500,SGP
333.8808,-30.8526,0.11860,SGP
333.8502,-29.4519,0.14880,SGP
333.8500,-29.6868,0.11780,SGP
333.7381,-29.6512,0.09410,SGP
333.7452,-30.8426,0.16520,SGP
333.6595,-29.0631,0.05980,SGP
333.5642,-30.1632,0.16280,SGP
333.4292,-30.0699,0.09300,SGP
333.3798,-29.6061,0.17010,SGP
333.3645,-30.0054,0.15480,SGP
333.0782,-30.1583,0.13080,SGP
333.0811,-29.0027,0.18520,SGP
333.0635,-29.2436,0.11280,SGP
332.9997,-30.8531,0.15440,SGP
332.9433,-29.2577,0.11800,SGP
332.8537,-29.7196,0.11260,SGP
332.8062,-29.2244,0.06160,SGP
332.6700,-30.1700,0.06160,SGP
332.6295,-29.0197,0.06110,SGP
332.5896,-29.9585,0.18820,SGP
332.4385,-29.8857,0.11230,SGP
332.3935,-29.2856,0.10640,SGP
332.2843,-29.2129,0.02960,SGP
332.2368,-29.4675,0.18240,SGP
332.2242,-30.3773,0.15170,SGP
331.9635,-30.6974,0.16560,SGP
331.9429,-30.2522,0.11240,SGP
331.9330,-29.9509,0.11920,SGP
331.8639,-29.2785,0.11280,SGP
331.6696,-30.1597,0.05550,SGP
331.5970,-29.6843,0.12480,SGP
331.4348,-29.0372,0.06010,SGP
336.9472,-31.5750,0.08320,SGP
336.8651,-31.3869,0.02720,SGP
336.6979,-31.7880,0.11810,SGP
336.7147,-31.9621,0.11930,SGP
336.6528,-31.9016,0.11780,SGP
336.4665,-31.0286,0.02730,SGP
336.4733,-31.4616,0.05910,SGP
336.3355,-31.1814,0.05850,SGP
336.3082,-30.9680,0.10950,SGP
336.2814,-31.7025,0.15690,SGP
336.1920,-30.9521,0.05840,SGP
336.1630,-31.3418,0.02770,SGP
336.0367,-31.0337,0.02790,SGP
335.9862,-31.2069,0.05740,SGP
336.0065,-32.0589,0.12080,SGP
335.9015,-31.8746,0.10160,SGP
335.8250,-31.0933,0.08090,SGP
335.7107,-31.0336,0.07670,SGP
335.5771,-31.3704,0.12020,SGP
335.5493,-31.9655,0.18400,SGP
335.5445,-32.1414,0.08710,SGP
335.5104,-31.3616,0.11830,SGP
335.4264,-31.2924,0.11850,SGP
335.2369,-31.3030,0.14000,SGP
334.9857,-31.7257,0.10160,SGP
334.0359,-31.6976,0.12300,SGP
333.9402,-31.5839,0.15000,SGP
333.8754,-31.8440,0.15070,SGP
333.5939,-32.2327,0.08250,SGP
333.5274,-30.9339,0.13380,SGP
333.4560,-31.8408,0.12910,SGP
333.3217,-31.2231,0.17610,SGP
333.2120,-32.2410,0.13280,SGP
333.0108,-31.4933,0.10320,SGP
332.9667,-31.7975,0.15530,SGP
332.9420,-31.6295,0.10640,SGP
332.8155,-32.1102,0.07780,SGP
332.6129,-30.8821,0.16040,SGP
332.4397,-31.1069,0.10390,SGP
332.0834,-31.8728,0.08330,SGP
331.9350,-31.0236,0.12790,SGP
331.8586,-31.9709,0.13510,SGP
331.6616,-31.7554,0.10140,SGP
331.5593,-31.6449,0.13320,SGP
331.5493,-32.1259,0.15630,SGP
342.6832,-27.3846,0.16940,SGP
342.6212,-28.3291,0.11770,SGP
342.5104,-28.0512,0.11840,SGP
342.2742,-28.4071,0.11770,SGP
341.9791,-28.0074,0.11760,SGP
342.0013,-28.8835,0.08480,SGP
341.8519,-27.3482,0.10540,SGP
341.8289,-28.5967,0.09710,SGP
341.7668,-28.0657,0.10420,SGP
341.7178,-27.6505,0.03600,SGP
341.7065,-27.8167,0.11850,SGP
341.6770,-28.4356,0.14780,SGP
341.4782,-28.0494,0.02830,SGP
341.4187,-28.1233,0.09650,SGP
341.4274,-28.4621,0.07890,SGP
341.3384,-28.0269,0.14880,SGP
341.3122,-27.4436,0.19520,SGP
341.2137,-28.3239,0.17870,SGP
340.9160,-27.6566,0.13850,SGP
340.8528,-28.8350,0.14910,SGP
340.6187,-28.8154,0.06390,SGP
340.3380,-28.1354,0.13490,SGP
340.2762,-28.8981,0.05890,SGP
340.2588,-27.8774,0.05870,SGP
340.1190,-28.1693,0.13640,SGP
340.0938,-28.0040,0.04980,SGP
339.9235,-27.4597,0.15700,SGP
339.5608,-27.3036,0.04970,SGP
339.2759,-28.0658,0.09420,SGP
339.1916,-28.5192,0.16570,SGP
339.1111,-27.5059,0.17490,SGP
338.8765,-27.4415,0.02810,SGP
338.7795,-27.6263,0.14560,SGP
338.6409,-28.7855,0.06320,SGP
338.6157,-27.6120,0.15610,SGP
338.5442,-28.4151,0.16880,SGP
338.1875,-28.2260,0.06430,SGP
338.1057,-27.9673,0.12220,SGP
337.9371,-27.3018,0.02770,SGP
337.8447,-28.3899,0.14920,SGP
337.7642,-27.8476,0.03700,SGP
337.6571,-27.3898,0.08420,SGP
337.6038,-28.1296,0.07540,SGP
342.4575,-29.1780,0.11540,SGP
342.4190,-29.5904,0.12340,SGP
342.4620,-30.6285,0.05240,SGP
342.3397,-29.7827,0.12560,SGP
342.2160,-29.4029,0.12700,SGP
342.2174,-29.5143,0.09120,SGP
342.0837,-29.1076,0.12740,SGP
341.9306,-30.8359,0.08000,SGP
341.8543,-29.2785,0.11450,SGP
341.8537,-29.3342,0.11690,SGP
341.8782,-30.7369,0.12570,SGP
341.8205,-30.6308,0.11890,SGP
341.7612,-29.2409,0.13000,SGP
341.7622,-30.0877,0.12830,SGP
341.6833,-29.2298,0.12410,SGP
341.5879,-29.0719,0.12530,SGP
341.5406,-29.7568,0.16880,SGP
341.5155,-29.5882,0.19970,SGP
341.5279,-29.9219,0.11450,SGP
341.3421,-29.1428,0.12160,SGP
341.0207,-29.3109,0.09240,SGP
340.9659,-30.4107,0.11860,SGP
340.8933,-29.1087,0.08560,SGP
340.6230,-30.7980,0.02840,SGP
340.1850,-29.3472,0.11600,SGP
339.8580,-30.0038,0.08640,SGP
339.8783,-30.4187,0.11590,SGP
339.7819,-30.2855,0.16800,SGP
339.7607,-29.9824,0.15490,SGP
338.9480,-29.9021,0.11720,SGP
338.7151,-29.6946,0.08450,SGP
337.8450,-30.8035,0.05560,SGP
337.8143,-30.5073,0.11630,SGP
337.7075,-30.2476,0.14090,SGP
337.6711,-30.4360,0.05490,SGP
337.6730,-29.1291,0.10440,SGP
337.4658,-30.6334,0.15810,SGP
337.4349,-30.8150,0.05970,SGP
337.4480,-29.1017,0.11150,SGP
337.2395,-29.1836,0.10460,SGP
337.1711,-30.1486,0.08820,SGP
342.7835,-31.1083,0.09050,SGP
342.7056,-31.1808,0.10880,SGP
342.6334,-30.9270,0.09010,SGP
342.6062,-31.1485,0.11190,SGP
342.5247,-31.1411,0.09820,SGP
342.4727,-31.1931,0.11540,SGP
342.4026,-31.0244,0.05850,SGP
341.9421,-31.2708,0.11140,SGP
341.9636,-31.7481,0.17070,SGP
341.4733,-31.4452,0.02740,SGP
341.4218,-31.1332,0.07930,SGP
341.4238,-31.8979,0.17680,SGP
341.3399,-31.1792,0.17630,SGP
341.3350,-31.5452,0.12680,SGP
341.2581,-31.2990,0.11930,SGP
341.1594,-32.0698,0.02860,SGP
341.1217,-31.9234,0.15130,SGP
340.7797,-31.3597,0.12440,SGP
340.7846,-31.7742,0.07890,SGP
340.6915,-31.8499,0.07970,SGP
340.6438,-31.6573,0.12560,SGP
340.3964,-32.0621,0.09870,SGP
340.3051,-31.6200,0.15620,SGP
340.2163,-32.0371,0.17700,SGP
340.2203,-32.1620,0.07900,SGP
340.1552,-31.8634,0.17110,SGP
340.1128,-31.3448,0.10860,SGP
339.9749,-30.9376,0.08660,SGP
339.6465,-30.9154,0.04930,SGP
339.3839,-32.0686,0.19780,SGP
338.2984,-31.7678,0.15730,SGP
338.2563,-31.7637,0.11940,SGP
338.1861,-32.2021,0.07630,SGP
338.0403,-31.1943,0.05480,SGP
337.8093,-31.3597,0.05940,SGP
337.5976,-31.9994,0.03920,SGP
337.5224,-30.8932,0.05910,SGP
337.0878,-31.3071,0.05870,SGP
348.5426,-27.5632,0.16060,SGP
348.4049,-28.9071,0.08790,SGP
348.2774,-28.3874,0.18680,SGP
347.9885,-27.5736,0.08600,SGP
348.0001,-28.6857,0.13900,SGP
347.7746,-28.8312,0.10570,SGP
347.7366,-28.5253,0.08980,SGP
347.6940,-28.5305,0.08770,SGP
347.6608,-28.6246,0.08740,SGP
347.6405,-28.4138,0.19020,SGP
347.5392,-28.5193,0.10550,SGP
347.4022,-28.9609,0.08780,SGP
347.3260,-28.3272,0.18450,SGP
347.0024,-28.2794,0.08810,SGP
346.6883,-28.6817,0.07810,SGP
346.5724,-28.0042,0.10760,SGP
346.5442,-28.3553,0.11390,SGP
346.3196,-28.3012,0.04850,SGP
346.2753,-27.9719,0.18010,SGP
346.2917,-28.6731,0.03160,SGP
346.2932,-28.7119,0.08430,SGP
346.2525,-28.0611,0.14650,SGP
346.0165,-28.3405,0.04920,SGP
345.9559,-27.6053,0.08290,SGP
345.7849,-28.6238,0.09190,SGP
345.7694,-28.6586,0.09250,SGP
345.5724,-27.6759,0.15090,SGP
345.4894,-27.3502,0.15130,SGP
345.1946,-28.3881,0.04820,SGP
344.9728,-28.2643,0.15100,SGP
344.8773,-28.2817,0.08890,SGP
344.8564,-28.2180,0.08950,SGP
344.8622,-28.2591,0.09130,SGP
344.6085,-27.9488,0.17320,SGP
344.4564,-28.7534,0.19400,SGP
344.3870,-28.1647,0.14730,SGP
344.1149,-27.5916,0.09000,SGP
343.9515,-27.6537,0.07850,SGP
343.8347,-27.6304,0.07800,SGP
343.8173,-28.8839,0.18480,SGP
343.5433,-27.9017,0.12590,SGP
343.4745,-27.8232,0.08860,SGP
343.4093,-28.6173,0.07500,SGP
342.9313,-27.8175,0.07910,SGP
342.8735,-27.8887,0.02810,SGP
348.5286,-29.5919,0.07300,SGP
348.4962,-29.2510,0.01250,SGP
348.4665,-30.3212,0.12140,SGP
348.3920,-29.4499,0.18950,SGP
348.3752,-30.3074,0.10630,SGP
348.2040,-29.3195,0.09040,SGP
348.2232,-29.9253,0.19020,SGP
348.1188,-29.6695,0.11550,SGP
348.0392,-29.7368,0.11600,SGP
348.0119,-28.9755,0.11570,SGP
347.9996,-29.0483,0.11650,SGP
348.0097,-29.8950,0.11110,SGP
347.9623,-29.1602,0.13240,SGP
347.9822,-29.8216,0.08880,SGP
347.9311,-28.9758,0.10480,SGP
347.8962,-29.0871,0.08670,SGP
347.9118,-29.3762,0.16090,SGP
347.8074,-30.8590,0.10930,SGP
347.7428,-29.2876,0.10590,SGP
347.7237,-30.6983,0.10500,SGP
347.6815,-29.2098,0.18170,SGP
347.6945,-30.4352,0.10460,SGP
347.6055,-29.7311,0.02850,SGP
347.6107,-30.1757,0.10540,SGP
347.4847,-30.8606,0.18890,SGP
347.3845,-30.5247,0.06880,SGP
347.2106,-30.6136,0.11940,SGP
346.9774,-30.4696,0.11300,SGP
346.9803,-30.5359,0.11170,SGP
346.7661,-29.0306,0.09630,SGP
346.6970,-29.1349,0.14250,SGP
346.4052,-30.8023,0.08590,SGP
346.1051,-29.1847,0.10300,SGP
346.0581,-30.6642,0.16030,SGP
345.7674,-30.2186,0.11890,SGP
345.7684,-30.6700,0.11200,SGP
345.7496,-30.1606,0.11740,SGP
345.7282,-30.2105,0.11840,SGP
345.7220,-30.4624,0.12540,SGP
345.4407,-29.0651,0.05050,SGP
345.2775,-30.4331,0.10870,SGP
344.9256,-30.5176,0.07050,SGP
344.8303,-30.6226,0.07000,SGP
344.7791,-30.6691,0.08290,SGP
344.7185,-30.5618,0.08520,SGP
344.6937,-30.7179,0.08430,SGP
344.6476,-30.7333,0.09840,SGP
344.6596,-30.8982,0.10680,SGP
344.5919,-30.8460,0.12620,SGP
344.5581,-30.4242,0.08210,SGP
344.4628,-30.5523,0.08250,SGP
344.3883,-30.6635,0.14770,SGP
344.3350,-30.5033,0.08270,SGP
344.3028,-30.8892,0.18330,SGP
343.5600,-30.4352,0.07910,SGP
343.5361,-29.9623,0.07860,SGP
343.4180,-29.9619,0.07940,SGP
343.3671,-29.4667,0.07930,SGP
343.3480,-29.3836,0.08050,SGP
348.2794,-31.1196,0.10920,SGP
348.2437,-30.9392,0.17050,SGP
347.9474,-31.4718,0.18910,SGP
347.7940,-31.6854,0.06460,SGP
347.5213,-31.6487,0.16980,SGP
347.4828,-31.0697,0.05440,SGP
347.4198,-32.1411,0.10010,SGP
347.0628,-32.0238,0.09320,SGP
347.0277,-31.8068,0.16750,SGP
346.9905,-31.7697,0.18910,SGP
346.8801,-31.2239,0.18810,SGP
346.7597,-30.9571,0.08490,SGP
346.6910,-30.9348,0.06860,SGP
346.6778,-31.1564,0.06920,SGP
346.4134,-31.4361,0.13770,SGP
346.4121,-31.7781,0.08640,SGP
346.4084,-31.9448,0.08740,SGP
346.4281,-32.0760,0.10230,SGP
346.3930,-32.0724,0.10190,SGP
346.3375,-31.4391,0.10350,SGP
346.1653,-31.3648,0.08380,SGP
346.1576,-31.3718,0.08310,SGP
346.0424,-31.5616,0.08480,SGP
346.0107,-31.1918,0.06730,SGP
345.8787,-31.2537,0.07240,SGP
345.7871,-32.1533,0.18800,SGP
345.7189,-31.6303,0.10150,SGP
345.5648,-31.4929,0.05540,SGP
345.5136,-31.5657,0.19820,SGP
345.4609,-31.8634,0.16840,SGP
345.3689,-31.7973,0.17760,SGP
345.1545,-31.7563,0.19620,SGP
345.1087,-31.3314,0.08270,SGP
345.1078,-32.1232,0.16850,SGP
345.0660,-31.7896,0.17670,SGP
345.0160,-31.3123,0.18140,SGP
344.8638,-31.1528,0.19400,SGP
344.7482,-31.5725,0.05670,SGP
344.7171,-31.0546,0.06770,SGP
344.7039,-32.0490,0.08860,SGP
344.2744,-32.1719,0.19550,SGP
343.8866,-31.1486,0.10840,SGP
343.8135,-31.4492,0.10050,SGP
343.8075,-31.0278,0.11320,SGP
343.7599,-31.6695,0.09940,SGP
343.7236,-31.6373,0.09760,SGP
343.6835,-31.7400,0.09860,SGP
343.3516,-32.0325,0.06830,SGP
343.1704,-31.0862,0.06770,SGP
343.0679,-32.0335,0.17390,SGP
343.0380,-31.1548,0.09210,SGP
342.9827,-31.6968,0.09190,SGP
342.9733,-32.1317,0.09880,SGP
342.9471,-31.6078,0.05320,SGP
354.1751,-27.7189,0.10320,SGP
354.0156,-28.8960,0.13450,SGP
353.8815,-27.9254,0.19830,SGP
353.8194,-27.6319,0.10170,SGP
353.7772,-27.2466,0.05130,SGP
353.5870,-28.5420,0.10510,SGP
353.5109,-27.6086,0.15210,SGP
353.3990,-28.9484,0.05160,SGP
353.1410,-28.3061,0.15080,SGP
352.9828,-27.5099,0.15660,SGP
352.9526,-28.6168,0.06500,SGP
352.7699,-27.8414,0.13180,SGP
352.4989,-28.7073,0.10560,SGP
352.4365,-27.6691,0.11020,SGP
352.3782,-28.3164,0.07380,SGP
352.2675,-28.3015,0.15200,SGP
352.2182,-28.1525,0.02640,SGP
352.1807,-27.5039,0.13570,SGP
351.4403,-28.3652,0.15260,SGP
351.3026,-28.3912,0.19230,SGP
351.1480,-28.8181,0.10320,SGP
350.9643,-28.3732,0.13250,SGP
350.9499,-27.8449,0.18610,SGP
350.6340,-28.6134,0.13950,SGP
350.2587,-28.8904,0.07200,SGP
350.1949,-27.4600,0.15400,SGP
350.1700,-27.5249,0.13920,SGP
349.9722,-28.4158,0.07350,SGP
349.9040,-27.6676,0.08840,SGP
349.8250,-27.4111,0.17020,SGP
349.7934,-27.3060,0.08460,SGP
349.6577,-28.6060,0.07340,SGP
349.6259,-28.5121,0.02300,SGP
349.3700,-27.6065,0.08400,SGP
349.3128,-28.3010,0.07970,SGP
349.1767,-28.2641,0.11020,SGP
349.0459,-28.4457,0.07130,SGP
348.9995,-28.3033,0.19250,SGP
348.8496,-28.7986,0.15990,SGP
348.8435,-27.9208,0.14610,SGP
348.8318,-27.3272,0.18590,SGP
348.7775,-28.5864,0.12500,SGP
348.7607,-27.4980,0.15870,SGP
348.7290,-28.3977,0.19410,SGP
348.7245,-27.9088,0.07150,SGP
354.0943,-29.9419,0.05070,SGP
353.8241,-29.6432,0.19690,SGP
353.6023,-29.0546,0.18200,SGP
353.6254,-29.9840,0.10400,SGP
353.5046,-29.8703,0.05210,SGP
353.4982,-29.8841,0.18790,SGP
353.4117,-30.4481,0.10590,SGP
353.3453,-30.7542,0.19850,SGP
353.1729,-30.7640,0.14410,SGP
353.0457,-30.1187,0.10990,SGP
352.8494,-30.0457,0.12600,SGP
352.8117,-29.2739,0.10850,SGP
352.7336,-29.3203,0.19870,SGP
352.6013,-29.0787,0.10490,SGP
352.5969,-29.2812,0.15930,SGP
352.4020,-30.2190,0.10810,SGP
352.3762,-30.7453,0.14450,SGP
352.3068,-29.0009,0.07010,SGP
352.1830,-30.8429,0.13740,SGP
351.9646,-29.8002,0.05120,SGP
351.9095,-29.0276,0.11200,SGP
351.9179,-29.0906,0.06090,SGP
351.7173,-29.6834,0.11130,SGP
351.5903,-30.5522,0.06320,SGP
351.4687,-29.6875,0.10580,SGP
351.4467,-29.4691,0.04980,SGP
351.3437,-29.5835,0.07500,SGP
351.3379,-29.3153,0.02280,SGP
351.3153,-29.7558,0.06100,SGP
351.3279,-30.4633,0.07620,SGP
351.3041,-29.0772,0.02270,SGP
351.1918,-30.0698,0.05040,SGP
351.1258,-29.9610,0.16030,SGP
351.1198,-29.9086,0.15750,SGP
350.9243,-29.9814,0.05090,SGP
350.9113,-29.0178,0.18450,SGP
350.8905,-30.6328,0.19120,SGP
350.8681,-30.8371,0.17470,SGP
350.8541,-29.6565,0.15930,SGP
350.7599,-30.2042,0.10770,SGP
350.6530,-29.0763,0.09880,SGP
350.5852,-30.1424,0.13420,SGP
350.4051,-30.2502,0.05350,SGP
350.3209,-29.4377,0.15790,SGP
349.9505,-30.4025,0.03760,SGP
349.9458,-29.3449,0.08520,SGP
349.8845,-30.8174,0.07720,SGP
349.6943,-29.5088,0.17090,SGP
349.5540,-30.6786,0.12170,SGP
349.5302,-30.5113,0.05420,SGP
349.5222,-30.6826,0.12020,SGP
349.4223,-30.6700,0.04180,SGP
349.4070,-29.7980,0.08270,SGP
349.1978,-30.7146,0.11460,SGP
349.1943,-30.2854,0.12860,SGP
349.1246,-29.4438,0.13320,SGP
349.0560,-29.3471,0.19570,SGP
349.0364,-29.5075,0.19300,SGP
348.8218,-29.0395,0.19180,SGP
348.6134,-29.6259,0.11600,SGP
354.0664,-31.5931,0.06290,SGP
353.6396,-31.6631,0.06300,SGP
353.5639,-31.0227,0.05440,SGP
353.1146,-31.7193,0.05230,SGP
353.1094,-31.9738,0.12440,SGP
352.7879,-32.0799,0.11160,SGP
352.7133,-31.6056,0.14410,SGP
352.2979,-31.2393,0.03530,SGP
352.1299,-31.5096,0.19240,SGP
352.0917,-30.9440,0.10710,SGP
351.9002,-31.9300,0.09860,SGP
351.7769,-31.9627,0.05230,SGP
351.4651,-30.8975,0.12280,SGP
351.4376,-31.4015,0.15490,SGP
351.4085,-31.3520,0.15550,SGP
351.3463,-30.9895,0.07720,SGP
351.3366,-31.1090,0.09330,SGP
350.9692,-31.9294,0.16300,SGP
350.6987,-31.4384,0.07780,SGP
350.5304,-31.0711,0.07780,SGP
350.4920,-31.8691,0.16380,SGP
350.4962,-31.2653,0.13970,SGP
349.8465,-31.0873,0.06660,SGP
349.5968,-31.5167,0.13990,SGP
349.4565,-30.9919,0.13290,SGP
349.3318,-31.3388,0.11800,SGP
349.3334,-31.6025,0.14560,SGP
349.3046,-31.8536,0.08930,SGP
349.0425,-31.1246,0.19070,SGP
348.5522,-32.1292,0.14510,SGP
357.6467,-29.3003,0.06170,SGP
357.6108,-29.1046,0.04860,SGP
357.6029,-27.9405,0.02910,SGP
357.6031,-31.8641,0.05880,SGP
357.5880,-28.4883,0.05870,SGP
357.5521,-31.0152,0.05460,SGP
357.5345,-30.0523,0.18080,SGP
357.5182,-31.0447,0.04450,SGP
357.4904,-28.1197,0.09950,SGP
357.4114,-28.6118,0.19650,SGP
357.3660,-30.5463,0.14470,SGP
357.2878,-27.4224,0.11050,SGP
357.2725,-28.8075,0.17660,SGP
357.2711,-27.7465,0.02660,SGP
357.1718,-31.4648,0.15910,SGP
357.1180,-30.7762,0.01020,SGP
357.0536,-30.1299,0.05680,SGP
357.0470,-30.4384,0.18290,SGP
357.0299,-27.7131,0.13290,SGP
356.9775,-27.6948,0.05030,SGP
356.9478,-28.2456,0.11920,SGP
356.9255,-31.8971,0.05880,SGP
356.9255,-28.4828,0.05040,SGP
356.8982,-30.8592,0.15660,SGP
356.8902,-29.3268,0.07890,SGP
356.8579,-29.8907,0.17980,SGP
356.8510,-28.8080,0.06420,SGP
356.8467,-28.1192,0.03280,SGP
356.7523,-31.3459,0.04940,SGP
356.7282,-28.4978,0.14810,SGP
356.7078,-28.1691,0.03180,SGP
356.6921,-29.2027,0.15000,SGP
356.6544,-29.0564,0.03650,SGP
356.6195,-31.1818,0.14030,SGP
356.5932,-31.9143,0.08640,SGP
356.5909,-28.3252,0.17820,SGP
356.5542,-29.0922,0.15690,SGP
356.5375,-30.8072,0.14380,SGP
356.5546,-28.0429,0.11800,SGP
356.4822,-28.0204,0.11750,SGP
356.4422,-30.9174,0.11670,SGP
356.3067,-31.2223,0.11510,SGP
356.1995,-29.2896,0.15300,SGP
356.0754,-27.6554,0.05360,SGP
355.9691,-28.7098,0.09510,SGP
355.9248,-30.0443,0.18110,SGP
355.8945,-31.2722,0.08760,SGP
355.8887,-29.6580,0.13540,SGP
355.8955,-27.9958,0.11390,SGP
355.6566,-31.6894,0.10690,SGP
355.7160,-27.8558,0.08530,SGP
355.6892,-29.4281,0.11970,SGP
355.6128,-31.9466,0.18810,SGP
355.6119,-30.3547,0.06130,SGP
355.5202,-30.3095,0.06300,SGP
355.5334,-29.2086,0.11990,SGP
355.5087,-29.2722,0.11880,SGP
355.5336,-27.5042,0.12730,SGP
355.4551,-29.3025,0.04870,SGP
355.3827,-31.2387,0.19790,SGP
355.3588,-31.0562,0.05850,SGP
355.3921,-29.0621,0.04820,SGP
355.3585,-30.1437,0.07850,SGP
355.3408,-29.3328,0.05540,SGP
355.2972,-30.3603,0.08000,SGP
355.3209,-29.0413,0.12080,SGP
355.2946,-30.2036,0.05050,SGP
355.3325,-27.5636,0.10220,SGP
355.2739,-29.5011,0.05070,SGP
355.2043,-30.1661,0.05100,SGP
355.1027,-29.0520,0.12020,SGP
355.0616,-28.6636,0.19550,SGP
355.0380,-27.5299,0.10140,SGP
354.8625,-29.0795,0.05080,SGP
354.7523,-31.8458,0.05200,SGP
354.8470,-28.0919,0.02730,SGP
354.7968,-29.8614,0.05200,SGP
354.7520,-29.0498,0.13250,SGP
354.6752,-29.8930,0.08780,SGP
354.5967,-32.1313,0.10950,SGP
354.6412,-29.2009,0.05000,SGP
354.5764,-30.9011,0.08470,SGP
354.5621,-30.7309,0.08450,SGP
354.5650,-30.0318,0.12050,SGP
354.5333,-28.2521,0.14070,SGP
354.4249,-30.8880,0.04930,SGP
354.4480,-28.9142,0.07610,SGP
354.4508,-28.7260,0.15300,SGP
354.4067,-30.0966,0.12330,SGP
354.3603,-30.9111,0.10800,SGP
354.3009,-31.5323,0.17540,SGP
354.2966,-30.8897,0.14400,SGP
354.3215,-29.4887,0.10200,SGP
354.3171,-27.4092,0.19830,SGP
2.9943,-25.8427,0.09380,SGP
2.9680,-25.7244,0.15490,SGP
2.9097,-25.6457,0.12110,SGP
2.8869,-25.6366,0.06440,SGP
2.1754,-25.7389,0.06050,SGP
1.7316,-25.3772,0.09880,SGP
1.7130,-25.5853,0.08480,SGP
1.2915,-25.5254,0.05150,SGP
0.9664,-25.3773,0.18290,SGP
0.5746,-25.5411,0.10080,SGP
0.4411,-25.2950,0.08470,SGP
0.0376,-25.8055,0.15940,SGP
0.0132,-25.7761,0.05120,SGP
359.9805,-24.9608,0.09760,SGP
359.7423,-25.4198,0.05080,SGP
359.6380,-25.2756,0.15450,SGP
359.5815,-25.1918,0.12180,SGP
359.4060,-25.6479,0.05890,SGP
359.3262,-25.4214,0.15810,SGP
359.3074,-25.4904,0.07330,SGP
359.0156,-25.6328,0.17060,SGP
358.5909,-25.5973,0.15210,SGP
358.5396,-25.7446,0.15440,SGP
358.5192,-25.4549,0.01040,SGP
358.5066,-25.7780,0.18890,SGP
358.4438,-25.2990,0.16960,SGP
357.9228,-25.0052,0.10330,SGP
3.3131,-26.8056,0.09890,SGP
3.3006,-27.1926,0.12750,SGP
3.0375,-26.1999,0.15550,SGP
3.0344,-26.7052,0.11630,SGP
3.0316,-26.7062,0.11620,SGP
3.0340,-26.8269,0.07690,SGP
2.8925,-27.0951,0.12930,SGP
2.8347,-26.1224,0.08600,SGP
2.8270,-26.6196,0.09270,SGP
2.6381,-26.5509,0.15570,SGP
2.3286,-26.9578,0.06200,SGP
2.3067,-26.7697,0.06400,SGP
1.7203,-26.9685,0.06200,SGP
1.6850,-26.0258,0.07010,SGP
1.6872,-26.6553,0.14310,SGP
1.6470,-26.5287,0.15110,SGP
1.5209,-26.6606,0.13790,SGP
1.2907,-26.3230,0.13850,SGP
1.2827,-25.9162,0.06700,SGP
1.2127,-25.9339,0.06240,SGP
1.2192,-26.5861,0.14030,SGP
1.1982,-27.0415,0.06180,SGP
0.8774,-27.1949,0.06650,SGP
0.8551,-26.8547,0.06490,SGP
0.6614,-27.1789,0.06650,SGP
0.4590,-27.1587,0.06910,SGP
0.1829,-26.7328,0.14150,SGP
0.1534,-27.0948,0.07000,SGP
359.9301,-26.2511,0.08470,SGP
359.8228,-26.8501,0.06380,SGP
359.6618,-26.6040,0.15930,SGP
359.5847,-26.4439,0.09910,SGP
359.4595,-27.0414,0.05900,SGP
359.2513,-27.0439,0.06350,SGP
359.1717,-26.7111,0.08660,SGP
359.1040,-27.1244,0.18430,SGP
359.0646,-26.6039,0.10020,SGP
359.0604,-26.7857,0.04350,SGP
359.0151,-25.9219,0.13540,SGP
358.9459,-26.9834,0.06320,SGP
358.8479,-26.1600,0.06480,SGP
358.7388,-26.5787,0.18310,SGP
358.7335,-26.9769,0.15950,SGP
358.6480,-26.4124,0.15700,SGP
358.5921,-27.2092,0.10250,SGP
358.4568,-26.8394,0.19120,SGP
358.4490,-26.6737,0.08620,SGP
358.2200,-26.5050,0.14000,SGP
358.1681,-27.1921,0.11670,SGP
358.0941,-25.9130,0.14540,SGP
358.0869,-26.0429,0.14090,SGP
357.9170,-26.2776,0.13000,SGP
8.7985,-25.4150,0.11510,SGP
8.7852,-25.3616,0.06300,SGP
8.7148,-25.2189,0.10950,SGP
8.3689,-25.0409,0.10860,SGP
8.3867,-25.3789,0.15320,SGP
8.3715,-25.7481,0.11000,SGP
7.7634,-25.6454,0.11070,SGP
7.6250,-25.2211,0.11900,SGP
7.3737,-25.6137,0.07970,SGP
7.2823,-25.3672,0.04070,SGP
7.0804,-25.4901,0.14290,SGP
6.6617,-25.2911,0.11100,SGP
6.3760,-25.5552,0.10980,SGP
6.3860,-25.5834,0.17780,SGP
5.9223,-25.3134,0.05570,SGP
5.8256,-25.0769,0.11250,SGP
5.7821,-25.1816,0.11280,SGP
5.4193,-25.4292,0.06310,SGP
5.2000,-25.3569,0.13210,SGP
5.1793,-25.4397,0.14050,SGP
5.0676,-25.7939,0.14210,SGP
5.0499,-25.7885,0.14490,SGP
5.0341,-25.3478,0.11810,SGP
4.6002,-25.5809,0.13640,SGP
4.5777,-25.6564,0.14280,SGP
4.4602,-25.8187,0.14180,SGP
4.4581,-24.9949,0.03490,SGP
4.2010,-25.1597,0.08660,SGP
3.8655,-25.2922,0.08300,SGP
8.7570,-26.4531,0.06340,SGP
8.7083,-26.7413,0.11350,SGP
8.6067,-26.7333,0.06630,SGP
8.5362,-26.6822,0.06160,SGP
8.4257,-26.8219,0.07220,SGP
8.3650,-26.1661,0.12490,SGP
8.2588,-26.2909,0.06490,SGP
7.9854,-26.5626,0.06220,SGP
7.8848,-26.2377,0.09400,SGP
7.9023,-26.5013,0.06110,SGP
7.8916,-27.0217,0.13830,SGP
7.5906,-27.0064,0.09200,SGP
7.4982,-26.0109,0.11080,SGP
7.4728,-26.8405,0.07250,SGP
7.4094,-26.9114,0.10980,SGP
7.3539,-27.1238,0.06250,SGP
7.0834,-26.4889,0.10900,SGP
7.0294,-27.0579,0.09360,SGP
6.9820,-26.6201,0.13510,SGP
6.6022,-26.5968,0.11040,SGP
6.4813,-26.5984,0.11080,SGP
6.2368,-26.5486,0.19770,SGP
6.1858,-25.9995,0.11130,SGP
5.9364,-26.7455,0.14280,SGP
5.7606,-27.0366,0.03530,SGP
5.0135,-26.3030,0.05720,SGP
4.8006,-25.8711,0.12100,SGP
4.6067,-25.9001,0.06930,SGP
4.6012,-26.1344,0.12130,SGP
4.6008,-26.4197,0.11640,SGP
4.5321,-26.6892,0.09030,SGP
4.4228,-26.1882,0.14610,SGP
4.4005,-26.4583,0.12110,SGP
4.3578,-26.9595,0.05670,SGP
4.3606,-26.3149,0.11780,SGP
4.1595,-26.7632,0.13260,SGP
4.1035,-26.3441,0.08800,SGP
4.0876,-26.7315,0.12510,SGP
3.9946,-27.0624,0.08850,SGP
3.8331,-26.3561,0.12990,SGP
3.8103,-26.8288,0.12620,SGP
3.8112,-26.1318,0.13050,SGP
3.5370,-26.1477,0.15330,SGP
3.5389,-26.3644,0.05710,SGP
13.9962,-25.1884,0.11230,SGP
13.9760,-25.4066,0.04370,SGP
13.7786,-25.4831,0.16900,SGP
13.2010,-25.6652,0.03080,SGP
10.9106,-25.3639,0.10530,SGP
10.6432,-25.4311,0.06410,SGP
10.6206,-25.5234,0.12750,SGP
10.0879,-25.4832,0.08750,SGP
10.0784,-25.6256,0.05690,SGP
9.2150,-25.4473,0.06090,SGP
8.9497,-25.3553,0.00520,SGP
8.8758,-25.4642,0.11140,SGP
14.3032,-25.8074,0.06540,SGP
14.2175,-25.7768,0.11590,SGP
14.1444,-25.7672,0.18300,SGP
13.9330,-26.3419,0.11170,SGP
13.8610,-26.1586,0.17160,SGP
13.8202,-26.4157,0.14080,SGP
13.8065,-26.3214,0.05910,SGP
13.7988,-26.6028,0.11630,SGP
13.6805,-26.3203,0.11340,SGP
13.4965,-27.1435,0.09740,SGP
13.4422,-26.1824,0.19530,SGP
13.4471,-26.1915,0.10060,SGP
13.3985,-26.1504,0.09810,SGP
13.2776,-26.0449,0.10080,SGP
13.2394,-26.2919,0.10790,SGP
13.1065,-27.0797,0.04640,SGP
13.0528,-25.9274,0.11100,SGP
12.9688,-25.8111,0.12500,SGP
12.8755,-26.7338,0.11360,SGP
12.5910,-26.8029,0.05070,SGP
12.3234,-26.4762,0.07340,SGP
12.1667,-26.4204,0.01780,SGP
11.6160,-26.1328,0.07290,SGP
11.5665,-27.1041,0.08580,SGP
11.3289,-25.8184,0.19900,SGP
11.2709,-27.2231,0.12110,SGP
11.1898,-26.2000,0.10940,SGP
11.1912,-26.5028,0.18770,SGP
11.0952,-26.1516,0.11870,SGP
11.0790,-26.6236,0.12260,SGP
10.9570,-26.0152,0.05460,SGP
10.9451,-26.8158,0.11570,SGP
10.9072,-26.1739,0.11170,SGP
10.8681,-27.0212,0.05700,SGP
10.7663,-26.0802,0.10140,SGP
10.7071,-26.0123,0.11460,SGP
10.7020,-26.0613,0.11540,SGP
10.5784,-26.1838,0.07360,SGP
10.5025,-26.1270,0.10110,SGP
10.4589,-25.6655,0.08680,SGP
10.4372,-26.5748,0.09070,SGP
10.2385,-26.3515,0.10370,SGP
10.1657,-26.8730,0.11160,SGP
10.1377,-26.3804,0.10340,SGP
10.0545,-26.3401,0.06650,SGP
9.9798,-26.1599,0.11400,SGP
9.9608,-26.1416,0.11450,SGP
9.8680,-26.5911,0.10100,SGP
9.7983,-27.1449,0.06610,SGP
9.7246,-27.1423,0.10950,SGP
9.7175,-26.2701,0.06180,SGP
9.6618,-26.3398,0.15950,SGP
9.6455,-26.0271,0.06380,SGP
9.5917,-25.9928,0.11580,SGP
9.5300,-26.0049,0.19750,SGP
9.5162,-26.8474,0.10030,SGP
9.4323,-26.9704,0.19640,SGP
9.3848,-26.2877,0.09610,SGP
9.2363,-26.8665,0.02330,SGP
9.1629,-26.9230,0.06760,SGP
9.0985,-26.1627,0.06290,SGP
9.0247,-26.0623,0.06420,SGP
9.0062,-26.8702,0.06810,SGP
19.5829,-24.9653,0.10630,SGP
18.9076,-25.5917,0.14960,SGP
18.8935,-25.6686,0.15010,SGP
18.6255,-25.8798,0.06650,SGP
18.1451,-25.6645,0.18570,SGP
18.1014,-25.8742,0.06660,SGP
17.9517,-25.3287,0.16630,SGP
17.9126,-25.4831,0.06630,SGP
17.5084,-25.8676,0.11290,SGP
17.2030,-25.6782,0.19850,SGP
17.1768,-25.6037,0.13090,SGP
16.8546,-25.2159,0.05000,SGP
16.5325,-25.0573,0.18150,SGP
16.1359,-25.7451,0.13960,SGP
15.5354,-25.0802,0.11460,SGP
14.9477,-25.7853,0.14060,SGP
14.6347,-25.6517,0.18980,SGP
14.3947,-25.3415,0.11220,SGP
19.7592,-26.8688,0.11320,SGP
19.5847,-26.4941,0.13110,SGP
19.4873,-26.6865,0.10240,SGP
19.4631,-26.6219,0.16540,SGP
19.4270,-26.8390,0.11280,SGP
19.2403,-27.2003,0.12080,SGP
19.1809,-26.3961,0.11310,SGP
19.1896,-26.6363,0.05710,SGP
18.8994,-27.0512,0.14130,SGP
18.4661,-25.9094,0.06730,SGP
18.4570,-27.0955,0.13280,SGP
18.2608,-26.2801,0.06620,SGP
18.1447,-26.9104,0.08240,SGP
17.4894,-27.2304,0.13280,SGP
17.2480,-26.1858,0.05890,SGP
16.9285,-27.1614,0.11710,SGP
16.7452,-26.1593,0.11460,SGP
16.5981,-26.9338,0.05260,SGP
16.5463,-26.7856,0.12810,SGP
16.4311,-26.0678,0.13150,SGP
16.2849,-26.6993,0.11410,SGP
16.1374,-27.2118,0.11550,SGP
16.1204,-26.8483,0.11400,SGP
16.0629,-26.3566,0.09320,SGP
15.7720,-27.0642,0.12680,SGP
15.3680,-26.2045,0.11460,SGP
15.1557,-26.6776,0.11220,SGP
15.1309,-26.2309,0.11010,SGP
14.7927,-26.5637,0.10790,SGP
14.7987,-25.9773,0.04020,SGP
14.7014,-26.0295,0.11200,SGP
14.6129,-26.8936,0.03650,SGP
14.5301,-26.2476,0.18720,SGP
14.4932,-26.9943,0.17080,SGP
25.1981,-25.6974,0.08900,SGP
24.8046,-25.5199,0.16140,SGP
24.4311,-25.3831,0.11380,SGP
24.2814,-25.4072,0.10050,SGP
24.1316,-25.7647,0.11700,SGP
24.1097,-25.7348,0.11710,SGP
23.9993,-25.7469,0.03970,SGP
23.9607,-25.9008,0.10850,SGP
23.7849,-25.7624,0.03140,SGP
23.5909,-25.5987,0.01990,SGP
23.5728,-25.6959,0.03940,SGP
23.3486,-25.5384,0.08530,SGP
23.2527,-25.4246,0.13470,SGP
23.1806,-25.5944,0.10710,SGP
22.9508,-25.6816,0.10730,SGP
22.8298,-25.2514,0.11270,SGP
22.7772,-25.2704,0.18450,SGP
22.6773,-25.6134,0.09490,SGP
22.4258,-25.4086,0.11200,SGP
22.3455,-25.6078,0.04310,SGP
22.2412,-25.6003,0.11190,SGP
22.1766,-25.5121,0.16020,SGP
22.1421,-25.6492,0.10700,SGP
21.8756,-25.0908,0.04320,SGP
21.7975,-25.6167,0.01890,SGP
21.4297,-25.4729,0.07940,SGP
21.4006,-25.5634,0.19030,SGP
21.2711,-25.3992,0.17930,SGP
20.6788,-25.8231,0.06530,SGP
20.5835,-25.1384,0.16940,SGP
20.5195,-25.8114,0.07190,SGP
20.4326,-25.6110,0.06350,SGP
25.2374,-26.1659,0.10280,SGP
25.2317,-26.1795,0.10330,SGP
24.9677,-25.9922,0.16100,SGP
24.9409,-26.9923,0.08710,SGP
24.8032,-26.1009,0.11720,SGP
24.4745,-26.9944,0.07870,SGP
24.3595,-26.3189,0.13160,SGP
24.1779,-26.1504,0.11700,SGP
23.7867,-26.2801,0.13380,SGP
23.6236,-26.6572,0.08610,SGP
23.6057,-26.0188,0.15920,SGP
23.5408,-26.5739,0.03900,SGP
23.5469,-27.0577,0.15880,SGP
23.4204,-26.9081,0.08530,SGP
23.4036,-27.0349,0.15980,SGP
23.3856,-26.8767,0.15990,SGP
23.3776,-27.2420,0.12350,SGP
23.3678,-26.6955,0.12190,SGP
23.3208,-26.0358,0.08690,SGP
23.2992,-26.8084,0.11890,SGP
23.2117,-26.1032,0.13500,SGP
23.1343,-26.2112,0.14040,SGP
23.1276,-27.0877,0.12350,SGP
22.9715,-26.0584,0.10780,SGP
22.8479,-26.8549,0.10890,SGP
22.5595,-26.1451,0.16390,SGP
22.5320,-27.2197,0.11930,SGP
22.4785,-26.1509,0.12720,SGP
22.3740,-26.7246,0.11530,SGP
22.3171,-26.8538,0.11650,SGP
22.1761,-26.7262,0.12120,SGP
22.0667,-26.4462,0.08080,SGP
21.5303,-26.4763,0.11690,SGP
21.4267,-25.9913,0.06450,SGP
21.3847,-27.0204,0.06380,SGP
21.2623,-25.9961,0.11560,SGP
21.1382,-26.8495,0.19760,SGP
21.0312,-26.2151,0.14290,SGP
21.0290,-26.2512,0.13720,SGP
20.7219,-26.7028,0.01570,SGP
20.4109,-26.0083,0.14420,SGP
19.9910,-26.6071,0.14100,SGP
30.5262,-25.6024,0.19970,SGP
30.5296,-25.6625,0.19580,SGP
30.4593,-25.7660,0.17090,SGP
30.2857,-25.8518,0.11190,SGP
29.7961,-25.1378,0.11280,SGP
29.6749,-25.1912,0.02970,SGP
29.3682,-25.6740,0.06040,SGP
29.1229,-25.7722,0.14080,SGP
28.0575,-25.1771,0.18790,SGP
27.9709,-25.7411,0.14100,SGP
27.0843,-25.8419,0.14450,SGP
26.5546,-25.1043,0.14030,SGP
26.3079,-25.6223,0.19250,SGP
26.2734,-25.2709,0.15830,SGP
26.1506,-25.2907,0.15010,SGP
30.7778,-26.5405,0.07690,SGP
30.7790,-26.6191,0.10170,SGP
30.7808,-26.6899,0.17410,SGP
30.5190,-26.3773,0.10960,SGP
30.2493,-26.0327,0.05770,SGP
30.1984,-26.8405,0.11390,SGP
30.1602,-26.9913,0.12160,SGP
30.1312,-26.9123,0.11350,SGP
30.0930,-26.3982,0.11390,SGP
28.9469,-26.9103,0.06120,SGP
28.5435,-26.5473,0.13480,SGP
28.3661,-26.5551,0.11320,SGP
28.1386,-26.6363,0.11340,SGP
28.1460,-26.6532,0.07000,SGP
28.0830,-25.9671,0.18540,SGP
27.6638,-25.9593,0.14030,SGP
27.6502,-26.2179,0.14800,SGP
27.5954,-26.6356,0.03210,SGP
27.5594,-26.9387,0.13610,SGP
27.5178,-26.4915,0.13720,SGP
27.5173,-26.6122,0.15130,SGP
27.4550,-26.2135,0.16230,SGP
27.4132,-26.0822,0.15730,SGP
27.2671,-26.5908,0.15160,SGP
27.2395,-26.6652,0.12630,SGP
27.1676,-26.7429,0.12550,SGP
27.1258,-27.1612,0.11530,SGP
27.0818,-27.2502,0.10480,SGP
27.0665,-25.9142,0.16060,SGP
26.9837,-27.0495,0.05420,SGP
26.6002,-26.6500,0.06130,SGP
26.5862,-25.9752,0.11500,SGP
26.5765,-26.6558,0.06100,SGP
26.5506,-26.6692,0.06110,SGP
26.2413,-26.7032,0.12600,SGP
26.0009,-27.0582,0.12080,SGP
25.6312,-26.9259,0.10540,SGP
25.6314,-27.0383,0.09370,SGP
25.5858,-26.4597,0.11820,SGP
25.4324,-26.4464,0.10540,SGP
25.4011,-27.0279,0.09360,SGP
35.9785,-25.2049,0.10250,SGP
35.2180,-25.3108,0.07720,SGP
34.6612,-25.5418,0.12740,SGP
34.4579,-25.7162,0.13530,SGP
34.4028,-25.6498,0.07710,SGP
33.8110,-25.2869,0.17970,SGP
33.4054,-25.3316,0.13830,SGP
32.8675,-25.6936,0.05720,SGP
32.2765,-25.5127,0.19870,SGP
32.2603,-25.6286,0.11760,SGP
32.1763,-25.1526,0.13960,SGP
31.7127,-25.8802,0.15050,SGP
31.6684,-25.5121,0.19990,SGP
36.2259,-27.2071,0.12030,SGP
35.9490,-27.1181,0.02660,SGP
35.9047,-26.8253,0.14420,SGP
35.7157,-26.4183,0.07520,SGP
35.5772,-26.9079,0.16620,SGP
35.4818,-26.3982,0.10400,SGP
35.2733,-26.5997,0.05820,SGP
35.1311,-26.7841,0.06040,SGP
34.9392,-26.0439,0.10390,SGP
34.6982,-27.0276,0.14400,SGP
34.5600,-27.2135,0.17530,SGP
34.3602,-25.9686,0.13690,SGP
34.0686,-25.9827,0.03830,SGP
34.0245,-26.6614,0.11820,SGP
33.8316,-26.0685,0.08750,SGP
33.8140,-27.1341,0.10560,SGP
33.7127,-26.6603,0.05820,SGP
33.6519,-26.2628,0.13920,SGP
33.6204,-26.0840,0.05640,SGP
33.1852,-26.4578,0.05760,SGP
32.9871,-26.3454,0.14830,SGP
32.8897,-26.5660,0.11610,SGP
32.3328,-26.7146,0.05800,SGP
32.2435,-26.2266,0.11390,SGP
32.0495,-26.1361,0.07540,SGP
32.0091,-26.5422,0.16710,SGP
31.9634,-26.4507,0.13690,SGP
31.9570,-26.2617,0.17330,SGP
31.6542,-26.7665,0.11660,SGP
31.5893,-26.3660,0.12070,SGP
31.2284,-27.1126,0.11030,SGP
31.1294,-26.2845,0.08150,SGP
30.9807,-26.8588,0.11380,SGP
30.9665,-26.6818,0.11270,SGP
30.8964,-26.7372,0.08190,SGP
30.8332,-26.9627,0.11350,SGP
30.8411,-26.0689,0.17150,SGP
41.7320,-25.5805,0.13510,SGP
41.7262,-26.4380,0.09220,SGP
41.5687,-27.2398,0.13180,SGP
41.5514,-26.5986,0.13640,SGP
41.5131,-24.4176,0.02290,SGP
41.5620,-27.2575,0.13220,SGP
41.5359,-26.2319,0.14510,SGP
41.5398,-26.8624,0.08220,SGP
41.3917,-24.9730,0.05710,SGP
41.1410,-26.2779,0.13420,SGP
41.1190,-26.2764,0.13490,SGP
41.0775,-25.6206,0.13370,SGP
40.8500,-26.8724,0.10780,SGP
40.7449,-26.4435,0.08790,SGP
40.7069,-25.7264,0.12110,SGP
40.7192,-26.8716,0.10540,SGP
40.6527,-26.0228,0.13500,SGP
40.6332,-25.8233,0.16870,SGP
40.5647,-26.5227,0.14030,SGP
40.4087,-26.8568,0.13210,SGP
40.2737,-27.1164,0.14180,SGP
40.2637,-26.8422,0.04130,SGP
40.1622,-25.3454,0.10240,SGP
40.1503,-26.9759,0.05040,SGP
40.0837,-25.2632,0.08500,SGP
40.0551,-26.5398,0.10430,SGP
39.8212,-26.1536,0.13260,SGP
39.7575,-27.0581,0.16830,SGP
39.6921,-26.0094,0.12290,SGP
39.5902,-26.6907,0.10210,SGP
39.5680,-25.8982,0.14450,SGP
39.5450,-26.7499,0.05840,SGP
39.4496,-26.6888,0.12190,SGP
39.3845,-26.5159,0.14020,SGP
39.3846,-27.2479,0.03490,SGP
39.3079,-25.5546,0.16440,SGP
39.2681,-25.3929,0.05700,SGP
39.2416,-25.4512,0.05830,SGP
39.1751,-26.8768,0.05730,SGP
39.0822,-27.0386,0.10200,SGP
38.9675,-25.6431,0.14230,SGP
38.8526,-26.6924,0.05620,SGP
38.8311,-25.7539,0.14790,SGP
38.6678,-26.2293,0.05770,SGP
38.5856,-26.1418,0.05740,SGP
38.5774,-26.9697,0.05930,SGP
38.5089,-26.5120,0.14230,SGP
38.4470,-25.7560,0.17870,SGP
38.3820,-27.1405,0.10320,SGP
38.3309,-25.6948,0.14930,SGP
38.2705,-25.1357,0.08480,SGP
38.1025,-25.7470,0.05480,SGP
38.0410,-25.3370,0.10620,SGP
37.8285,-25.6448,0.16630,SGP
37.7342,-26.8381,0.10230,SGP
37.2262,-25.5327,0.08780,SGP
37.0262,-25.5811,0.05530,SGP
36.9327,-26.3819,0.12220,SGP
36.7922,-27.2138,0.15760,SGP
36.7670,-26.6975,0.12160,SGP
36.4806,-26.7533,0.12290,SGP
36.3562,-26.5360,0.13080,SGP
47.2301,-23.8888,0.07650,SGP
47.1255,-23.8852,0.07590,SGP
47.0955,-23.7228,0.06990,SGP
46.1757,-23.7813,0.18350,SGP
42.6329,-23.8238,0.11250,SGP
42.5930,-23.8322,0.12900,SGP
42.4585,-23.9160,0.06770,SGP
47.2648,-25.2267,0.11030,SGP
47.2122,-25.2149,0.06870,SGP
47.1667,-24.8430,0.19780,SGP
47.1157,-24.3720,0.06670,SGP
46.9485,-24.3705,0.16360,SGP
46.8851,-25.0358,0.11610,SGP
46.7760,-24.6892,0.12640,SGP
46.6031,-25.8322,0.12510,SGP
46.5762,-25.3937,0.14190,SGP
46.3684,-24.7824,0.06500,SGP
46.2495,-25.3807,0.06490,SGP
46.1832,-25.3211,0.14440,SGP
46.1205,-24.5893,0.12480,SGP
46.1295,-25.5322,0.12590,SGP
45.9528,-25.1370,0.11120,SGP
45.7922,-24.1334,0.13990,SGP
45.6791,-25.2670,0.03740,SGP
45.3574,-25.3027,0.17090,SGP
44.9663,-25.4609,0.14410,SGP
44.6637,-25.3209,0.08690,SGP
43.9740,-25.4914,0.16760,SGP
43.3053,-25.4689,0.11120,SGP
43.2949,-25.6936,0.15220,SGP
43.1807,-25.6891,0.10920,SGP
42.9728,-25.7460,0.06170,SGP
42.8898,-25.1017,0.11310,SGP
42.8113,-24.4536,0.11820,SGP
42.8176,-25.5537,0.11300,SGP
42.7862,-24.2215,0.13450,SGP
42.6812,-24.5759,0.13550,SGP
42.5852,-24.6706,0.11480,SGP
42.5671,-25.3140,0.08820,SGP
42.4963,-23.9676,0.15600,SGP
42.3483,-25.6814,0.15340,SGP
42.3247,-25.4602,0.11940,SGP
42.2882,-25.5843,0.13060,SGP
42.0321,-25.2691,0.08290,SGP
41.8628,-24.2306,0.10270,SGP
47.2409,-26.8958,0.10730,SGP
47.1630,-25.9378,0.12380,SGP
46.8740,-27.1070,0.12930,SGP
46.7322,-27.0262,0.13990,SGP
46.5424,-26.2674,0.08580,SGP
46.4130,-26.9537,0.12600,SGP
46.3623,-26.7484,0.04050,SGP
46.2075,-26.8107,0.14070,SGP
46.1934,-26.8135,0.02130,SGP
46.0871,-27.1802,0.11740,SGP
45.9714,-26.5189,0.05880,SGP
45.5752,-26.0925,0.14270,SGP
45.5579,-27.0878,0.05060,SGP
45.4890,-26.4664,0.11060,SGP
45.2973,-27.0951,0.14110,SGP
44.7882,-25.9435,0.10970,SGP
44.6343,-26.5156,0.14010,SGP
44.4869,-26.7493,0.13560,SGP
44.4015,-26.9896,0.15580,SGP
44.3625,-27.0663,0.09770,SGP
44.1013,-25.9545,0.13670,SGP
44.0101,-26.6829,0.03610,SGP
43.9698,-26.8046,0.09750,SGP
43.7417,-26.1975,0.06350,SGP
43.5493,-26.5802,0.09530,SGP
43.5035,-26.6703,0.06220,SGP
43.4221,-26.6020,0.06240,SGP
43.1939,-26.2270,0.10570,SGP
42.7860,-26.9470,0.02310,SGP
42.7353,-27.1103,0.16160,SGP
42.5014,-26.2996,0.07900,SGP
42.3373,-25.9454,0.11830,SGP
42.2347,-26.1302,0.16110,SGP
42.1733,-26.6069,0.10110,SGP
42.0968,-26.3166,0.10120,SGP
41.9123,-26.6236,0.16190,SGP
41.8433,-26.7053,0.13860,SGP
41.8402,-26.9457,0.02340,SGP
52.5413,-25.6559,0.05450,SGP
52.1891,-27.2326,0.14680,SGP
51.9525,-26.7471,0.17790,SGP
51.8947,-26.9851,0.12900,SGP
51.8612,-26.3244,0.04020,SGP
51.6906,-26.6028,0.08170,SGP
51.5667,-26.1428,0.04210,SGP
51.3505,-26.5161,0.19330,SGP
51.1978,-26.6855,0.04360,SGP
51.1642,-25.9284,0.06340,SGP
51.0440,-26.5119,0.04270,SGP
51.0292,-27.2917,0.12640,SGP
50.9724,-24.2319,0.03620,SGP
50.9732,-26.9711,0.06710,SGP
50.9564,-26.9603,0.10240,SGP
50.8843,-25.7131,0.07060,SGP
50.8403,-24.2015,0.15210,SGP
50.8273,-26.5294,0.06660,SGP
50.7678,-24.8641,0.08850,SGP
50.7631,-26.6323,0.06840,SGP
50.6041,-23.7968,0.05100,SGP
50.4558,-25.7489,0.08290,SGP
50.4520,-26.5132,0.08290,SGP
50.4317,-25.9072,0.14240,SGP
50.3940,-26.4872,0.07070,SGP
50.3816,-26.5249,0.07790,SGP
50.2192,-24.1168,0.03940,SGP
50.1700,-27.0360,0.06860,SGP
50.1624,-24.3105,0.03940,SGP
49.9912,-26.6384,0.14360,SGP
49.7909,-25.7036,0.06930,SGP
49.6412,-27.0827,0.04880,SGP
49.6559,-24.8364,0.12930,SGP
49.6312,-26.3257,0.10100,SGP
49.4740,-25.8661,0.07040,SGP
49.4432,-26.8810,0.13030,SGP
49.4469,-25.3254,0.11530,SGP
49.4172,-26.9863,0.08640,SGP
49.4294,-24.6218,0.06690,SGP
49.4265,-23.9367,0.08630,SGP
49.4160,-24.7607,0.17640,SGP
49.1777,-24.4841,0.15590,SGP
49.0403,-25.5284,0.08530,SGP
48.7775,-25.5136,0.04370,SGP
48.7498,-27.2593,0.10760,SGP
48.7513,-26.5287,0.06680,SGP
48.7310,-26.5519,0.07490,SGP
48.7176,-27.1336,0.11430,SGP
48.6350,-25.5722,0.06710,SGP
48.4770,-26.8992,0.14050,SGP
48.3537,-26.3828,0.04270,SGP
48.2991,-26.5554,0.10850,SGP
48.2848,-26.8580,0.13910,SGP
48.2242,-27.1439,0.13980,SGP
48.2002,-27.0734,0.06550,SGP
48.0131,-26.7628,0.06730,SGP
48.0123,-26.4929,0.06140,SGP
48.0003,-26.8146,0.07770,SGP
47.9982,-25.2467,0.03930,SGP
47.9534,-26.9231,0.07370,SGP
47.9483,-26.3874,0.06600,SGP
47.9053,-27.0843,0.06980,SGP
47.8196,-26.9934,0.07300,SGP
47.7973,-26.6029,0.11090,SGP
47.7700,-26.6609,0.06650,SGP
47.6687,-26.8826,0.09180,SGP
47.6226,-26.8468,0.06840,SGP
47.5715,-27.1713,0.14140,SGP
47.3066,-26.6223,0.13180,SGP
333.3305,-23.3324,0.15590,SGP
333.2842,-23.7885,0.07680,SGP
333.2131,-23.8913,0.07810,SGP
333.2022,-23.7396,0.11820,SGP
333.0724,-23.7134,0.09370,SGP
332.7764,-23.4950,0.15740,SGP
332.5935,-23.5083,0.03720,SGP
332.4815,-22.8359,0.05940,SGP
332.3868,-23.5290,0.06330,SGP
332.3288,-23.8089,0.01830,SGP
332.2305,-22.5305,0.06280,SGP
331.7549,-23.6591,0.03610,SGP
331.5479,-22.4031,0.10960,SGP
331.4440,-22.8014,0.08990,SGP
331.4005,-23.5669,0.06570,SGP
331.0629,-22.3911,0.16280,SGP
331.0523,-22.4666,0.01760,SGP
331.0147,-22.3012,0.15050,SGP
330.8044,-23.0117,0.13800,SGP
330.7362,-22.6785,0.07420,SGP
330.7265,-22.8350,0.10900,SGP
330.5321,-23.6824,0.05180,SGP
330.4772,-23.6193,0.18860,SGP
330.3662,-22.6324,0.07260,SGP
330.3147,-22.8979,0.12840,SGP
330.2890,-23.6149,0.15650,SGP
330.0840,-23.7898,0.06620,SGP
330.0751,-23.7317,0.16390,SGP
329.9833,-23.2822,0.07150,SGP
329.7458,-23.5105,0.16590,SGP
329.5952,-23.1129,0.05710,SGP
329.5105,-23.7037,0.06700,SGP
329.0779,-22.3188,0.11980,SGP
328.8455,-23.8169,0.16200,SGP
328.6887,-22.6453,0.07600,SGP
328.4763,-23.7137,0.12050,SGP
328.2399,-23.4392,0.16870,SGP
328.0399,-23.0666,0.12070,SGP
333.2972,-24.9596,0.07800,SGP
333.2392,-25.7453,0.13130,SGP
333.2345,-25.8439,0.19920,SGP
333.0516,-25.1725,0.13020,SGP
333.0202,-25.7604,0.03690,SGP
332.8758,-24.9196,0.06570,SGP
332.7860,-25.8758,0.16310,SGP
332.5954,-24.0282,0.05800,SGP
332.5249,-24.5232,0.15920,SGP
332.4412,-25.7917,0.16260,SGP
332.2323,-24.1489,0.16960,SGP
331.9266,-25.3143,0.10460,SGP
331.6895,-23.9919,0.01980,SGP
331.4207,-25.1251,0.15470,SGP
331.3599,-24.6230,0.15850,SGP
331.3469,-24.5393,0.08490,SGP
331.1705,-24.1958,0.16500,SGP
330.8329,-24.0982,0.06630,SGP
330.6827,-24.9436,0.11920,SGP
330.4792,-25.2072,0.13620,SGP
330.4324,-25.0486,0.08940,SGP
330.4182,-25.2323,0.13680,SGP
330.3802,-24.1932,0.16500,SGP
330.3535,-24.0221,0.16350,SGP
330.2586,-24.3542,0.16340,SGP
330.2113,-25.1236,0.14000,SGP
330.0203,-25.0434,0.06400,SGP
330.0055,-24.5159,0.07360,SGP
329.9998,-24.5670,0.07180,SGP
329.8446,-24.4542,0.08130,SGP
329.8116,-25.0460,0.07180,SGP
329.7922,-25.0666,0.07260,SGP
329.6647,-25.4373,0.07170,SGP
329.4177,-25.0064,0.10460,SGP
329.1480,-24.9051,0.16510,SGP
328.8026,-24.6332,0.16140,SGP
328.2752,-25.6262,0.05250,SGP
328.0489,-25.7189,0.11610,SGP
333.3704,-26.6863,0.01350,SGP
333.3127,-26.5264,0.08230,SGP
333.0607,-27.0590,0.06180,SGP
332.9313,-25.9203,0.09460,SGP
332.9161,-26.7567,0.03250,SGP
332.8085,-26.5246,0.06340,SGP
332.5445,-27.1565,0.09210,SGP
332.4566,-27.1922,0.00880,SGP
332.3487,-27.1319,0.09300,SGP
332.3130,-26.0643,0.06390,SGP
332.1297,-26.7554,0.09320,SGP
332.0687,-26.2308,0.14010,SGP
332.0652,-27.0894,0.15590,SGP
332.0160,-26.2221,0.10670,SGP
332.0168,-26.4717,0.10230,SGP
331.9762,-26.9639,0.07940,SGP
331.9082,-26.9643,0.08000,SGP
331.8385,-26.7030,0.10630,SGP
331.7190,-26.2298,0.05000,SGP
331.4690,-26.1517,0.16730,SGP
331.4553,-26.9587,0.10650,SGP
331.0090,-26.3239,0.19790,SGP
330.9001,-26.1712,0.04870,SGP
330.8782,-27.0738,0.12060,SGP
330.8059,-25.9345,0.09030,SGP
330.8089,-26.0527,0.12050,SGP
330.6918,-26.7618,0.13460,SGP
330.3541,-27.0559,0.01790,SGP
330.2532,-26.0186,0.09290,SGP
330.1408,-26.5994,0.09090,SGP
329.9075,-27.1641,0.16030,SGP
329.7410,-26.5624,0.19080,SGP
329.4789,-27.1955,0.04900,SGP
329.4070,-26.6830,0.07020,SGP
329.3867,-26.8758,0.19640,SGP
329.2155,-27.1058,0.06310,SGP
329.1129,-27.0787,0.08150,SGP
329.0029,-26.8286,0.19310,SGP
328.5235,-26.6326,0.19940,SGP
328.2876,-26.8833,0.09890,SGP
328.2030,-26.6070,0.10910,SGP
328.1124,-26.7567,0.11950,SGP
327.9856,-26.4087,0.11780,SGP
338.5519,-23.7356,0.06530,SGP
338.3918,-23.7144,0.06060,SGP
338.0717,-23.7032,0.06450,SGP
335.7404,-23.0852,0.07630,SGP
335.7149,-23.3415,0.09630,SGP
335.4675,-23.6316,0.07850,SGP
335.4571,-23.5784,0.15870,SGP
335.2847,-22.9341,0.09950,SGP
335.1360,-23.2296,0.11680,SGP
335.0941,-23.2833,0.08330,SGP
334.9809,-23.1153,0.08470,SGP
334.8055,-23.5992,0.08060,SGP
334.5520,-23.4211,0.15280,SGP
334.4338,-22.9559,0.07690,SGP
334.4187,-22.3797,0.18510,SGP
334.4222,-23.7297,0.00830,SGP
334.3691,-23.1744,0.10240,SGP
334.2275,-22.7447,0.06020,SGP
334.1868,-23.4557,0.07710,SGP
334.1135,-23.2045,0.10190,SGP
333.9969,-22.4246,0.07370,SGP
333.9194,-23.0765,0.03690,SGP
333.8732,-23.1601,0.15510,SGP
333.7859,-22.9407,0.07640,SGP
333.7422,-22.8387,0.10390,SGP
333.6965,-23.2639,0.06010,SGP
333.5009,-23.2537,0.10290,SGP
338.7435,-24.4028,0.08390,SGP
338.7233,-24.8170,0.04050,SGP
338.6919,-24.6681,0.03410,SGP
338.6625,-24.8132,0.17280,SGP
338.5668,-24.2015,0.03810,SGP
338.5421,-24.8013,0.14030,SGP
338.5472,-25.2628,0.08480,SGP
338.5392,-25.4413,0.08850,SGP
338.4375,-25.3142,0.04000,SGP
338.3655,-24.3755,0.12450,SGP
338.3677,-24.6588,0.07940,SGP
338.3927,-25.0012,0.05430,SGP
338.2997,-24.3806,0.13030,SGP
338.1443,-25.5708,0.13070,SGP
338.0812,-24.5022,0.13630,SGP
337.9211,-25.2268,0.03380,SGP
337.8828,-24.8105,0.08440,SGP
337.8430,-24.6370,0.16430,SGP
337.4329,-24.1466,0.06480,SGP
337.3340,-24.9434,0.12170,SGP
337.2730,-24.2591,0.07540,SGP
337.2870,-25.3669,0.05580,SGP
337.2212,-25.2839,0.05600,SGP
336.9519,-25.0235,0.12300,SGP
336.8707,-25.4051,0.04710,SGP
336.7170,-24.5267,0.03300,SGP
336.6140,-24.5125,0.05210,SGP
336.5092,-24.3257,0.11580,SGP
336.3488,-24.4216,0.07830,SGP
336.1303,-24.9868,0.07960,SGP
336.1176,-25.4815,0.15790,SGP
336.0301,-23.8462,0.09290,SGP
336.0075,-24.8024,0.16840,SGP
335.9484,-24.9547,0.03600,SGP
335.8352,-24.2316,0.19060,SGP
335.6803,-25.0580,0.08970,SGP
335.3553,-25.3777,0.08950,SGP
335.2848,-24.9244,0.05450,SGP
335.1746,-23.9721,0.08310,SGP
335.1576,-25.6095,0.15360,SGP
335.0602,-24.4443,0.11590,SGP
334.9156,-24.7143,0.08980,SGP
334.8589,-23.9666,0.08650,SGP
334.8388,-25.0422,0.11450,SGP
334.7847,-24.1975,0.08910,SGP
334.7130,-24.2099,0.09130,SGP
334.6472,-24.1750,0.09040,SGP
334.6031,-25.4815,0.05910,SGP
334.5507,-23.8533,0.03630,SGP
334.4954,-24.2912,0.10770,SGP
334.4781,-23.9018,0.08520,SGP
334.3037,-24.6748,0.11210,SGP
334.2539,-24.4591,0.11760,SGP
334.1706,-24.8299,0.07780,SGP
334.1741,-24.8978,0.07890,SGP
334.0222,-23.9956,0.05990,SGP
334.0048,-24.3834,0.05380,SGP
333.9459,-24.9149,0.14910,SGP
333.8419,-25.4834,0.14650,SGP
333.7136,-25.3260,0.07940,SGP
333.6415,-24.6619,0.03780,SGP
333.5367,-23.7656,0.07670,SGP
333.4520,-24.2698,0.10150,SGP
338.6414,-25.9013,0.06220,SGP
338.3960,-25.9682,0.15770,SGP
338.0754,-26.1307,0.15410,SGP
337.9355,-26.6643,0.08520,SGP
337.8746,-26.7303,0.18430,SGP
337.7376,-26.7983,0.17050,SGP
337.6566,-26.1434,0.08930,SGP
337.6620,-26.1883,0.13560,SGP
337.5225,-25.7411,0.10070,SGP
337.4400,-25.7357,0.08280,SGP
337.4479,-26.7200,0.02940,SGP
337.0783,-27.0929,0.12320,SGP
336.9036,-27.2283,0.09880,SGP
336.8791,-26.9477,0.03870,SGP
336.7193,-26.6183,0.08720,SGP
336.5883,-26.4716,0.09650,SGP
336.5038,-26.9567,0.03060,SGP
336.4540,-25.9384,0.03350,SGP
336.4438,-26.3346,0.04860,SGP
336.0634,-26.1085,0.12560,SGP
336.0303,-26.0393,0.13760,SGP
335.9648,-26.0163,0.06260,SGP
335.6169,-26.1734,0.09060,SGP
335.5704,-26.8914,0.05810,SGP
335.5716,-26.9073,0.01850,SGP
335.4571,-25.9435,0.17090,SGP
335.3646,-25.7888,0.08940,SGP
335.2294,-26.1255,0.08890,SGP
334.9496,-27.2135,0.18630,SGP
334.8399,-26.1673,0.08700,SGP
334.7437,-26.6791,0.11490,SGP
334.5837,-26.0611,0.14900,SGP
334.5047,-25.9599,0.08820,SGP
334.3022,-25.9253,0.19740,SGP
334.2953,-26.2817,0.08330,SGP
333.9868,-25.6820,0.08740,SGP
333.8767,-27.1162,0.19900,SGP
333.8326,-26.0057,0.05070,SGP
333.7040,-26.4908,0.08810,SGP
342.9787,-23.8917,0.11040,SGP
339.7339,-23.7254,0.11950,SGP
339.3473,-23.8745,0.07640,SGP
344.3857,-24.9794,0.08820,SGP
344.3452,-24.6020,0.17210,SGP
344.3154,-24.7473,0.11980,SGP
344.1718,-25.6169,0.15130,SGP
344.0063,-25.2911,0.18040,SGP
343.9602,-25.5176,0.12350,SGP
343.8802,-24.9069,0.15480,SGP
343.7503,-25.6484,0.15000,SGP
343.6962,-24.9455,0.15520,SGP
343.6417,-24.4114,0.09210,SGP
343.5955,-24.1820,0.05230,SGP
343.5496,-25.2522,0.02690,SGP
343.3511,-24.7564,0.17070,SGP
343.3046,-25.0550,0.11330,SGP
343.3004,-25.6432,0.11970,SGP
343.2621,-25.4520,0.08930,SGP
343.1765,-23.9726,0.08940,SGP
343.1253,-25.1309,0.15600,SGP
343.1383,-25.3154,0.07860,SGP
342.9627,-25.5587,0.08960,SGP
342.7925,-25.3904,0.12010,SGP
342.5529,-24.0982,0.15690,SGP
342.3404,-24.7517,0.15630,SGP
341.8408,-24.4916,0.03360,SGP
341.7552,-24.6314,0.16350,SGP
341.7420,-24.9117,0.16330,SGP
341.7209,-24.4380,0.16330,SGP
341.6639,-24.3008,0.07230,SGP
341.4743,-24.2210,0.04630,SGP
341.0877,-25.3834,0.10600,SGP
341.0519,-24.9423,0.08870,SGP
340.8810,-24.6617,0.04760,SGP
340.8546,-24.0097,0.14720,SGP
340.7540,-24.3300,0.05910,SGP
340.7122,-25.0358,0.04580,SGP
340.4816,-25.5989,0.11820,SGP
340.3055,-25.6087,0.01010,SGP
340.2181,-24.1763,0.01450,SGP
339.9993,-24.6662,0.04480,SGP
339.9478,-24.3669,0.15630,SGP
339.9415,-24.5978,0.10360,SGP
339.6360,-24.3833,0.07910,SGP
339.5612,-24.6444,0.06020,SGP
339.4777,-23.9301,0.07030,SGP
339.4862,-24.1000,0.07860,SGP
339.4365,-24.0456,0.06000,SGP
339.4436,-24.4413,0.04410,SGP
339.4132,-24.5839,0.11710,SGP
339.3615,-24.3364,0.13610,SGP
339.2910,-24.3615,0.11800,SGP
339.2393,-24.3639,0.13730,SGP
339.2160,-24.2386,0.03560,SGP
339.1936,-24.4971,0.10410,SGP
339.1424,-25.7829,0.06990,SGP
339.0373,-24.9872,0.07720,SGP
338.9806,-24.4634,0.16020,SGP
344.3929,-26.2891,0.19920,SGP
343.8976,-26.9677,0.10010,SGP
343.6044,-26.8664,0.07060,SGP
343.3972,-26.1089,0.11820,SGP
343.3167,-26.3109,0.11970,SGP
343.2195,-26.0273,0.15490,SGP
343.2040,-26.0768,0.15650,SGP
343.1586,-25.9624,0.07210,SGP
343.1581,-26.2175,0.09910,SGP
343.0310,-26.6278,0.11420,SGP
342.9703,-26.1288,0.14380,SGP
342.8701,-26.0717,0.08000,SGP
342.7204,-26.0923,0.07740,SGP
342.6573,-26.1259,0.08090,SGP
342.6106,-25.9750,0.07530,SGP
342.1526,-26.2506,0.08680,SGP
341.9092,-26.3692,0.07810,SGP
341.4997,-25.9218,0.06860,SGP
341.1855,-27.2204,0.12220,SGP
341.0673,-26.3895,0.19840,SGP
340.7832,-26.2250,0.04770,SGP
340.7142,-26.4060,0.04810,SGP
339.8377,-26.3793,0.14990,SGP
339.6699,-26.7926,0.02800,SGP
339.6499,-26.9800,0.02830,SGP
349.8482,-24.1706,0.14780,SGP
349.8322,-25.0042,0.18470,SGP
349.6743,-24.4498,0.19290,SGP
349.7014,-26.7858,0.14530,SGP
349.6219,-23.8527,0.10530,SGP
349.6205,-25.8894,0.10930,SGP
349.4942,-24.2486,0.06550,SGP
349.4717,-23.5327,0.08950,SGP
349.4192,-24.1206,0.17250,SGP
349.4243,-25.3644,0.14700,SGP
349.3497,-23.6288,0.10950,SGP
349.2668,-23.7861,0.17180,SGP
349.1465,-25.0451,0.05130,SGP
349.1032,-26.0372,0.10260,SGP
349.0465,-26.9746,0.13490,SGP
348.9797,-25.2830,0.14510,SGP
348.9645,-25.0299,0.05350,SGP
348.8924,-26.6785,0.09690,SGP
348.8453,-24.9899,0.10900,SGP
348.8607,-26.5804,0.09850,SGP
348.7727,-26.6980,0.19150,SGP
348.7323,-26.4886,0.14130,SGP
348.7316,-26.5381,0.09690,SGP
348.6807,-24.2529,0.07590,SGP
348.5610,-25.4746,0.17220,SGP
348.5466,-26.4668,0.18990,SGP
348.5230,-26.9784,0.17810,SGP
348.3936,-26.3349,0.19590,SGP
348.3110,-26.1418,0.10770,SGP
348.0861,-25.0594,0.15000,SGP
347.9333,-25.9912,0.15190,SGP
347.9150,-24.4548,0.15500,SGP
347.9088,-24.9079,0.08760,SGP
347.9038,-24.7653,0.10410,SGP
347.8643,-24.9732,0.13470,SGP
347.6649,-25.8223,0.15130,SGP
347.6545,-26.6123,0.10770,SGP
347.6236,-27.0087,0.13260,SGP
347.5422,-24.3427,0.16010,SGP
347.5319,-24.4791,0.16550,SGP
347.5239,-25.5555,0.11010,SGP
347.4953,-27.0584,0.10790,SGP
347.4613,-25.2258,0.14660,SGP
347.4591,-25.4988,0.05300,SGP
347.4132,-23.9081,0.12600,SGP
347.3777,-25.6462,0.10410,SGP
347.2550,-24.4820,0.12140,SGP
347.0218,-23.9448,0.11070,SGP
347.0144,-27.1739,0.09330,SGP
347.0129,-25.0108,0.14370,SGP
346.9965,-24.8032,0.16270,SGP
346.9472,-25.9549,0.10360,SGP
346.8834,-26.4092,0.11070,SGP
346.7924,-24.9350,0.12110,SGP
346.6335,-24.8790,0.16230,SGP
346.5897,-26.4117,0.10090,SGP
346.5926,-26.1948,0.05290,SGP
346.4139,-24.7827,0.16310,SGP
346.4052,-24.1367,0.10770,SGP
346.3595,-24.0979,0.14120,SGP
346.3038,-25.1791,0.19650,SGP
346.1942,-24.6016,0.16600,SGP
346.1140,-26.7094,0.04970,SGP
346.0293,-27.1550,0.10660,SGP
345.9247,-26.8941,0.18450,SGP
345.9203,-26.9308,0.19730,SGP
345.8942,-24.4324,0.13510,SGP
345.7960,-25.9505,0.05030,SGP
345.7990,-24.8941,0.10670,SGP
345.7840,-24.9408,0.13560,SGP
345.5733,-25.6101,0.02780,SGP
345.5131,-26.8937,0.15810,SGP
345.2413,-26.2952,0.13440,SGP
345.2557,-24.1600,0.16360,SGP
345.1769,-24.6060,0.11740,SGP
345.0364,-23.9015,0.13750,SGP
344.9449,-27.1142,0.15650,SGP
344.8557,-26.4991,0.07260,SGP
344.8461,-27.0136,0.02510,SGP
344.8653,-24.4813,0.08000,SGP
344.8216,-24.9036,0.09110,SGP
344.7550,-26.3530,0.05270,SGP
344.7142,-27.1654,0.19840,SGP
344.7417,-25.5353,0.03140,SGP
344.6945,-25.6086,0.15210,SGP
344.5401,-26.3324,0.18340,SGP
344.5670,-24.8619,0.12400,SGP
344.5687,-23.5625,0.11760,SGP
344.4499,-26.1990,0.08020,SGP
351.8397,-23.6016,0.15150,SGP
351.2520,-23.4646,0.08990,SGP
350.9310,-23.5627,0.12270,SGP
350.6186,-23.5364,0.12780,SGP
349.9345,-23.5504,0.14170,SGP
355.0289,-25.5358,0.17800,SGP
354.9679,-25.4458,0.14070,SGP
354.8098,-25.6003,0.15400,SGP
353.8272,-25.3352,0.15050,SGP
353.1468,-25.4213,0.11290,SGP
353.1455,-25.4639,0.11330,SGP
353.1216,-25.7585,0.06800,SGP
352.9726,-25.4772,0.10120,SGP
352.9133,-25.5751,0.18850,SGP
352.8138,-25.8092,0.17680,SGP
352.7110,-25.4486,0.19450,SGP
352.6380,-25.5328,0.18950,SGP
352.2886,-24.9568,0.12680,SGP
352.1713,-24.7131,0.12580,SGP
352.0311,-24.6818,0.11030,SGP
351.9794,-25.3166,0.08670,SGP
351.9742,-25.6134,0.13790,SGP
351.8695,-25.1306,0.08860,SGP
351.8316,-25.7027,0.13840,SGP
351.7371,-25.4765,0.09640,SGP
351.7300,-23.9071,0.09100,SGP
351.6696,-24.0171,0.10950,SGP
351.6083,-24.1336,0.11210,SGP
351.5450,-23.9356,0.11320,SGP
351.5422,-24.0284,0.19940,SGP
351.5196,-25.5694,0.18720,SGP
351.5162,-25.8096,0.13460,SGP
351.5118,-24.1097,0.11640,SGP
351.5075,-24.9894,0.08790,SGP
351.2235,-24.1172,0.10920,SGP
351.0071,-24.7519,0.15620,SGP
350.7537,-24.9751,0.13250,SGP
350.6496,-25.3230,0.19160,SGP
350.5667,-24.2990,0.11150,SGP
350.5253,-24.9839,0.08860,SGP
350.3272,-24.2247,0.08980,SGP
350.2398,-24.2765,0.12760,SGP
350.1362,-24.3641,0.11090,SGP
350.1117,-25.5950,0.09450,SGP
350.0510,-24.1044,0.14780,SGP
350.0570,-24.1455,0.14670,SGP
350.0316,-24.4529,0.11160,SGP
350.0171,-24.0634,0.14610,SGP
355.3541,-27.0966,0.04930,SGP
354.9841,-26.1300,0.15930,SGP
354.8400,-26.1579,0.17980,SGP
354.7490,-26.1998,0.12960,SGP
354.4985,-26.5089,0.08200,SGP
354.3444,-26.5395,0.06330,SGP
354.2825,-26.5643,0.06670,SGP
353.8652,-26.8871,0.10540,SGP
353.8709,-27.0796,0.06140,SGP
353.7862,-27.0409,0.19550,SGP
353.5698,-26.2919,0.15780,SGP
353.5582,-26.5269,0.19650,SGP
353.5240,-26.7916,0.13760,SGP
353.3420,-27.0366,0.08600,SGP
353.2171,-27.0815,0.12300,SGP
353.1935,-26.7825,0.18040,SGP
353.1627,-26.4753,0.08070,SGP
352.9915,-26.2277,0.12440,SGP
352.7257,-26.1558,0.13830,SGP
352.6835,-26.1396,0.13910,SGP
352.5656,-26.1546,0.14140,SGP
352.4808,-26.4053,0.08130,SGP
352.3906,-25.8561,0.18690,SGP
352.0680,-27.1134,0.18900,SGP
351.9062,-25.8982,0.13910,SGP
351.9056,-26.4952,0.12860,SGP
351.8832,-26.6945,0.12830,SGP
351.7920,-26.3890,0.13470,SGP
351.2791,-26.1215,0.16280,SGP
351.1696,-26.1209,0.08540,SGP
351.0292,-26.9242,0.11060,SGP
350.6945,-26.2860,0.19200,SGP
350.6205,-26.2234,0.18960,SGP
350.4592,-26.2034,0.02830,SGP
350.3274,-26.6075,0.08460,SGP
350.2690,-26.2428,0.10640,SGP
350.0693,-25.8432,0.09200,SGP
357.4896,-24.9592,0.11240,SGP
357.3963,-25.6521,0.11970,SGP
357.3323,-24.9724,0.15570,SGP
357.1601,-25.4103,0.19710,SGP
357.0373,-25.5443,0.11130,SGP
356.9400,-25.5467,0.10990,SGP
356.8551,-25.2002,0.05280,SGP
356.7269,-25.8608,0.19650,SGP
356.6029,-25.3489,0.03340,SGP
356.3604,-25.2866,0.08250,SGP
356.2933,-25.8236,0.05300,SGP
356.1962,-25.5588,0.05350,SGP
355.9884,-25.5420,0.04980,SGP
355.9217,-25.6070,0.19240,SGP
357.6457,-26.9369,0.11000,SGP
357.6182,-27.0531,0.15780,SGP
357.5607,-26.9569,0.03330,SGP
357.5338,-26.6902,0.03280,SGP
357.5090,-26.9655,0.03330,SGP
357.4934,-26.8578,0.03420,SGP
357.3697,-27.0075,0.11110,SGP
357.2911,-26.9586,0.11160,SGP
357.1661,-26.9449,0.10960,SGP
357.1305,-27.0390,0.05810,SGP
357.1216,-27.1017,0.16370,SGP
357.0945,-25.9480,0.08400,SGP
357.0074,-26.9256,0.11080,SGP
356.9013,-26.2310,0.06530,SGP
356.8590,-25.9020,0.03420,SGP
356.8009,-26.5296,0.15130,SGP
356.7579,-26.1777,0.11830,SGP
356.7249,-26.5898,0.13550,SGP
356.3454,-27.0130,0.14970,SGP
356.2711,-26.6172,0.08410,SGP
356.2710,-27.1784,0.05440,SGP
356.2321,-26.5984,0.05240,SGP
356.1958,-26.0289,0.12000,SGP
355.9879,-26.0747,0.09310,SGP
355.9692,-26.4571,0.05150,SGP
355.8755,-26.0736,0.05370,SGP
355.7512,-26.0798,0.08320,SGP
