HIP,RAICRS,DEICRS,Vmag,Plx,pmRA,pmDE,BV
88,0.26915958,-48.80985919,5.71,5.97,-17.92,-6.75,0.911
107,0.33380226,-50.33739907,5.53,5.84,7.34,10.59,1.615
122,0.39937928,-77.06529438,4.78,14.77,-56.52,-176.95,1.254
124,0.40424537,61.22280406,5.58,0.86,-2.80,-1.34,0.407
145,0.45598912,-3.02747891,5.13,7.98,18.90,-10.25,-0.128
154,0.48996506,-6.01397169,4.37,7.86,46.62,-41.32,1.631
171,0.54018776,27.08448905,5.80,80.63,778.59,-918.72,0.690
183,0.58297574,-29.72044805,5.04,6.40,9.66,14.00,-0.150
194,0.62398938,8.48557854,5.70,26.53,-93.55,-47.50,0.315
207,0.65034249,66.09896341,5.87,1.57,3.32,1.14,1.073
301,0.93488487,-17.33597002,4.55,14.31,28.57,-7.28,-0.047
330,1.05693212,62.28766460,5.90,0.89,-0.99,-0.37,0.274
343,1.08233885,-16.52888969,5.78,11.29,53.77,-60.27,1.084
355,1.12550980,-10.50949443,4.99,2.03,-6.49,-11.88,1.619
377,1.17188841,-71.43685835,5.59,5.70,30.00,-13.62,-0.100
379,1.17432297,67.16638761,5.68,10.30,95.58,23.80,1.051
418,1.27555231,61.31396468,5.80,4.50,14.29,2.24,-0.067
443,1.33394073,-5.70783255,4.61,25.38,-8.29,88.19,1.029
476,1.42473238,13.39628227,5.55,8.75,42.59,-6.51,0.901
518,1.56474395,58.43668966,5.98,49.30,247.36,17.77,0.687
522,1.57776340,-49.07509405,5.70,39.00,575.21,-39.94,0.519
531,1.61052855,64.19616859,5.57,3.32,9.70,0.01,-0.023
636,1.94523194,-22.50847542,5.93,12.45,70.10,-34.71,0.141
655,2.01465535,-33.52933371,5.67,10.02,-42.75,3.15,1.119
671,2.07313617,-8.82402541,5.99,9.79,-34.13,-35.67,1.034
677,2.09653333,29.09082805,2.07,33.60,135.68,-162.95,-0.038
729,2.25974230,18.21202529,5.57,11.17,140.93,-25.57,1.043
746,2.29204036,59.15021814,2.28,59.89,523.39,-180.42,0.380
761,2.33758620,-27.98790390,5.42,14.57,72.57,-9.99,0.414
765,2.35224949,-45.74698836,3.88,23.28,122.15,-180.13,1.013
813,2.50910252,11.14580908,5.54,10.04,29.73,1.64,-0.064
814,2.50945435,-82.22399743,5.29,13.45,-21.66,-20.39,1.049
840,2.57853868,-5.24851713,5.84,18.18,34.98,-29.01,0.973
841,2.58017518,46.07227117,5.01,3.24,4.51,0.21,0.405
873,2.67810574,-12.57980381,5.84,15.35,149.39,-38.22,1.000
910,2.81628415,-15.46732287,4.89,52.94,-84.20,-269.31,0.487
930,2.89340430,-27.79977820,5.41,5.61,4.61,17.09,1.346
950,2.93286698,-35.13339606,5.24,45.85,169.01,113.75,0.459
983,3.04145374,-17.93821766,5.29,5.33,60.48,-24.69,1.478
1067,3.30895828,15.18361593,2.83,9.79,4.70,-8.24,-0.190
1074,3.33145220,-84.99402068,5.78,4.00,10.97,17.40,1.710
1086,3.37889713,41.03572671,5.71,28.57,-122.76,-146.91,0.331
1096,3.42591849,-26.02215399,5.94,3.22,37.59,-78.73,1.548
1158,3.61496786,-7.78053784,5.13,5.21,61.01,2.36,1.601
1168,3.65045047,20.20669720,4.79,10.01,90.66,1.88,1.572
1170,3.66013628,-18.93268628,4.44,6.62,-27.15,-73.78,1.640
1191,3.72708897,-9.56955053,5.77,9.40,22.64,-8.45,-0.084
1288,4.03660680,-31.44632821,5.66,7.64,117.87,-27.11,1.350
1354,4.23771177,61.53319397,5.74,5.08,-6.00,-3.46,0.898
1366,4.27306518,38.68167915,4.61,12.88,-50.01,-17.90,0.059
1372,4.28766746,47.94741495,5.86,3.42,4.05,-3.97,-0.079
1473,4.58210555,36.78532730,4.51,23.11,-66.51,-42.48,0.054
1493,4.65924059,31.51723388,5.88,6.00,58.09,-2.91,-0.014
1562,4.85701265,-8.82382948,3.56,11.26,-14.37,-37.84,1.214
1599,5.00797581,-64.87762320,4.23,116.38,1707.56,1165.36,0.576
1630,5.10163324,30.93561514,5.89,5.60,15.27,-0.64,-0.098
1645,5.14943435,8.19024803,5.38,8.26,-4.50,9.59,1.343
1647,5.16267858,-69.62491154,5.50,10.65,-4.01,-0.64,-0.046
1657,5.18974442,32.91122853,5.79,5.05,-29.44,-17.29,1.595
1686,5.28010785,37.96869954,5.16,20.42,58.32,-39.65,0.442
1706,5.36976160,-77.42685699,5.96,4.68,14.23,-6.44,1.397
1708,5.37990144,-28.98129509,5.18,10.50,32.77,-71.48,1.006
1728,5.44264511,-20.05799253,5.61,4.21,62.63,-12.77,1.580
1921,6.06518443,52.01992467,5.58,2.38,13.70,-4.40,-0.110
1960,6.19786908,61.83106347,5.38,4.27,13.67,-2.45,0.008
1982,6.27660700,53.04678501,5.72,6.17,25.80,0.30,-0.056
2006,6.35090309,1.93972374,5.77,5.50,-14.33,-12.89,0.855
2021,6.41334183,-77.25503511,2.82,133.78,2220.12,324.37,0.618
2072,6.55048418,-43.67990933,3.93,42.51,106.14,32.83,0.175
2081,6.57028075,-42.30512197,2.40,42.14,232.76,-353.64,1.083
2159,6.81119663,-25.54713325,5.99,4.86,32.93,-15.26,1.022
2210,6.98213606,-33.00704460,4.86,5.95,-20.48,-50.39,1.634
2219,7.01185234,17.89307501,5.01,6.65,114.91,20.48,1.584
2225,7.05660466,44.39448925,5.18,12.32,84.10,-15.33,0.043
2240,7.11007309,-39.91490183,5.42,7.86,135.95,-41.36,1.556
2353,7.50980355,-3.95729662,5.72,3.82,8.61,-14.51,1.545
2355,7.53056566,29.75169567,5.20,17.62,43.56,-57.18,0.271
2377,7.58297373,59.97756400,5.94,4.54,16.26,-3.94,-0.003
2381,7.59446346,-23.78771429,5.17,18.08,-26.95,13.97,0.128
2383,7.60822774,-48.21469821,5.67,22.19,163.44,-87.30,0.367
2472,7.85356695,-48.80356171,4.76,18.97,140.74,19.47,0.018
2475,7.85668759,33.58168169,5.88,6.98,49.61,-16.26,1.133
2484,7.88566992,-62.95808549,4.36,23.35,82.48,-54.37,-0.064
2487,7.88898014,-62.96544985,4.53,18.95,87.95,-45.79,0.147
2497,7.92171234,52.83955844,5.59,8.29,-55.33,-13.14,1.163
2505,7.94299136,54.52232473,4.74,9.20,40.78,-14.81,-0.098
2548,8.09897908,6.95545461,5.69,12.36,45.91,3.54,-0.014
2568,8.14750345,20.29443334,5.38,12.69,136.81,-48.10,1.069
2578,8.18247614,-63.03137868,5.07,21.52,86.15,-49.85,0.038
2599,8.24994391,62.93178781,4.17,0.79,3.99,-2.10,0.130
2611,8.29301467,54.89508062,5.93,8.68,70.08,-39.36,1.037
2661,8.42108802,-29.55820696,5.55,6.56,-27.91,-29.31,1.262
2711,8.61506261,-52.37318294,5.57,39.03,227.80,38.21,0.472
2762,8.81100390,-3.59275785,5.20,47.51,407.68,-36.47,0.567
2787,8.88645754,-0.50545908,5.94,17.97,143.36,-61.94,0.444
2802,8.92139531,-48.00066027,5.51,27.61,47.14,-101.40,0.461
2854,9.03453140,54.16845384,5.08,6.45,22.98,-1.52,-0.098
2876,9.11392475,60.32621728,5.78,0.97,3.05,-1.10,0.294
2900,9.19362920,44.48850971,5.14,4.97,-36.70,31.77,1.587
2903,9.19713232,15.23175994,5.89,3.81,0.91,-14.18,-0.146
2912,9.22016239,33.71935227,4.34,4.97,15.23,-3.56,-0.123
2920,9.24277921,53.89693161,3.69,5.46,17.77,-9.15,-0.196
2941,9.33244613,-24.76722545,5.57,64.38,1422.09,-17.15,0.715
2942,9.33844167,35.39951013,5.45,3.19,-9.21,-3.57,0.886
3031,9.63958024,29.31236900,4.34,19.34,-229.41,-254.08,0.871
3083,9.79119583,49.35459528,5.45,2.45,7.93,-2.74,1.644
3092,9.83165567,30.86122579,3.27,32.19,115.38,-83.05,1.268
3093,9.84206107,21.25137390,5.88,90.03,-461.07,-370.88,0.850
3138,9.98147468,21.43856440,5.36,7.94,28.46,-28.51,1.160
3170,10.10273354,-59.45568115,5.89,39.26,883.26,443.01,0.564
3179,10.12661349,56.53740928,2.24,14.27,50.36,-32.17,1.170
3193,10.17658814,-4.35180551,5.90,5.66,-15.29,-14.48,1.091
3231,10.27998074,39.45867141,5.30,9.47,-14.37,-3.02,0.891
3245,10.33156671,-46.08500934,4.59,13.19,-28.92,1.04,0.953
3277,10.44292464,-56.50145475,5.72,15.29,90.15,57.28,0.131
3299,10.51431560,66.14761311,5.83,6.48,-9.79,-8.55,1.042
3300,10.51618425,50.51254151,4.80,2.94,12.32,-6.48,-0.105
3330,10.61790472,-65.46813002,5.38,24.59,54.11,41.12,0.515
3352,10.67349903,-60.26268184,5.99,13.73,263.68,-51.74,1.318
3405,10.83851683,-57.46309763,4.36,13.57,-5.16,15.50,0.024
3414,10.86704470,47.02463657,4.95,18.71,-24.52,-37.16,0.170
3419,10.89678452,-17.98668410,2.04,34.04,232.79,32.71,1.019
3455,11.04752272,-10.60927365,4.77,15.54,-6.96,-113.88,0.998
3456,11.04964742,-38.42197898,5.90,8.76,247.02,120.68,1.144
3478,11.10927611,47.86396300,5.66,4.29,-39.77,8.54,-0.113
3504,11.18125882,48.28438262,4.48,3.60,17.79,-7.62,-0.069
3505,11.18515547,-22.00633247,5.22,35.92,-66.07,81.15,0.350
3521,11.23801546,-42.67632489,5.94,15.01,-89.06,-96.11,0.297
3544,11.32168124,55.22140870,5.41,9.28,-28.35,-5.34,0.022
3572,11.41296370,74.98812620,5.64,11.24,-14.93,-21.86,0.078
3583,11.43930832,-47.55217573,5.80,66.92,183.96,78.36,0.635
3607,11.54845521,-22.52206718,5.49,9.78,197.14,-12.25,0.978
3632,11.63740001,15.47561194,5.36,5.55,-29.45,-44.22,1.559
3675,11.75594336,11.97393464,5.51,12.45,53.83,-35.12,0.987
3693,11.83495908,24.26737703,4.08,17.98,-101.23,-81.89,1.100
3697,11.84843074,6.74098135,5.98,7.16,14.42,-10.26,0.941
3717,11.93000731,-18.06142264,5.70,8.11,30.18,34.40,1.300
3721,11.94174879,74.84758739,5.42,4.06,15.03,-5.94,-0.066
3741,12.00437854,-21.72247464,5.57,6.72,24.99,-7.23,-0.058
3750,12.03698124,72.67445774,5.86,14.65,133.71,9.87,1.010
3760,12.07226858,7.29991977,5.92,4.93,111.61,3.41,1.104
3765,12.09388786,5.28338873,5.74,134.04,758.04,-1141.22,0.890
3781,12.14632729,-74.92335356,5.09,15.94,133.21,-34.59,1.345
3786,12.17039736,7.58520186,4.44,10.69,83.14,-50.48,1.500
3801,12.20830552,50.96819154,4.90,8.37,30.28,-9.82,-0.091
3810,12.24462380,16.94113370,5.07,41.80,-2.33,-201.57,0.502
3821,12.27125262,57.81654770,3.46,167.99,1087.11,-559.65,0.587
3834,12.30791020,-24.13652681,5.90,17.70,77.47,-59.62,0.944
3849,12.35647376,-13.56101709,5.59,10.02,103.34,-105.83,1.325
3881,12.45345723,41.07895474,4.53,4.80,22.68,-18.05,-0.136
3885,12.47128657,27.71031105,5.55,9.40,86.54,-10.20,0.398
3909,12.53218487,-10.64377045,5.17,64.69,-224.67,-228.44,0.514
3949,12.67136689,-50.98692422,5.24,13.06,62.99,44.67,0.356
3951,12.68155194,64.24758084,5.35,4.01,29.39,-12.85,0.528
4104,13.16917061,-24.00592567,5.47,6.52,37.32,33.58,1.275
4147,13.25204382,-1.14422060,4.78,6.28,6.49,-16.29,1.550
4151,13.26783051,61.12355735,4.80,53.85,-68.45,169.72,0.540
4200,13.40741156,-62.87135327,5.73,5.32,74.42,0.65,1.574
4267,13.64674999,19.18843611,5.80,8.88,11.05,-7.69,-0.016
4283,13.71984836,83.70746159,5.59,13.30,62.00,-10.71,0.105
4288,13.74174956,23.62844595,5.46,25.69,137.06,-45.58,1.012
4292,13.75080422,58.97279657,4.83,8.02,-32.24,-40.69,1.216
4293,13.75124739,-69.52697888,5.45,15.52,7.92,-43.35,1.095
4346,13.92668443,-7.34703997,5.88,6.54,-6.99,-44.82,1.520
4371,14.00627513,-11.26650685,5.35,6.24,-26.79,-8.01,1.505
4422,14.16671042,59.18116582,4.62,15.84,-92.56,-45.33,0.957
4427,14.17708808,60.71674966,2.15,5.32,25.65,-3.82,-0.046
4436,14.18790699,38.49925513,3.86,23.93,152.78,36.82,0.130
4440,14.19558745,60.36284769,5.56,5.31,27.37,-4.77,-0.054
4463,14.30178237,23.41775997,4.40,13.44,-43.72,-46.06,0.940
4510,14.45895150,28.99223560,5.44,4.63,5.28,-7.77,1.076
4552,14.55914315,33.95105921,5.99,17.19,35.25,-71.86,1.000
4572,14.62916229,66.35182541,5.97,8.67,43.44,-13.19,-0.008
4577,14.65144118,-29.35746436,4.30,4.85,22.44,6.30,-0.154
4587,14.68286462,-11.37993895,5.62,10.35,-33.16,-15.02,0.949
4675,15.01477994,44.71330426,5.69,7.76,14.72,-25.24,-0.010
4770,15.32593934,-38.91664868,5.59,5.19,66.98,49.92,1.185
4852,15.60990729,-31.55204219,5.50,14.39,81.00,15.25,0.083
4889,15.70452742,31.80433674,5.50,7.87,15.53,-30.38,-0.043
4890,15.70496560,-46.39733801,5.39,13.86,-2.21,10.96,0.900
4903,15.72614941,41.34519861,5.95,9.49,-16.96,-16.95,0.161
4906,15.73606615,7.89007256,4.27,17.14,-80.57,25.88,0.952
4914,15.76085267,-4.83635047,5.40,7.95,-117.05,-102.91,1.106
4962,15.90419820,61.07482982,5.92,2.16,-1.54,-2.96,0.512
4998,16.00995036,52.50230919,5.99,3.29,1.44,-61.03,1.447
5021,16.08145357,61.58024409,5.83,12.47,-79.86,-24.77,0.569
5081,16.27229777,14.94600386,5.64,18.28,6.94,53.33,0.420
5131,16.42053152,21.47321620,5.33,13.67,44.30,-14.32,0.003
5132,16.42365838,21.46547318,5.55,14.67,53.93,-12.63,-0.048
5165,16.52127713,-46.71849042,3.32,16.46,-70.16,31.60,0.885
5164,16.52137513,-9.83936845,5.58,5.48,30.98,5.89,0.009
5268,16.82738598,-61.77526197,5.36,11.68,73.79,-11.24,0.884
5296,16.94216802,-9.78559168,5.71,20.97,149.04,16.99,0.446
5300,16.94927201,-41.48693516,5.21,16.48,36.00,7.85,0.159
5310,16.98795829,20.73932115,5.56,20.23,85.43,-85.81,0.121
5317,17.00299391,43.94224107,5.04,16.61,160.96,-61.32,0.109
5336,17.05383776,54.92422766,5.17,132.40,3421.44,-1599.27,0.704
5346,17.09309979,5.65022130,5.51,27.84,-248.40,-165.49,0.334
5348,17.09608370,-55.24583235,3.94,11.66,21.17,29.70,-0.120
5361,17.13936547,58.26347937,5.77,5.75,17.15,-12.39,-0.019
5364,17.14693197,-10.18192800,3.46,27.73,215.81,-138.33,1.161
5372,17.18399735,86.25711803,4.24,10.43,80.34,-11.36,1.213
5434,17.37550908,47.24182410,4.26,4.43,3.81,-13.02,0.012
5447,17.43248991,35.62083048,2.07,16.36,175.59,-112.23,1.576
5454,17.45502008,19.65838540,5.57,8.09,-4.65,9.34,0.697
5493,17.57852966,42.08157668,5.67,18.98,-135.76,-41.87,0.603
5494,17.58103932,25.45803989,5.81,9.06,2.92,-113.75,1.466
5510,17.63982219,2.44570842,5.97,3.63,-8.69,-15.94,1.491
5518,17.66360631,68.77868759,5.32,10.26,35.26,-27.48,-0.014
5542,17.77471116,55.14994765,4.34,23.73,226.62,-19.34,0.170
5544,17.77822190,31.42476555,5.15,5.82,-8.70,-12.02,0.261
5550,17.79287081,37.72413814,5.80,3.56,-15.54,-6.96,-0.095
5566,17.85631897,64.20272388,5.56,7.96,40.94,-19.30,-0.052
5571,17.86330901,21.03467568,4.66,7.42,41.66,-10.55,1.024
5586,17.91494471,30.08972962,4.51,20.11,74.29,-37.61,1.092
5589,17.92237013,65.01888517,5.57,8.99,23.85,-12.92,-0.072
5594,17.93142731,-2.25102487,5.93,7.40,-57.83,-22.21,1.403
5626,18.06878934,79.67397492,5.60,11.98,95.83,-4.91,0.008
5661,18.18902960,-37.85640391,5.95,13.62,88.99,-30.76,0.281
5737,18.43250986,7.57548895,5.21,22.09,141.66,-55.62,0.320
5742,18.43723014,24.58376482,4.67,8.64,18.58,-21.26,1.047
5778,18.53186747,16.13354221,5.97,6.52,-30.59,-26.18,-0.082
5799,18.59986241,-7.92350040,5.14,41.01,123.67,277.58,0.448
5833,18.70491873,-0.97429411,5.70,22.79,-14.55,205.45,0.428
5862,18.79403213,-45.53209717,4.97,66.43,664.47,178.12,0.571
5896,18.93956391,-68.87623708,4.25,48.94,411.11,127.43,0.480
5926,19.04959061,71.74384538,5.87,0.22,-1.59,-1.18,2.042
5951,19.15144476,-2.50021280,5.42,12.74,-100.62,-63.95,0.888
6061,19.44993370,3.61452038,5.13,14.83,-48.38,-22.37,0.071
6193,19.86657455,27.26408682,4.74,10.49,26.21,-11.62,0.032
6226,19.95121720,-0.50899490,5.87,8.27,5.35,-13.91,0.635
6242,20.02049027,58.23161610,4.95,1.40,-1.31,-2.19,0.683
6315,20.28064145,28.73838983,5.23,9.49,28.53,-75.19,1.396
6411,20.58497087,45.52875660,4.87,16.68,32.21,8.73,1.077
6492,20.85396862,20.46898990,5.97,3.94,-5.59,-9.30,1.677
6502,20.87903356,-30.94550599,5.84,3.67,-15.51,-45.83,1.612
6514,20.91898254,37.71499034,5.60,15.43,81.77,-19.64,0.276
6537,21.00604671,-8.18275372,3.60,28.48,-78.38,-206.88,1.065
6564,21.08535375,-6.91466853,5.92,22.33,31.05,5.12,0.407
6592,21.16988858,-41.49245885,5.42,13.22,16.95,-36.94,1.030
6631,21.27198122,-64.36943630,5.92,3.23,23.15,-17.10,1.561
6670,21.40503869,-14.59875437,4.90,11.31,42.54,-17.25,1.231
6686,21.45251267,60.23540347,2.66,32.81,297.24,-49.49,0.160
6692,21.48293404,68.12994739,4.72,16.89,75.07,26.82,1.047
6706,21.56366085,19.17232096,5.35,38.35,-26.80,10.16,0.395
6711,21.57749566,43.45788606,5.98,24.21,108.31,-60.45,0.520
6732,21.67352916,19.24056476,5.50,10.63,50.82,-58.73,1.106
6748,21.71481835,-13.05653391,5.51,27.55,14.53,9.01,0.321
6813,21.91285470,45.40695287,4.83,35.33,356.99,-109.32,0.421
6867,22.09142360,-43.31772906,3.41,13.94,-18.21,-207.71,1.542
6960,22.40041765,-21.62934677,5.11,14.72,55.64,3.22,0.028
6999,22.52542506,47.00737711,5.27,11.26,0.64,-42.53,0.999
7007,22.54559597,6.14393314,4.84,9.05,293.23,-46.36,1.372
7016,22.59531980,-26.20785462,5.92,7.35,43.67,1.40,1.327
7078,22.80632718,70.26478860,5.82,34.19,137.53,-76.00,0.489
7083,22.81242306,-49.07307701,3.93,22.15,138.22,154.20,0.972
7097,22.87080776,15.34583101,3.62,11.09,25.73,-3.29,0.974
7118,22.93021487,-30.28292502,5.79,10.74,-4.43,-64.34,1.073
7213,23.23355059,-36.86518161,5.49,12.29,0.09,-20.33,1.021
7251,23.35711597,58.32734523,5.69,1.67,3.78,-4.66,1.435
7276,23.42805448,-7.02514279,5.75,33.71,176.82,-81.49,0.639
7294,23.48302496,59.23209665,4.68,15.96,-43.06,-23.18,0.991
7321,23.56915511,37.23719753,5.90,8.32,12.62,-21.00,-0.067
7345,23.65717247,-15.67635270,5.62,16.32,94.70,-2.67,0.066
7359,23.70436400,18.46067238,5.90,5.46,30.10,-65.92,1.536
7447,23.97777176,17.43378965,5.95,16.75,149.18,21.16,0.259
7450,23.99565496,-15.40021584,5.41,5.94,19.14,13.53,1.226
7463,24.03512124,-29.90743360,5.69,16.13,119.68,47.98,0.335
7513,24.19990413,41.40638491,4.10,74.25,-172.57,-381.01,0.536
7535,24.27483902,12.14151058,5.54,29.58,-74.90,9.96,0.347
7568,24.36574940,-84.76965017,5.66,8.94,34.69,23.45,0.939
7588,24.42813204,-57.23666007,0.45,22.68,88.02,-40.08,-0.158
7601,24.47908355,-82.97528876,5.88,36.86,122.30,120.70,0.620
7607,24.49792651,48.62848641,3.59,18.76,60.90,-112.42,1.275
7617,24.53151544,57.97764488,5.55,2.86,2.98,-5.54,1.388
7643,24.61455891,-36.52795330,5.94,10.10,-13.27,-122.36,1.045
7650,24.62892127,73.04007203,5.28,7.30,-11.81,-13.23,0.972
7679,24.71544923,-21.27547447,5.58,14.21,129.52,37.13,0.346
7719,24.83757938,44.38612827,5.01,13.46,-20.49,14.95,0.883
7740,24.91986640,16.40588595,5.98,7.18,82.41,-11.56,1.119
7751,24.94684603,-56.19644067,5.76,122.75,286.10,16.66,0.880
7818,25.14501739,40.57710624,4.96,4.79,16.67,-23.50,-0.068
7825,25.16483499,43.29776385,5.63,12.15,111.06,-31.65,0.214
7884,25.35794814,5.48760445,4.45,8.86,-22.73,3.61,1.347
7906,25.41350900,30.04713542,5.97,6.23,-8.10,-6.50,1.015
7916,25.43665870,-11.32366816,5.75,26.83,60.10,-411.71,0.443
7918,25.44381547,42.61380692,4.96,79.09,791.35,-180.16,0.618
7921,25.44980076,-60.78924102,5.70,8.79,12.81,-40.52,1.264
7941,25.51256331,-36.83226421,5.70,10.71,-29.32,-16.70,-0.010
7943,25.51439571,35.24576705,5.63,12.61,49.41,-24.67,-0.059
7955,25.53602338,-32.32685759,5.25,15.02,-74.79,-46.35,1.044
7965,25.58518510,68.04304624,5.57,7.34,53.08,-10.34,-0.049
7978,25.62146258,-53.74057470,5.52,57.63,166.97,-106.71,0.551
7981,25.62479083,20.27015091,5.24,133.91,-302.12,-677.40,0.836
7999,25.68132047,-3.69011692,4.98,2.71,-11.67,-34.38,1.378
8016,25.73220374,70.62255881,5.18,11.62,76.62,-13.62,-0.022
8046,25.83223958,60.55137091,5.78,3.57,13.57,-15.78,-0.010
8068,25.91506370,50.68876550,4.01,4.55,24.08,-13.59,-0.098
8102,26.02136441,-15.93955597,3.49,274.17,-1721.82,854.07,0.727
8198,26.34828629,9.15764102,4.26,12.63,70.82,38.99,0.942
8209,26.41106016,-25.05243403,5.29,36.46,159.48,-72.38,0.395
8230,26.49694074,-5.73322696,5.37,6.40,-9.09,-29.69,1.517
8240,26.52469172,-50.81621317,5.49,4.80,43.66,-17.45,1.615
8241,26.52557865,-53.52218065,5.04,17.54,126.45,59.04,0.031
8362,26.93360110,63.85310111,5.63,100.24,582.05,-246.83,0.804
8387,27.04542790,16.95563093,5.86,11.37,55.87,-32.97,-0.039
8404,27.10843265,3.68540364,5.91,9.95,-9.17,17.68,0.970
8423,27.16184118,37.95293583,5.94,10.57,111.84,-27.04,0.975
8433,27.17366149,32.68948705,5.78,36.65,-166.73,297.35,0.572
8497,27.39662961,-10.68618074,4.66,42.35,-148.90,-94.47,0.333
8544,27.53575113,22.27535660,5.83,5.68,-14.32,-7.55,0.743
8588,27.71672491,11.04344590,5.92,23.46,-69.33,-27.84,0.302
8593,27.72699465,-50.20612713,5.94,13.37,-47.97,-4.30,0.154
8598,27.73786884,51.93369809,5.96,22.42,41.16,-115.50,0.419
8645,27.86504416,-10.33494526,3.74,12.59,38.78,-38.04,1.136
8704,27.99711412,55.14740479,5.53,3.17,12.53,-8.25,-0.175
8714,28.03897527,50.79286359,5.70,6.63,18.39,-28.68,-0.067
8778,28.21703176,-16.92912351,5.78,9.87,41.36,-51.94,0.260
8796,28.27041595,29.57939727,3.42,50.87,12.02,-233.69,0.488
8814,28.32229965,40.72979974,5.42,6.04,-9.60,-4.17,1.311
8832,28.38235506,19.29409264,3.88,15.96,79.43,-99.10,-0.047
8833,28.38890233,3.18747844,4.61,17.11,23.69,23.90,0.928
8837,28.41174872,-46.30244631,4.39,10.15,-92.38,-91.46,1.597
8882,28.59191795,-42.49688104,5.12,10.55,-34.32,-28.34,-0.060
8886,28.59868107,63.67014686,3.35,7.38,31.98,-18.66,-0.150
8903,28.65978771,20.80829949,2.64,54.74,96.32,-108.80,0.165
8928,28.73339519,-67.64748114,4.68,15.04,76.00,73.17,0.931
8993,28.96263355,23.57734317,5.76,6.25,12.06,-8.88,1.185
9001,28.97697359,37.27780093,5.89,3.29,9.42,-6.27,1.599
9007,28.98680207,-51.60958673,3.69,57.19,681.24,284.23,0.844
9009,29.00001575,68.68526545,4.97,4.65,13.82,-9.73,-0.084
9021,29.03845779,37.25180400,5.69,10.18,182.88,10.54,1.060
9061,29.16732782,-22.52671153,4.92,8.18,62.22,-30.19,1.434
9095,29.29163705,-47.38529869,4.82,12.22,101.65,8.79,0.864
9110,29.33763922,17.81758940,5.09,4.95,34.28,-23.71,0.921
9132,29.43223051,27.80452380,5.84,6.85,13.40,-58.83,1.576
9153,29.48239763,23.59609610,4.79,24.49,-91.51,-14.45,0.290
9222,29.63958177,49.20425200,5.70,13.25,6.26,41.23,1.005
9236,29.69113269,-61.56992444,2.86,45.74,262.54,26.88,0.290
9307,29.89831329,21.05860461,5.89,8.17,140.80,-14.35,1.031
9312,29.90828959,64.62163894,5.29,12.69,35.76,-15.22,0.002
9313,29.91189289,-42.03028941,5.57,12.55,-50.58,-99.76,1.052
9326,29.94245126,-20.82457549,5.43,4.88,17.93,15.20,1.640
9347,30.00093670,-21.07777193,3.99,10.84,133.01,-24.53,1.554
9353,30.03760293,3.09763527,5.89,32.18,231.21,-255.20,0.610
9372,30.11154942,-8.52382616,5.43,5.50,86.73,-19.32,1.391
9440,30.31165140,-30.00156583,5.34,11.71,-108.68,-108.79,0.883
9459,30.42667654,-44.71339037,5.15,8.76,-31.80,-48.79,1.471
9480,30.48979079,70.90704605,4.49,27.91,-54.46,-10.69,0.164
9487,30.51166929,2.76376048,3.82,23.45,33.29,-0.42,0.024
9505,30.57530917,54.48754946,4.99,4.41,33.79,-3.40,-0.071
9533,30.64615770,13.47672808,5.97,3.86,-0.08,-4.99,1.584
9570,30.74152860,33.28415151,5.50,8.81,-15.99,-6.75,0.029
9572,30.74397324,-15.30594985,5.87,9.91,25.62,7.32,0.966
9573,30.75078582,64.39002289,5.59,0.94,-0.98,-1.95,0.325
9589,30.79835710,0.12845397,5.42,11.31,75.85,21.74,0.146
9598,30.85912643,72.42123962,3.95,20.12,-44.00,22.51,-0.002
9621,30.91359346,25.93544879,5.64,18.90,125.66,9.27,0.537
9622,30.91868509,-4.10336397,5.61,4.98,6.62,-62.67,1.589
9631,30.95051270,-0.34014611,5.96,9.89,82.76,-43.09,0.851
9640,30.97466283,42.32984832,2.10,9.19,43.08,-50.85,1.370
9677,31.12262534,-29.29683966,4.68,9.03,12.56,8.54,-0.156
9727,31.27938922,77.28145654,5.27,29.80,138.90,-47.56,0.345
9763,31.38157411,76.11511028,5.22,7.65,-12.19,-20.49,0.954
9836,31.64130188,22.64840404,5.03,17.40,20.62,-35.84,0.121
9884,31.79285757,23.46277743,2.01,49.48,190.73,-145.77,1.151
9977,32.12144102,37.85918337,4.78,16.48,154.22,-43.64,0.120
9990,32.16908619,58.42360489,5.66,1.79,-0.82,-1.63,0.595
10035,32.28888091,-43.51647088,5.84,5.68,-48.33,-51.42,1.197
10053,32.35535861,25.93997268,4.98,10.19,77.50,-33.10,0.339
10064,32.38550383,34.98739204,3.00,26.24,148.78,-39.13,0.140
10155,32.65642510,19.50040351,5.68,4.90,88.73,-27.10,1.641
10212,32.83817716,8.57008262,5.64,23.52,-141.20,-114.26,0.569
10234,32.89933984,-1.82534866,5.94,9.20,-11.27,-33.24,0.967
10280,33.09301632,30.30321507,4.94,10.68,-64.59,-61.07,0.770
10296,33.15630080,24.16779356,5.96,5.77,41.64,-6.28,1.366
10305,33.19717997,-2.39345960,5.65,21.71,374.41,-73.08,0.546
10306,33.19993262,21.21098318,5.23,33.19,162.52,4.07,0.457
10320,33.22691696,-30.72384252,5.27,9.82,15.32,7.15,-0.013
10324,33.25004577,8.84675230,4.36,9.01,-26.23,-14.40,0.878
10326,33.25396814,-21.00023660,5.86,8.17,55.83,40.75,1.006
10328,33.26352181,15.27991044,5.72,6.03,99.23,-20.94,1.551
10340,33.30558667,44.23168903,4.84,5.86,-20.58,-15.25,1.476
10366,33.40008213,51.06623342,5.31,16.39,347.43,-170.79,0.926
10418,33.56042796,-67.84155199,5.57,4.41,25.19,45.66,1.556
10440,33.63317374,-41.16670109,5.91,9.77,-20.87,-26.12,0.965
10513,33.86899336,-67.74633515,5.67,6.97,43.01,-12.65,1.306
10535,33.92847664,25.04325530,5.57,20.77,-88.69,-87.16,0.520
10540,33.94139916,25.78309877,5.79,24.93,176.41,-66.38,0.439
10559,33.98456296,33.35897589,5.25,11.13,-14.86,-33.25,-0.004
10602,34.12708452,-51.51211145,3.56,21.06,90.75,-21.90,-0.120
10642,34.24578955,-6.42185630,5.51,9.58,93.21,-106.93,0.962
10644,34.26007346,34.22482985,4.84,92.20,1151.61,-246.32,0.607
10670,34.32848216,33.84732099,4.03,27.73,44.91,-52.42,0.019
10718,34.49925395,57.89980835,5.75,8.61,60.79,5.04,1.175
10723,34.50510951,1.75689975,5.60,40.04,365.99,371.16,0.588
10729,34.51916463,57.51632574,5.99,4.59,-13.48,-1.81,1.039
10732,34.53144339,19.90116135,5.58,8.42,-16.07,0.90,0.011
10793,34.73745342,28.64267411,5.29,9.31,6.72,-0.04,0.037
10819,34.82019851,47.37998782,5.31,12.77,-60.05,-6.06,0.006
10871,34.97602796,-55.94484169,5.81,5.78,23.32,18.71,1.570
10944,35.24238707,50.15154156,5.57,9.15,38.84,-31.23,-0.089
11001,35.43759585,-68.65942390,4.08,24.10,-50.07,2.38,0.034
11021,35.48597927,0.39569203,5.29,2.49,-13.41,-6.81,1.648
11029,35.50600237,-10.77733458,5.43,33.48,153.43,-81.89,0.364
11033,35.52073828,-17.66202807,5.89,6.47,9.02,-58.12,1.231
11046,35.55169522,-0.88474037,5.42,11.68,-17.62,-45.98,0.335
11060,35.58930899,55.84565637,5.16,1.59,0.36,-1.19,0.369
11072,35.63508730,-23.81631542,5.19,45.60,197.34,-4.39,0.608
11090,35.70984185,41.39653472,5.81,21.16,-74.20,-97.68,0.289
11095,35.71864225,-73.64582097,5.99,10.26,-81.59,11.84,1.088
11102,35.72772659,-51.09228926,5.90,16.30,22.09,66.01,0.213
11220,36.10372497,50.00663318,5.19,8.69,24.54,-35.79,0.979
11249,36.20435282,10.61059804,5.48,5.41,19.63,-13.60,-0.098
11258,36.22497693,-60.31162902,5.36,20.40,-71.08,-131.04,0.395
11313,36.40583743,50.27866588,4.73,9.46,23.79,-14.35,1.532
11345,36.48755111,-12.29045200,4.88,6.17,-11.71,-11.37,-0.027
11348,36.50156687,-15.34111517,5.88,15.24,-44.31,-54.13,0.116
11381,36.64651715,-20.04286354,5.89,11.47,86.18,101.46,1.247
11407,36.74627081,-47.70382692,4.24,6.17,19.97,-5.44,-0.136
11432,36.86578353,31.80134872,5.55,11.39,-23.81,-28.18,1.114
11477,37.00704179,-33.81105246,5.13,21.35,18.56,5.52,0.089
11484,37.03965786,8.46008870,4.30,18.53,41.72,-14.46,-0.053
11486,37.04162643,29.66953828,5.29,21.01,-14.81,-85.50,0.311
11548,37.20224439,29.93158402,5.89,32.48,-65.37,72.52,0.591
11569,37.26661741,67.40238385,4.46,23.04,-27.92,37.06,0.153
11670,37.63464227,25.23521368,5.88,19.59,61.69,-72.93,0.412
11738,37.87534312,2.26720689,5.27,6.85,22.75,-10.40,1.271
11757,37.91716991,-79.10924959,5.27,11.18,137.14,-54.42,0.981
11767,37.94614689,89.26413805,1.97,7.56,44.22,-11.74,0.636
11783,38.02198846,-15.24431990,4.74,38.73,-80.92,-146.84,0.454
11784,38.02556633,36.14723132,5.15,8.33,47.82,16.43,1.472
11791,38.03931801,-1.03481751,5.36,12.27,-26.47,-32.34,1.004
11840,38.21940851,34.54245642,5.84,12.54,-54.69,-19.22,1.083
11867,38.27932880,-34.64992327,5.91,8.58,-17.41,-17.94,1.064
11918,38.46130170,-28.23234010,4.96,7.19,-12.69,-1.40,-0.050
12002,38.67745683,-7.85928850,5.74,5.94,60.32,-64.45,1.393
12072,38.91142631,37.31229050,5.72,4.82,-0.91,-11.38,1.389
12086,38.94498948,34.68768289,5.38,-0.60,19.55,-51.20,1.652
12093,38.96870420,5.59330163,4.87,8.77,-28.89,-22.76,0.880
12107,39.00028366,-7.83145306,5.53,6.31,-33.57,-59.29,1.607
12114,39.01596864,6.88336423,5.79,138.72,1806.27,1442.50,0.918
12122,39.03865189,-30.04496366,5.74,5.02,-15.95,-5.75,1.017
12148,39.14626535,7.73007761,5.81,11.18,-56.19,-21.21,1.040
12153,39.15728620,12.44784628,5.64,28.40,279.53,-85.40,0.516
12181,39.23782977,38.73398283,5.91,18.42,145.04,-165.36,0.502
12186,39.24425358,-34.57734519,5.78,39.16,-18.27,-259.92,0.653
12225,39.35110362,-52.54308845,5.30,22.49,111.29,1.05,0.289
12239,39.40002834,65.74535775,5.80,4.00,42.97,-8.85,1.561
12247,39.42407297,-3.39606767,5.65,10.29,38.95,-44.05,1.021
12273,39.50870051,72.81821481,5.17,12.73,-28.90,15.16,0.896
12288,39.57748196,-30.19388274,5.84,27.99,98.67,-73.97,0.476
12332,39.70416245,21.96144509,5.45,9.41,-7.08,-15.12,0.168
12387,39.87061789,0.32851680,4.08,5.04,14.44,-2.53,-0.212
12390,39.89054885,-11.87158159,4.83,36.99,172.01,-236.31,0.447
12394,39.89676530,-68.26694760,4.12,21.27,87.40,0.56,-0.061
12413,39.94966387,-42.89163328,4.74,25.15,92.11,-15.07,0.061
12444,40.05209879,-9.45268375,5.79,46.42,-138.45,-78.69,0.524
12484,40.16491631,-54.54992422,5.21,20.49,32.76,5.24,0.411
12486,40.16638213,-39.85530905,4.11,22.42,135.17,-27.34,1.006
12489,40.17097186,27.06100903,5.30,13.97,64.49,-27.29,0.081
12530,40.30779517,-0.69534847,5.72,46.24,218.94,-125.30,0.511
12562,40.39221887,-14.54941172,5.98,20.29,-5.85,55.86,0.429
12608,40.52746495,-38.38371780,5.99,8.59,20.46,12.95,0.917
12623,40.56220350,40.19438688,4.91,40.52,-16.84,-182.29,0.582
12640,40.59134429,20.01157690,5.74,9.64,27.49,-46.08,-0.017
12653,40.63816025,-50.80082665,5.40,58.00,333.73,219.21,0.561
12686,40.74778071,53.52618220,5.85,7.90,57.18,-31.68,1.125
12692,40.76167775,55.10607111,5.76,7.76,34.78,-21.32,-0.110
12706,40.82551897,3.23617162,3.47,39.78,-146.43,-145.27,0.093
12719,40.86296031,27.70717078,4.65,8.82,3.51,-9.97,-0.122
12768,41.02149224,44.29705480,5.43,4.71,2.00,-6.08,0.904
12770,41.03064356,-13.85867594,4.24,7.40,-7.58,-8.40,-0.122
12777,41.04869991,49.22866639,4.10,89.03,334.03,-89.96,0.514
12803,41.13737997,15.31189952,5.78,6.76,4.29,-15.63,-0.024
12821,41.20695883,67.82470926,5.95,8.02,17.48,-32.55,0.136
12828,41.23488901,10.11421979,4.27,38.71,285.17,-30.40,0.311
12832,41.23961417,12.44596709,5.17,26.15,124.10,-84.80,0.234
12843,41.27492276,-18.57265077,4.47,71.56,330.93,36.28,0.481
12871,41.36438582,-63.70453152,5.73,18.23,19.39,-8.81,0.932
12876,41.38555249,-67.61672400,4.83,11.06,66.50,44.02,0.058
13055,41.94847766,81.44866603,5.80,6.54,18.78,-78.40,1.300
13061,41.97683942,29.24742385,4.52,18.06,148.42,-125.76,1.112
13108,42.13359632,18.28387012,5.83,6.50,42.54,-32.75,1.216
13121,42.19112221,25.18807322,5.89,7.08,54.17,-3.92,-0.033
13141,42.25569560,-62.80659207,5.25,19.73,94.53,29.02,0.101
13147,42.27233113,-32.40628403,4.45,19.31,86.96,158.96,0.981
13165,42.32315708,17.46434448,5.26,5.41,3.65,-14.61,-0.066
13202,42.47562958,-27.94203549,5.39,5.88,46.55,22.19,0.013
13209,42.49578911,27.26079044,3.61,20.45,65.47,-116.59,-0.100
13225,42.56144528,-35.84368582,5.92,6.52,51.52,20.27,0.899
13244,42.61890350,-75.06688108,4.76,9.92,-33.95,-27.18,1.337
13254,42.64547584,38.31890838,4.22,25.54,195.68,-108.92,0.343
13265,42.66834974,-35.67571664,5.48,6.14,3.86,-54.37,1.259
13268,42.67413655,55.89552955,3.77,2.45,16.64,-13.76,1.690
13288,42.75977464,-21.00397890,4.76,17.85,-39.00,-16.63,0.906
13327,42.87319979,15.08212726,5.52,6.80,31.26,-23.29,-0.099
13328,42.87846216,35.05989415,4.56,7.97,9.29,-63.02,1.554
13339,42.92396836,46.84200204,5.86,8.21,-26.24,-25.75,0.903
13367,42.99478506,68.88851683,5.94,2.31,2.00,-8.17,0.700
13473,43.39313847,-38.43708698,5.93,16.83,58.88,34.27,0.437
13479,43.39695392,-22.37612257,5.93,10.73,85.60,-76.11,1.041
13490,43.42740906,38.33767914,5.34,13.87,47.62,-78.48,0.423
13531,43.56442700,52.76248991,3.93,13.15,-1.99,-4.53,0.758
13654,43.95209490,18.33167607,5.76,8.08,-8.08,-14.91,1.452
13665,43.98642959,61.52106281,5.59,37.78,145.07,30.84,0.445
13679,44.05720205,8.38177807,5.97,22.46,69.83,-88.32,0.478
13701,44.10668245,-8.89760976,3.89,24.49,77.73,-219.99,1.088
13702,44.10825985,18.02365076,5.58,28.24,281.23,-218.84,0.471
13717,44.15602146,-3.71221461,5.16,17.28,-35.75,-43.31,0.084
13775,44.32200201,31.93429432,5.10,8.43,3.02,-31.13,-0.007
13782,44.34875521,-23.86207670,5.44,20.54,101.47,-35.81,0.238
13834,44.52114653,20.66881016,5.80,31.41,234.79,-31.64,0.415
13835,44.52369967,-23.60613828,5.82,4.99,71.99,51.95,1.334
13847,44.56548180,-40.30473491,2.88,20.22,-53.53,25.71,0.128
13874,44.67538999,-2.78272383,5.22,10.20,-28.70,-62.96,0.014
13879,44.69021034,39.66282739,4.68,10.02,25.88,-40.67,0.065
13884,44.69902505,-64.07129717,4.98,10.40,22.96,5.39,0.126
13905,44.76545740,35.18311415,4.94,9.31,-46.49,5.81,1.235
13914,44.80305773,21.34044477,4.63,11.15,-13.04,-6.55,0.048
13942,44.90027293,-25.27433851,5.69,30.92,181.75,84.67,0.427
13949,44.91611677,41.03305347,5.89,4.18,14.69,-46.40,1.445
13951,44.92151015,-2.46490094,5.56,9.76,-4.56,-20.82,-0.072
13954,44.92873469,8.90740111,4.71,7.69,9.22,-14.92,-0.109
13965,44.95742747,47.22063875,5.47,5.85,11.87,22.35,0.869
14036,45.18372171,10.87047197,5.93,7.39,81.25,-34.38,1.593
14043,45.21743352,52.35179769,5.24,4.10,31.20,-21.99,-0.049
14060,45.29152748,-7.66283629,5.75,10.71,97.77,-72.10,1.043
14086,45.40604298,-28.09048221,5.88,32.94,282.98,-440.90,0.794
14109,45.47562665,26.46234187,5.91,15.24,-13.85,4.93,0.141
14110,45.48372163,-9.96139327,5.84,11.55,43.54,-5.52,1.092
14131,45.56415553,-71.90249547,5.51,6.21,27.18,15.95,-0.125
14135,45.56991279,4.08992539,2.54,14.82,-11.81,-78.76,1.630
14143,45.59378383,4.35287042,5.62,7.32,16.70,5.64,-0.107
14146,45.59830468,-23.62433613,4.08,37.85,-145.96,-55.76,0.163
14168,45.67608040,-7.68546315,5.32,12.65,26.33,-3.55,0.941
14187,45.73267366,-46.97504226,5.81,3.97,24.77,2.42,1.304
14240,45.90376552,-59.73761994,5.12,23.67,-72.81,-63.89,0.349
14293,46.06865515,-7.60089934,5.26,23.22,65.43,17.41,0.193
14328,46.19912598,53.50645031,2.91,12.72,0.50,-4.19,0.716
14354,46.29373754,38.84053298,3.32,10.03,128.69,-106.61,1.528
14376,46.36119708,25.25519906,5.45,8.11,3.99,-10.10,-0.031
14382,46.38510717,56.70554810,4.77,15.95,-13.49,70.34,1.018
14417,46.53313395,79.41851027,5.49,4.69,-34.64,10.28,1.569
14439,46.59869819,13.18740263,5.64,10.21,-3.31,-62.68,1.087
14456,46.63953388,-6.08854227,5.23,6.10,7.12,-5.11,1.575
14502,46.82923690,64.05760178,5.89,5.85,-13.65,-3.18,-0.020
14521,46.88292015,-78.98942329,5.67,13.13,79.07,73.56,0.298
14576,47.04220716,40.95565120,2.09,35.14,2.39,-1.44,-0.003
14632,47.26201363,49.61350009,4.05,94.93,1262.29,-91.53,0.595
14668,47.37345463,44.85788896,3.79,29.05,173.01,-142.05,0.980
14677,47.40303182,29.07711221,5.74,2.89,22.14,-13.22,0.115
14764,47.66156390,11.87269252,5.97,6.24,30.74,-26.98,-0.061
14817,47.82250605,39.61157075,4.61,10.69,-26.21,4.78,1.115
14838,47.90695691,19.72669777,4.35,19.44,154.61,-8.39,1.033
14844,47.92855231,81.47071191,5.92,16.13,-45.62,-0.93,0.149
14862,47.98432711,74.39386878,4.85,20.15,14.46,-86.21,0.035
14879,48.01783332,-28.98910623,3.80,70.86,371.49,612.26,0.543
14893,48.05932746,27.25701296,5.78,8.78,11.77,-18.34,-0.106
14913,48.10699596,-44.41965395,5.92,22.83,82.73,-2.61,0.440
14915,48.10987466,6.66088598,5.55,4.18,-8.09,-1.26,1.011
14930,48.13808292,-57.32158199,5.71,2.48,18.65,13.55,2.419
14954,48.19301506,-1.19593294,5.07,44.69,193.43,-69.23,0.575
15004,48.34940955,48.17699884,5.93,10.47,16.89,-18.75,0.972
15110,48.72547816,21.04462873,4.87,9.59,-29.83,-77.15,-0.007
15154,48.83519839,30.55667481,5.61,7.52,-16.56,6.01,0.012
15192,48.94988581,57.14062522,5.79,2.02,-1.95,-2.00,0.644
15197,48.95844499,-8.81984050,4.80,27.18,-3.82,45.52,0.232
15201,48.98899185,-77.38860498,5.51,34.02,113.20,62.00,0.438
15219,49.05085271,50.93771066,5.04,3.91,-1.31,-19.23,1.107
15241,49.14663457,32.18421948,5.98,5.92,-4.10,-83.07,0.988
15305,49.36084175,-47.75173770,5.84,6.89,-6.90,30.31,1.228
15330,49.43528798,-62.57689893,5.53,82.51,1337.83,648.71,0.641
15334,49.44057220,39.28341373,5.97,5.37,22.23,-16.69,0.056
15338,49.44721595,44.02508193,5.49,5.06,26.61,-23.72,-0.060
15357,49.51038343,-28.79703600,5.93,16.14,155.37,-16.12,0.337
15371,49.54640411,-62.50793537,5.24,82.79,1331.10,646.84,0.600
15382,49.59206509,-22.51114978,4.86,12.79,12.55,13.07,0.904
15383,49.59282830,-0.93014105,5.62,14.68,251.68,-60.59,1.050
15404,49.65717026,50.22223526,5.16,6.18,22.45,-25.10,-0.073
15411,49.67113524,-18.55964006,5.72,27.33,124.90,-63.27,0.381
15416,49.68259978,34.22267370,4.85,2.21,1.29,-8.68,1.491
15444,49.78174379,50.09502752,5.05,6.78,22.38,-25.26,-0.067
15457,49.83974536,3.36997055,4.84,109.18,268.88,93.53,0.681
15474,49.87904033,-21.75794210,3.70,12.63,51.35,32.20,1.614
15479,49.89542972,-24.12284680,5.63,2.78,5.94,-22.68,1.663
15510,49.97177014,-43.07154929,4.26,165.02,3038.08,726.34,0.711
15514,49.98255370,27.07130717,5.91,15.88,-24.74,-71.10,0.860
15520,49.99690314,65.65232717,4.74,4.07,11.27,-14.32,-0.108
15547,50.08158506,77.73490142,5.44,12.36,64.90,-66.20,0.211
15549,50.08485949,29.04849835,4.47,5.09,-8.21,-16.42,1.555
15619,50.27821082,3.67568149,5.70,11.23,56.05,-25.17,0.964
15627,50.30671225,21.14714057,5.27,7.06,21.68,-22.41,-0.067
15643,50.35010618,-23.63508924,5.50,7.75,-24.17,-18.93,0.885
15648,50.36086309,43.32965174,4.96,21.00,-60.43,-0.38,0.051
15669,50.46821583,49.07105892,5.94,21.86,180.91,-63.45,0.468
15696,50.54954371,27.60757659,5.55,3.35,4.42,-9.88,1.100
15737,50.68863399,20.74210510,5.10,10.23,-49.22,-14.88,1.231
15770,50.80490169,49.21333010,5.32,5.22,20.70,-24.96,-0.076
15861,51.07693671,24.72418789,5.50,14.18,15.72,-51.42,1.190
15863,51.08061889,49.86124281,1.79,5.51,24.11,-26.01,0.481
15876,51.12366306,33.53601771,5.78,6.19,31.87,-22.99,-0.001
15890,51.16900549,64.58599618,5.13,2.61,-3.24,0.13,2.038
15900,51.20349011,9.02906504,3.61,15.42,-74.25,-80.31,0.887
15968,51.40105611,-69.33659399,5.96,25.45,-0.41,64.81,0.415
16029,51.59383221,-27.31760910,5.93,7.52,7.67,53.45,0.934
16083,51.79217049,9.73277240,3.73,14.68,53.61,-38.12,-0.082
16112,51.88902397,-35.68133899,5.71,7.02,76.73,6.38,1.284
16142,52.00395041,-11.28648689,5.74,9.58,-1.48,-46.39,1.102
16147,52.01270885,49.06293148,4.99,5.72,21.94,-26.83,-0.091
16168,52.08616659,33.80769703,5.72,9.51,28.13,-57.43,0.048
16210,52.21794573,49.84844583,5.58,5.89,22.51,-25.55,-0.054
16228,52.26722684,59.94033461,4.21,0.76,-0.82,-1.85,0.419
16244,52.34179296,49.50901919,4.67,5.84,22.16,-29.18,-0.096
16245,52.34244352,-62.93843436,4.71,46.65,383.05,373.11,0.410
16263,52.40009401,-12.67474889,5.57,7.76,7.74,4.95,0.171
16281,52.47810837,58.87875244,4.55,1.32,-1.94,-1.14,0.489
16285,52.47997851,-42.63425261,5.76,16.04,-59.48,-1.45,0.205
16290,52.49552432,-78.35178497,5.68,10.63,-11.26,-26.72,0.932
16292,52.50095974,55.45183695,5.09,17.07,-45.38,-11.77,0.022
16322,52.60198294,11.33648129,5.14,7.82,-11.71,-16.08,-0.041
16335,52.64367585,47.99517199,4.36,9.23,1.56,18.13,1.367
16339,52.65374344,-47.37517410,5.98,8.81,64.60,20.03,0.116
16340,52.65388405,48.10365477,5.82,3.75,21.23,-24.00,-0.033
16341,52.65437447,-5.07516332,4.74,8.57,13.31,7.34,-0.092
16358,52.68914607,6.18874381,5.93,6.31,42.38,-16.79,0.953
16368,52.71534366,-66.48971810,5.81,3.83,16.99,1.70,-0.055
16369,52.71819576,12.93668186,4.14,9.05,18.94,-1.55,1.112
16470,53.03575392,48.02353391,5.47,5.57,22.84,-23.78,-0.101
16489,53.08214603,84.91136314,5.62,9.18,62.36,-133.04,0.894
16499,53.10960058,46.05704336,5.30,27.46,-52.77,-74.74,0.398
16509,53.14465247,-50.37884857,5.67,10.63,94.26,83.16,1.101
16511,53.14970799,9.37355768,5.76,9.18,32.55,-49.15,-0.072
16518,53.16675711,35.46172039,5.91,1.99,-6.72,3.66,-0.084
16537,53.23509009,-9.45830584,3.72,310.75,-976.44,17.97,0.881
16591,53.39592658,39.89959026,5.79,18.29,17.06,-45.98,0.139
16599,53.41292455,54.97486087,5.98,14.71,-41.31,-1.63,0.114
16611,53.44686638,-21.63281597,4.26,11.02,44.91,-27.47,-0.106
16664,53.61093000,24.46447543,5.95,6.28,2.70,-33.96,0.123
16780,53.99021710,-11.19397792,5.56,8.60,23.65,80.60,0.915
16803,54.07246744,-17.46704107,5.24,6.89,33.35,-9.65,-0.117
16826,54.12233383,48.19270068,4.32,4.66,21.41,-27.58,-0.058
16846,54.19711994,0.58815498,5.82,34.52,-32.98,-163.45,0.885
16852,54.21882896,0.40283316,4.29,72.89,-232.69,-482.00,0.575
16870,54.27365880,-40.27451075,4.57,14.88,2.77,-14.23,1.023
16989,54.62189268,-7.39170945,5.86,8.35,-1.06,-63.16,0.980
17027,54.75469049,-5.62570656,5.97,28.44,-13.53,-207.06,0.921
17103,54.96309860,3.05684307,5.55,8.14,-36.61,8.32,0.931
17167,55.15972132,-5.21069726,5.53,4.41,0.14,-3.64,-0.145
17203,55.28267183,37.58026421,5.55,4.04,22.86,-27.30,-0.062
17296,55.53894572,63.21675891,5.06,6.27,-16.97,19.34,1.651
17304,55.56207975,-31.93839587,4.99,4.45,5.16,14.23,-0.159
17309,55.57893663,19.70028593,5.68,7.97,5.82,-13.24,-0.016
17313,55.59434812,33.96503899,4.97,3.53,4.39,-5.21,-0.048
17342,55.67805920,59.96938466,5.74,1.48,0.56,2.75,1.736
17351,55.70884185,-37.31334485,4.59,18.34,-90.81,-71.42,1.191
17358,55.73117540,47.78765330,3.01,6.18,23.83,-41.93,-0.125
17378,55.81231706,-9.76519868,3.52,110.58,-91.71,742.23,0.915
17395,55.89099355,-10.48561144,5.59,23.30,-7.97,-20.23,0.216
17440,56.04814541,-64.80709398,3.84,32.71,308.39,78.72,1.133
17448,56.07969347,32.28827325,3.84,2.21,8.11,-10.32,0.022
17457,56.12711667,-1.16307844,5.24,4.99,3.62,-5.26,-0.088
17460,56.13082016,36.46020384,5.60,9.83,48.24,-41.44,0.062
17489,56.20084227,24.28957712,5.45,9.75,20.73,-44.00,-0.034
17499,56.21884811,24.11344840,3.72,8.80,21.55,-44.92,-0.105
17506,56.23526063,-0.29671559,5.56,9.28,60.54,-1.86,1.411
17527,56.29052841,24.83937337,5.66,8.87,19.03,-46.64,-0.064
17529,56.29851422,42.57854437,3.77,5.86,-14.59,1.75,0.425
17531,56.30200876,24.46737879,4.30,8.75,19.35,-41.63,-0.110
17534,56.31616344,-47.35945424,5.72,8.93,-3.07,-9.03,0.961
17563,56.41846008,6.05002905,5.34,5.54,20.61,-15.61,-0.099
17573,56.45663804,24.36785796,3.87,9.06,21.09,-45.03,-0.063
17579,56.47693278,24.55462128,5.76,8.43,19.44,-45.36,-0.036
17584,56.49685459,45.68194432,5.66,3.14,17.51,-18.44,-0.080
17585,56.50339866,67.20188088,5.79,18.06,82.08,-113.37,0.347
17587,56.50971937,63.34506772,4.78,4.08,-0.94,-8.41,0.747
17593,56.53542672,-12.10173530,4.43,6.56,55.59,60.03,1.604
17595,56.53901620,6.80365522,5.91,9.68,-1.82,-55.42,0.992
17608,56.58150135,23.94846207,4.14,9.08,21.17,-42.67,-0.051
17618,56.61426555,-29.33816606,5.91,9.90,7.18,3.80,0.110
17651,56.71245432,-23.24843800,4.22,55.79,-159.86,-528.54,0.434
17678,56.80929799,-74.23924251,3.26,15.23,51.07,115.27,1.590
17702,56.87110065,24.10524193,2.85,8.87,19.35,-43.11,-0.086
17717,56.91508473,-23.87479582,5.24,11.98,48.02,49.01,0.075
17738,56.98342907,-30.16732063,5.52,11.55,26.20,-231.06,0.973
17771,57.06771677,11.14336637,5.08,5.77,28.25,-29.82,-0.125
17776,57.08668426,23.42136355,5.44,9.64,19.14,-46.80,-0.067
17798,57.14884582,-20.90293608,5.81,3.93,-29.81,-16.70,1.602
17797,57.14926223,-37.62012878,4.30,20.23,75.83,-10.69,-0.038
17805,57.16215134,0.22787124,5.91,6.58,65.55,-6.01,1.224
17846,57.28384500,43.96302293,5.95,14.43,-7.03,29.53,0.279
17847,57.29054669,24.05352412,3.62,8.57,17.77,-44.70,-0.070
17851,57.29668368,24.13682565,5.05,8.42,18.71,-46.74,-0.082
17854,57.30708659,70.87120237,5.40,10.02,20.91,-62.70,0.096
17874,57.36367035,-36.20011250,4.17,15.54,-49.42,-56.63,0.927
17884,57.38035594,65.52600645,4.39,3.38,-2.50,-13.98,1.870
17886,57.38626020,33.09138142,5.14,10.96,-18.15,0.30,0.057
17891,57.40258833,63.29710438,5.82,14.11,-17.80,-56.65,0.189
17932,57.51854760,44.96792105,5.65,9.41,-37.80,-26.82,0.779
17954,57.57881165,25.57964862,5.24,16.96,36.37,-117.95,0.231
17959,57.58948256,71.33236777,4.59,9.73,18.27,-42.00,0.064
18081,57.97381828,34.35912920,5.78,3.15,4.28,-4.22,-0.036
18089,58.00093529,6.53491424,5.66,4.63,7.60,-2.80,0.046
18141,58.17355849,-5.36124167,5.48,6.49,3.24,-7.10,-0.090
18170,58.29149356,17.32715595,5.97,24.14,143.97,-29.93,0.354
18199,58.38876601,-46.89358860,5.93,9.06,17.65,-35.18,1.220
18212,58.41112532,48.65056848,5.76,7.58,37.72,-30.08,1.040
18213,58.41218403,-34.73229529,5.11,9.19,31.99,-0.81,-0.133
18216,58.42784574,-24.61221253,4.64,8.46,30.93,-7.18,-0.136
18217,58.42996876,57.97536931,5.80,19.14,85.08,-93.81,0.182
18246,58.53299363,31.88365776,2.84,3.32,4.41,-9.15,0.271
18255,58.57286091,-2.95473348,4.46,9.46,26.42,1.49,0.672
18262,58.59657689,-40.35702900,5.70,6.32,-22.06,8.30,0.599
18339,58.81739077,-12.09905104,5.99,20.41,-76.94,-22.14,0.323
18396,58.99232459,47.87147012,5.39,3.86,17.57,-20.62,-0.073
18434,59.11953366,35.08090840,5.49,3.36,2.56,-3.96,-0.058
18453,59.15181574,50.69569169,5.28,24.51,94.13,-127.90,0.425
18471,59.21680322,22.47825021,5.62,22.31,69.43,-114.82,0.345
18488,59.28455287,61.10891703,4.99,1.76,-3.40,-14.06,1.435
18505,59.35598140,63.07224944,4.95,9.65,7.58,6.01,-0.074
18532,59.46342138,40.01027315,2.90,6.06,12.61,-24.06,-0.199
18543,59.50720862,-13.50824471,2.97,14.75,60.51,-111.34,1.588
18597,59.68640623,-61.40015059,4.56,6.15,9.79,-14.39,1.590
18606,59.71842188,-5.46952376,5.85,22.88,-46.75,-174.03,1.001
18614,59.74124892,35.79102701,3.98,1.84,1.92,2.30,0.016
18647,59.87555244,-12.57433214,5.61,3.66,-1.40,-38.11,1.479
18673,59.98115045,-24.01625677,4.62,9.85,11.41,17.08,-0.121
18723,60.16926440,-30.49070974,5.93,9.09,47.49,5.15,0.036
18724,60.17008591,12.49037571,3.41,8.81,-8.15,-11.98,-0.099
18735,60.20285787,18.19406866,5.89,21.99,129.49,-28.27,0.319
18744,60.22418760,-62.15936923,4.48,6.65,1.80,34.95,1.500
18772,60.32529605,-61.07905148,4.97,9.85,66.66,94.51,1.386
18788,60.38347446,-1.54962625,5.28,7.20,27.96,-13.79,-0.133
18805,60.44222088,9.99801393,5.67,5.77,5.59,1.13,0.005
18859,60.65273634,-0.26831052,5.38,52.00,151.20,-252.03,0.516
18907,60.78907003,5.98930909,3.91,25.24,5.52,-1.63,0.032
18957,60.93584928,5.43563754,5.32,3.12,1.23,-5.40,-0.080
18975,60.98543787,8.19720135,5.45,27.80,168.35,27.98,0.371
18993,61.04078184,2.82725258,5.36,28.87,149.52,-125.67,0.505
19009,61.09030699,24.10602640,5.46,3.42,-0.31,-13.82,0.813
19011,61.09461008,-12.79233884,5.62,8.12,15.85,17.95,1.062
19018,61.11318196,59.15550819,5.00,1.88,-1.79,-0.38,0.495
19038,61.17357446,22.08206790,4.36,18.04,91.73,-58.52,1.064
19076,61.33395641,22.00922152,5.90,59.79,172.61,-130.08,0.620
19095,61.40543294,-27.65203636,5.59,23.16,200.52,94.21,0.324
19129,61.51320978,68.67996526,5.88,5.23,7.29,3.00,1.543
19167,61.64606374,50.35135022,4.25,9.41,-13.03,-36.37,-0.011
19171,61.65165830,27.60002519,5.18,6.60,22.13,-50.18,-0.124
19205,61.75215574,29.00128762,5.21,36.26,-94.03,4.90,0.359
19284,61.99754752,17.33992101,5.89,9.46,7.66,-10.06,1.497
19335,62.15206221,38.04022796,5.52,46.87,163.93,-203.52,0.520
19343,62.16530527,47.71259359,3.96,5.89,20.19,-33.26,-0.025
19376,62.25650273,13.39829829,5.94,7.32,14.76,-7.30,0.052
19388,62.29125233,19.60929366,5.51,11.21,107.44,-31.64,1.077
19398,62.32431793,-16.38587725,5.45,4.49,-1.08,0.99,-0.147
19454,62.50093270,86.62635165,5.84,24.44,142.70,-87.62,0.393
19461,62.51160698,80.69867409,5.10,9.44,-11.57,3.00,0.589
19483,62.59383269,-6.92382327,5.44,8.65,3.44,-11.99,0.941
19511,62.69890202,-8.81982097,5.70,10.06,48.06,2.84,1.057
19513,62.70783742,26.48103948,5.39,16.72,-30.81,-36.10,0.352
19515,62.71013758,-41.99374121,4.93,18.61,199.09,69.10,0.334
19525,62.74592506,33.58681380,5.75,5.95,-1.52,-8.91,1.412
19554,62.83414887,5.52303505,5.71,25.89,146.86,5.00,0.360
19571,62.90073099,-20.35627812,5.80,13.06,45.73,49.83,0.165
19587,62.96638834,-6.83777870,4.04,25.98,11.92,81.28,0.327
19719,63.38794242,7.71603410,5.29,27.04,-3.99,4.45,0.366
19740,63.48496228,9.26389844,4.84,8.78,-9.42,-30.60,0.799
19747,63.50033880,-42.29387294,3.85,27.85,41.89,-203.65,1.085
19777,63.59872149,-10.25588890,4.87,15.80,-7.61,-162.11,1.156
19780,63.60596306,-62.47397888,3.33,19.98,41.64,49.72,0.915
19799,63.65099178,10.01143911,5.22,6.88,-6.57,-13.44,-0.085
19805,63.70228830,-62.19204942,5.45,12.21,-2.96,97.94,1.106
19811,63.72212566,40.48372394,4.67,5.20,9.72,-21.58,1.007
19812,63.72440722,48.40937312,4.12,4.51,5.04,-17.35,0.935
19849,63.82349230,-7.64455846,4.43,198.24,-2239.33,-3419.86,0.820
19860,63.88352173,8.89240989,4.27,7.50,20.39,-21.75,-0.054
19893,64.00621426,-51.48709578,4.26,49.26,100.57,184.23,0.312
19921,64.12118133,-59.30174841,4.44,54.84,-47.99,-167.81,1.078
19949,64.17960437,53.61180318,5.20,9.24,-16.99,-1.68,0.052
19968,64.22311681,61.85004125,5.69,7.97,6.07,-21.36,-0.116
19983,64.28363443,57.86047655,5.72,12.38,24.16,-50.06,1.108
19990,64.31535896,20.57874033,4.93,34.87,-40.88,-61.45,0.259
19996,64.33012941,-6.47215975,5.95,5.92,-15.13,-7.31,1.078
20020,64.41777199,-63.25549171,5.88,7.05,5.48,35.53,-0.061
20042,64.47341068,-33.79833145,3.55,18.27,62.31,-6.75,-0.108
20049,64.49656949,-80.21418106,5.67,8.00,28.26,61.02,0.836
20070,64.56073112,50.29563944,4.60,10.25,46.59,-56.43,0.043
20087,64.59642362,21.57937928,5.64,18.25,96.42,-33.92,0.277
20156,64.80492598,50.04883763,5.46,12.59,62.89,-58.65,0.235
20161,64.81935490,-44.26783026,5.33,14.10,63.14,-36.63,1.066
20171,64.85866225,21.14241058,5.50,12.20,29.49,-42.73,-0.069
20186,64.90286245,21.77359174,5.34,10.32,29.77,-41.39,-0.107
20205,64.94805793,15.62770031,3.65,21.17,115.29,-23.86,0.981
20219,64.99014508,14.03524954,5.58,22.31,115.42,-19.91,0.283
20234,65.04796760,50.92095135,5.55,2.74,0.57,-7.56,-0.031
20241,65.06007219,41.80815345,5.95,9.42,16.12,-34.45,0.962
20250,65.08847817,27.35094069,4.97,9.53,-29.04,-76.97,1.150
20252,65.10273351,34.56674228,4.93,14.42,-24.95,-7.00,0.950
20261,65.15101968,15.09550358,5.26,21.20,108.79,-20.67,0.225
20264,65.16248826,-20.63959902,5.38,7.05,26.13,-9.40,-0.027
20266,65.16818726,65.14045287,5.26,9.80,-28.52,-4.70,0.820
20268,65.17188935,6.13090686,5.76,7.62,-13.06,-44.79,0.914
20271,65.17846608,-7.59249081,5.85,4.31,4.47,-1.10,-0.124
20297,65.24179812,-81.58022679,5.78,18.61,9.07,126.08,0.359
20341,65.36270888,-0.09786658,5.86,6.98,-19.81,-124.66,1.320
20354,65.38811942,46.49896290,4.80,7.03,21.41,-34.97,-0.022
20376,65.44826292,60.73590167,5.40,7.64,56.70,-113.66,1.497
20380,65.46592207,56.50630039,5.91,10.53,-14.56,7.06,0.112
20384,65.47173239,-63.38681514,5.24,8.58,85.20,174.37,0.955
20400,65.51437351,14.07725051,5.72,21.87,114.04,-21.40,0.315
20417,65.59471274,20.82141842,5.91,1.86,-1.99,-1.04,1.660
20430,65.64554350,25.62935771,5.38,12.19,20.37,-17.88,-0.041
20455,65.73344722,17.54258430,3.77,21.29,107.75,-28.84,0.983
20465,65.77358735,-24.89211883,5.81,7.18,19.59,-15.64,1.507
20484,65.85415980,16.77732694,5.64,21.17,105.09,-27.62,0.310
20507,65.92033483,-3.74533244,5.17,15.66,-47.92,-56.73,0.072
20522,65.96599009,9.46098377,5.10,8.23,-21.02,-6.65,0.074
20535,66.00902233,-34.01698632,3.97,11.95,73.77,57.57,1.468
20542,66.02372401,17.44421161,4.80,22.36,109.99,-33.47,0.154
20579,66.12141978,34.13084080,5.73,5.34,20.50,-34.17,-0.054
20591,66.15593384,33.95988843,5.77,24.00,54.69,-83.07,0.400
20614,66.23774871,19.04209230,5.97,20.40,110.73,-32.50,0.378
20619,66.27233379,-61.23824628,5.94,5.08,-18.82,21.69,1.533
20635,66.34207825,22.29398098,4.21,21.27,105.49,-44.14,0.136
20641,66.35393596,22.20011240,5.27,22.65,112.45,-47.06,0.250
20648,66.37215593,17.92798917,4.30,22.05,108.26,-32.47,0.049
20704,66.52607257,31.43920664,5.29,13.42,76.70,-121.54,0.986
20711,66.57664484,22.81369394,4.28,21.07,108.66,-45.83,0.263
20713,66.58613217,15.61834620,4.48,20.86,114.66,-33.30,0.262
20732,66.65156991,14.71385764,4.69,7.17,-7.57,-31.15,0.979
20776,66.76206107,80.82421018,5.42,3.48,12.94,-20.90,1.179
20789,66.82269876,22.99636881,5.53,7.86,-0.35,-13.25,-0.098
20804,66.86987518,11.21233208,5.87,6.70,-2.51,-13.20,0.049
20825,66.94184598,-62.52121428,5.74,9.92,-11.73,3.50,1.005
20842,67.00300662,21.62000558,5.72,20.85,98.82,-40.59,0.270
20860,67.05539751,83.80776284,5.51,4.76,-4.23,11.25,-0.106
20873,67.09723620,14.74102599,5.90,18.42,109.72,-21.27,0.325
20877,67.10985479,16.35962902,4.96,16.78,8.12,17.79,1.137
20884,67.13378878,1.38087416,5.53,8.47,17.66,-21.97,-0.099
20885,67.14346805,15.96221721,3.84,20.66,104.76,-15.01,0.952
20889,67.15388879,19.18052092,3.53,21.04,107.23,-36.77,1.014
20892,67.16256011,-19.45859808,5.95,10.09,37.76,-113.46,1.215
20894,67.16531219,15.87094680,3.40,21.89,108.66,-26.39,0.179
20901,67.20875444,13.04763905,5.02,20.33,105.17,-15.08,0.215
20922,67.27885535,-13.04836725,5.61,2.07,0.30,-0.95,-0.202
20982,67.50249474,83.34013144,5.47,10.74,-46.72,101.95,0.855
20995,67.53555351,15.63789864,5.58,22.93,107.59,-23.92,0.324
21029,67.63987124,16.19407556,4.78,22.54,104.98,-25.14,0.170
21036,67.65541066,13.72445018,5.40,21.84,108.06,-19.71,0.263
21039,67.66177772,15.69193829,5.47,22.55,104.17,-24.29,0.258
21042,67.66803902,-35.65358006,5.95,8.92,1.51,31.23,1.005
21060,67.70874038,-44.95374351,5.07,4.59,2.44,-2.48,-0.194
21139,67.96945612,-0.04399115,4.91,3.93,-3.76,-8.17,1.320
21148,68.00767912,53.91084467,5.78,-1.53,-3.19,-5.99,0.119
21192,68.15642848,-3.20950026,5.76,7.61,17.97,-16.69,-0.117
21247,68.37758981,72.52882555,5.94,8.74,29.36,-90.83,0.306
21248,68.37762290,-29.76583186,4.49,26.22,-114.35,-271.56,0.972
21253,68.39208243,-62.82363051,5.79,21.74,-117.21,-19.34,1.028
21273,68.46189659,14.84448749,4.65,21.39,103.69,-25.94,0.255
21278,68.47804057,-6.73889608,5.71,4.18,-2.65,-4.76,-0.128
21281,68.49882684,-55.04500559,3.30,18.56,58.06,12.73,-0.079
21295,68.53448353,5.56863495,5.67,7.99,-15.58,-7.77,0.055
21296,68.54850732,-8.23135939,5.20,4.05,-22.42,2.88,1.708
21297,68.54913224,-8.96998497,5.24,4.96,-36.27,-112.18,1.465
21323,68.65830037,28.96120368,5.88,7.00,-0.64,-21.87,-0.048
21393,68.88779874,-30.56231049,3.81,15.62,-48.92,-12.75,0.957
21402,68.91347315,10.16091706,4.25,21.68,44.89,-52.42,0.184
21421,68.98000195,16.50976164,0.87,50.09,62.78,-189.36,1.538
21444,69.07975243,-3.35244800,3.93,5.56,1.73,-4.54,-0.210
21452,69.10096877,64.26162001,5.91,7.36,-26.03,-7.37,-0.009
21476,69.17264013,41.26485467,4.25,5.08,-5.42,-19.19,1.171
21479,69.19032350,-62.07698129,5.59,16.02,-68.46,-71.22,1.500
21515,69.30698431,0.99832711,5.32,3.85,-4.91,-5.34,-0.107
21547,69.40044421,-2.47339212,5.22,33.60,43.32,-64.23,0.283
21588,69.53906817,16.03338888,5.78,21.96,113.05,-40.40,0.312
21589,69.53917371,12.51087423,4.27,21.79,101.73,-14.90,0.122
21594,69.54529558,-14.30358700,3.86,29.84,-77.86,-178.06,1.082
21604,69.56599361,20.68474222,5.85,9.03,-13.89,-8.23,-0.019
21644,69.72330721,-12.12307828,4.99,14.34,-65.10,-17.68,0.074
21670,69.77542864,7.87098753,5.38,19.44,91.87,-4.56,0.257
21673,69.78832206,15.80003442,5.08,21.49,32.40,-77.67,0.141
21683,69.81854938,15.91802420,4.67,20.51,82.40,-19.53,0.147
21685,69.83182532,-14.35888729,5.46,16.42,121.08,-125.41,1.054
21727,69.97786313,53.07957406,5.07,6.58,-7.38,-15.95,1.079
21730,69.99180673,53.47323647,5.36,11.76,35.88,-88.79,0.331
21735,70.01424281,12.19764088,5.45,9.46,-1.29,-12.98,-0.121
21743,70.02852595,-24.48241131,5.56,10.34,-69.92,17.70,0.926
21763,70.11039135,-19.67125686,4.32,9.03,28.21,-97.09,1.599
21770,70.14092957,-41.86357034,4.44,49.67,-141.18,-74.95,0.342
21819,70.33223225,28.61506693,5.73,9.74,37.35,-30.04,0.018
21823,70.35037233,48.30098864,5.66,10.48,44.67,-44.20,0.002
21847,70.45865407,38.28042013,5.97,32.03,241.54,-97.88,0.593
21861,70.51435953,-37.14476616,5.04,36.16,46.90,193.14,0.391
21881,70.56126452,22.95697545,4.27,8.14,-2.84,-20.33,-0.112
21914,70.69356887,-50.48141805,5.30,9.50,-35.90,34.63,0.977
21928,70.72624534,43.36526451,5.30,12.02,34.70,-52.07,0.028
21949,70.76644496,-70.93111187,5.53,6.75,9.30,34.77,-0.114
21958,70.78880760,-30.76539538,5.66,4.36,-30.32,-66.45,1.391
21972,70.83999357,49.97382624,5.86,5.09,-5.18,-15.33,0.013
21986,70.89469925,-8.79424587,5.98,8.04,28.84,-29.27,0.645
22024,71.02215847,-8.50357425,5.78,2.43,4.44,1.51,-0.076
22028,71.03312400,-18.66654311,5.53,11.06,52.09,-17.64,0.025
22040,71.08799653,-59.73284052,5.28,14.66,29.32,44.19,0.206
22044,71.10737323,11.14616933,5.39,20.73,98.87,-13.47,0.251
22086,71.26729443,-21.28334113,5.72,5.20,16.86,-17.14,1.476
22109,71.37558764,-3.25462465,4.01,6.13,17.27,-13.51,-0.148
22157,71.50708664,11.70560822,5.35,12.24,67.48,-7.09,0.197
22176,71.56993252,18.73486237,5.99,10.81,73.03,-69.79,1.221
22220,71.68529906,40.31268034,5.99,7.36,8.99,-37.10,0.934
22263,71.90088443,-16.93486728,5.49,75.10,130.41,169.20,0.632
22287,72.00090298,56.75753919,5.29,20.12,53.02,-146.40,0.246
22325,72.13553607,-16.32958093,5.76,24.06,7.09,39.68,0.537
22336,72.15084320,-5.67343877,5.77,37.73,312.68,-249.28,0.631
22361,72.20942983,75.94154357,5.96,21.92,37.56,-133.28,0.283
22393,72.30347923,31.43762493,5.57,13.90,16.81,-102.84,1.132
22407,72.32941395,32.58826794,5.84,9.71,25.80,-31.74,0.250
22449,72.45890935,6.96124744,3.19,124.60,463.44,11.62,0.484
22453,72.47777728,37.48818131,4.89,6.18,-38.40,38.48,1.447
22479,72.54828803,-16.21728342,5.03,13.40,44.95,51.26,0.992
22509,72.65300943,8.90025258,4.35,16.84,-0.87,-31.57,0.010
22531,72.73077622,-53.46172112,5.58,26.97,-79.08,87.79,0.341
22545,72.78901570,48.74075831,5.64,10.16,-43.00,-30.30,1.013
22549,72.80152507,5.60510146,3.68,2.59,-3.62,1.03,-0.157
22565,72.84338884,18.83994085,5.08,17.27,79.66,-32.76,0.214
22573,72.86749463,-34.90623200,5.82,11.39,24.68,-22.43,0.105
22626,73.02153945,63.50564999,5.47,6.53,38.15,-94.28,1.559
22667,73.13318214,14.25077828,4.71,6.02,-2.62,-56.13,1.773
22678,73.15833005,36.70319636,4.79,5.81,-25.97,-3.89,1.414
22697,73.19619789,27.89757233,5.97,9.27,44.73,-35.83,0.368
22699,73.19902284,42.58662591,5.68,6.31,-11.07,0.11,0.115
22701,73.22366820,-5.45275591,4.36,14.39,-18.01,25.03,0.257
22730,73.34481369,2.50826491,5.33,5.11,29.67,-16.40,1.632
22783,73.51254425,66.34266029,4.26,0.47,0.49,7.31,-0.008
22797,73.56289850,2.44067149,3.71,2.43,1.43,0.23,-0.179
22833,73.69544409,11.42597336,5.18,13.54,-16.31,13.63,0.121
22834,73.69914124,7.77916325,5.33,7.39,-21.74,-27.14,1.214
22840,73.71128549,0.46717846,5.98,3.38,-0.49,-4.89,-0.116
22845,73.72376720,10.15114511,4.64,27.04,40.08,-128.37,0.085
22854,73.76309080,55.25912955,5.52,4.93,-16.14,-8.60,0.015
22860,73.77841969,-16.74064825,5.71,6.85,4.88,-8.94,0.953
22871,73.79641541,-74.93700232,5.47,4.58,27.60,61.88,1.518
22881,73.82767537,-16.41785525,5.71,11.30,11.79,36.48,0.874
22913,73.95898357,15.04030639,5.79,7.71,-4.54,-11.54,-0.085
22936,74.02948687,52.86971717,5.75,6.82,-2.59,18.06,0.105
22957,74.09300449,13.51457755,4.06,19.26,-77.77,-45.97,1.158
22958,74.10078852,-5.17135066,5.50,4.41,-5.67,-2.32,-0.123
23015,74.24840098,33.16613537,2.69,6.37,3.63,-18.54,1.490
23040,74.32175175,53.75208289,4.43,8.68,-24.17,7.53,-0.017
23043,74.34311423,17.15370680,5.51,6.91,-11.16,-12.30,1.304
23068,74.45268983,23.94858492,5.79,6.92,2.61,-9.37,1.109
23088,74.53906826,25.05052129,5.79,11.01,26.23,-47.62,0.018
23123,74.63709525,1.71403506,4.47,3.42,-1.59,-7.93,1.369
23148,74.71244667,-82.47052255,5.84,9.34,-5.10,4.12,0.932
23166,74.75599103,-16.37633681,5.65,23.17,-121.61,127.52,0.447
23179,74.81406425,37.89048240,4.93,20.50,46.26,-97.81,0.037
23221,74.96017027,-10.26299266,5.39,18.29,19.49,-136.75,0.797
23231,74.98213784,-12.53720450,4.78,11.21,40.37,-86.89,0.267
23261,75.07644704,39.39470389,5.95,18.86,-10.93,-1.21,0.415
23265,75.08632052,81.19402107,5.09,9.46,0.99,27.47,1.304
23362,75.35649111,-20.05188078,4.91,15.60,36.68,-15.47,-0.047
23364,75.35977051,-7.17397802,4.80,3.41,-0.23,5.16,-0.164
23408,75.45979252,0.72216704,5.91,6.55,4.84,-22.75,1.267
23416,75.49222507,43.82331397,3.03,1.60,0.18,-2.31,0.537
23430,75.54069171,-26.27484321,5.01,13.45,85.79,-76.63,1.056
23446,75.59503803,-31.77154017,5.92,9.90,-6.44,85.28,1.170
23453,75.61950025,41.07588953,3.69,4.14,8.88,-21.43,1.154
23467,75.67918703,-71.31432608,5.30,5.08,-3.54,10.68,0.996
23474,75.68726911,-22.79508768,5.74,6.22,61.22,14.58,1.188
23475,75.68904194,-4.21012550,5.86,10.48,42.23,2.02,1.212
23482,75.70302244,-49.15147328,5.37,38.19,-43.96,27.18,0.421
23497,75.77376699,21.59006170,4.62,20.01,68.94,-40.85,0.155
23522,75.85457200,60.44228144,4.03,3.27,-6.11,-14.78,0.921
23554,75.97189741,-24.38805735,5.61,16.65,25.69,-38.42,0.094
23595,76.10129897,-35.48287057,4.55,17.63,126.17,-44.36,1.177
23607,76.14224320,15.40418059,4.65,8.15,18.40,-30.99,-0.064
23649,76.24146891,-49.57783014,5.05,6.88,68.74,-3.03,1.484
23668,76.31745462,-26.15223983,5.71,13.58,10.48,-62.10,1.166
23685,76.36521705,-22.37085673,3.19,14.39,19.27,-72.35,1.460
23693,76.37787652,-57.47298928,4.71,85.83,-31.87,117.42,0.526
23734,76.53524887,58.97239085,5.22,4.86,-6.16,-7.67,-0.080
23767,76.62862102,41.23464074,3.18,14.87,30.60,-68.41,-0.148
23783,76.66940952,51.59814314,4.98,38.14,-29.31,-173.95,0.343
23794,76.69019503,-4.65516319,5.12,11.65,10.05,0.00,-0.059
23831,76.85367500,-12.49100914,5.97,27.60,136.07,-107.12,0.606
23835,76.86115023,18.64500711,4.91,63.02,536.05,18.51,0.657
23840,76.89171306,-63.39957018,5.19,5.20,12.57,-44.74,1.646
23871,76.95178565,20.41845485,5.28,18.80,-49.12,-31.33,0.118
23875,76.96264146,-5.08626282,2.78,36.71,-83.39,-75.44,0.161
23879,76.97030487,8.49857348,5.33,16.84,34.96,-59.49,0.338
23883,76.98097847,21.70483596,5.84,3.16,1.75,-6.24,0.168
23900,77.02759284,24.26518765,5.50,1.01,1.74,-5.29,0.030
23916,77.08411634,-8.66527389,5.80,4.29,3.68,-20.78,-0.059
23941,77.18194475,-4.45624625,5.11,39.99,55.62,16.03,0.455
23972,77.28659571,-8.75407607,4.25,1.86,0.00,-2.01,-0.187
23983,77.33168451,9.82959768,5.43,18.54,63.54,-7.87,0.249
24010,77.42483084,15.59727157,4.81,10.24,-7.12,-16.14,0.313
24019,77.43773063,28.03060835,5.93,18.28,55.86,-60.57,0.311
24109,77.67862860,46.96243511,5.67,21.64,57.35,-150.22,0.452
24162,77.82970507,-2.49078592,5.89,26.04,81.46,1.44,0.462
24169,77.84521813,-11.84922715,5.60,7.30,31.76,56.93,1.350
24197,77.92317268,16.04565766,5.18,10.15,3.46,6.32,1.525
24203,77.93896000,1.03705465,5.88,3.56,0.95,-11.12,0.662
24244,78.07453075,-11.86914287,4.45,13.53,24.95,-31.22,-0.099
24254,78.09353950,73.94674435,5.44,8.71,4.31,-28.83,-0.108
24294,78.20048421,-6.05711381,5.90,7.31,21.87,-31.50,0.960
24305,78.23280460,-16.20542901,3.29,17.69,45.66,-16.13,-0.110
24327,78.30785422,-12.94128833,4.36,5.83,-12.22,-1.32,-0.094
24331,78.32283171,2.86125346,4.46,9.49,3.05,4.94,1.166
24340,78.35721486,38.48467394,4.82,20.08,-18.66,-72.41,0.189
24372,78.43927858,-67.18534976,4.81,5.97,18.18,38.96,1.274
24426,78.62015802,-35.97703069,5.75,6.73,11.33,14.20,1.009
24436,78.63446353,-8.20163919,0.18,4.22,1.87,-0.56,-0.030
24450,78.68355139,5.15612934,5.50,5.45,-7.01,8.74,1.369
24505,78.85152247,-26.94343723,5.06,11.98,10.88,-29.41,-0.067
24504,78.85171534,32.68756990,5.01,12.14,-27.05,12.47,0.222
24555,79.01724675,11.34136954,5.52,8.86,-8.52,-6.54,-0.012
24575,79.07563540,34.31221188,5.99,2.24,-4.05,43.22,0.199
24608,79.17206517,45.99902927,0.08,77.29,75.52,-427.13,0.795
24659,79.37093064,-34.89438961,4.81,29.63,93.71,-336.53,0.987
24674,79.40166225,-6.84438616,3.59,5.88,-15.31,-9.57,-0.115
24679,79.41769273,-13.51970778,5.48,20.69,-7.59,-48.49,0.932
24727,79.54395049,33.37200411,4.54,13.92,29.86,-160.98,1.252
24732,79.55521962,73.26813649,5.81,9.09,-7.94,-26.82,-0.023
24738,79.56534453,42.79218517,5.55,4.70,18.11,-30.50,1.492
24786,79.70931620,-18.13019946,5.96,40.11,385.00,61.32,0.572
24799,79.75008050,33.74846576,5.38,7.28,13.62,-29.63,-0.167
24813,79.78365993,40.10066732,4.69,79.08,519.39,-664.79,0.630
24817,79.79678985,2.59593601,5.34,16.47,-18.14,-53.30,0.412
24822,79.81912416,22.09669104,4.96,15.83,19.62,-81.08,0.937
24829,79.84214072,-50.60652008,5.44,27.70,23.00,227.39,0.517
24831,79.84869643,-27.36886420,5.98,7.31,-3.46,-8.09,-0.022
24845,79.89385817,-13.17677698,4.29,3.03,-2.49,-4.74,-0.235
24873,79.99596151,-12.31560456,5.29,9.83,-12.12,7.97,-0.104
24879,80.00383769,33.95806265,5.05,1.06,0.02,-3.68,0.287
24902,80.06118220,41.08633916,5.46,10.66,-18.10,-52.22,0.122
24914,80.09422730,62.65371666,5.64,1.65,-3.00,-2.34,1.728
24927,80.11213225,-21.23973932,4.70,7.11,10.78,-9.91,-0.048
25001,80.30286824,29.56988462,5.66,11.72,-1.54,-0.19,0.060
25028,80.38268211,-0.41649397,5.68,3.03,-0.28,1.18,-0.125
25041,80.43150654,8.42856342,5.78,4.43,-2.20,-2.97,-0.114
25044,80.44061530,-0.38246922,4.72,2.53,0.45,1.67,-0.168
25045,80.44278196,-24.77294996,5.06,11.09,-20.55,-12.99,0.662
25048,80.45168832,41.80466344,5.22,5.08,13.42,-37.38,-0.129
25110,80.64073869,79.23075701,5.08,47.66,-78.60,161.13,0.506
25142,80.70833880,3.54444809,4.99,3.39,-2.00,1.80,-0.096
25143,80.70968545,41.02925326,5.54,10.87,-12.49,2.94,0.127
25187,80.82713053,-8.41558811,5.99,6.61,-1.73,-2.91,-0.037
25194,80.85001902,-39.67843559,5.73,5.81,26.66,5.04,1.626
25197,80.86594376,57.54453138,5.24,9.59,14.94,-55.97,-0.011
25202,80.87564930,-13.92734983,5.25,1.80,1.07,-0.92,-0.219
25223,80.92628584,-0.15981294,5.69,4.03,1.21,-2.09,-0.208
25247,80.98681839,-7.80795569,4.13,18.71,-13.91,-44.80,0.943
25278,81.10545973,17.38355205,5.00,68.19,250.40,-7.42,0.544
25280,81.11861918,-16.97574213,5.64,14.84,34.67,-15.86,-0.001
25281,81.11923774,-2.39713844,3.35,3.62,-0.54,-3.21,-0.240
25282,81.12046283,-0.89166902,5.07,18.93,-5.03,140.19,0.961
25291,81.16052742,31.14316298,5.94,3.97,-10.61,-6.20,0.034
25292,81.16309201,37.38537514,5.02,6.35,-0.27,-12.13,1.445
25302,81.18677704,1.84644611,4.89,2.94,0.12,-0.60,-0.200
25329,81.25725926,-10.32884540,5.60,5.13,3.16,-17.09,1.543
25336,81.28278416,6.34973451,1.64,13.42,-8.75,-13.28,-0.224
25397,81.49926259,-19.69535296,5.78,23.24,3.43,-19.06,0.441
25428,81.57290804,28.60787346,1.65,24.89,23.28,-174.22,-0.130
25429,81.58032066,-58.91259871,5.14,6.98,-8.22,32.22,0.986
25471,81.70334709,34.39182774,5.92,2.53,-0.22,-7.33,0.138
25473,81.70928405,3.09567718,4.59,2.30,0.34,-1.11,-0.199
25488,81.77215841,-40.94377328,5.86,10.52,3.27,108.48,0.239
25492,81.78446999,30.20861412,5.69,1.41,0.27,-4.54,0.175
25499,81.79203649,17.96226766,5.40,4.88,7.88,-21.06,-0.090
25539,81.90868350,21.93698219,4.88,4.69,1.75,-6.96,-0.140
25541,81.91203061,34.47598643,5.08,8.14,-1.44,-38.81,1.400
25555,81.94002438,15.87410386,5.52,5.77,4.39,-21.26,0.015
25583,82.00666898,17.23924182,5.77,4.63,16.53,-46.15,1.634
25606,82.06135971,-20.75923214,2.81,20.49,-5.03,-85.92,0.807
25608,82.06386207,-37.23093130,5.56,11.10,11.90,67.75,0.026
25695,82.31871986,25.15030596,5.47,7.52,11.44,-37.36,-0.042
25708,82.34875680,-3.44637074,5.80,6.98,-28.01,-9.45,1.149
25737,82.43325647,-1.09217557,4.71,7.15,0.19,-26.08,1.592
25751,82.47822116,1.78926104,5.77,2.60,1.64,-0.34,-0.192
25768,82.53942437,-47.07733403,5.46,22.87,20.84,-131.94,0.615
25769,82.54254026,63.06723206,5.43,3.50,-5.92,-4.77,1.704
25790,82.60905551,15.36054290,5.93,9.47,-13.48,-38.58,0.103
25813,82.69603301,5.94821792,4.20,11.30,6.57,-32.45,-0.143
25816,82.70270666,41.46207800,5.99,8.45,2.01,-34.37,1.112
25853,82.78176520,-20.86355455,5.53,12.00,5.07,-43.02,0.012
25859,82.80306450,-35.47043592,3.86,11.77,28.36,-34.11,1.130
25861,82.81054942,3.29213510,5.46,2.08,1.28,-0.89,-0.176
25887,82.89995202,-45.92540473,5.86,6.96,18.57,36.13,1.349
25918,82.96942437,-76.34166340,5.18,32.43,143.20,287.75,1.130
25923,82.98275119,-7.30152625,4.62,2.11,-0.54,-4.44,-0.261
25930,83.00166562,-0.29909340,2.25,3.56,1.67,0.56,-0.175
25945,83.05313020,18.59424525,4.32,1.70,-0.34,-4.51,2.060
25950,83.05893591,17.05815445,5.50,2.92,-4.23,-10.85,-0.004
25980,83.17231020,-1.59183293,5.34,1.27,-2.03,0.74,-0.188
25984,83.18197584,32.19203140,4.71,0.80,-1.81,-4.00,0.281
25985,83.18255798,-17.82229227,2.58,2.54,3.27,1.54,0.211
25993,83.21407027,-38.51334582,5.45,18.92,50.43,-10.57,1.224
26001,83.24801962,-64.22751422,5.34,14.07,33.10,-1.27,1.039
26019,83.28048500,-35.13930773,5.75,11.74,100.02,-28.13,1.085
26063,83.38102882,-1.15607162,5.36,1.76,-0.55,-0.49,-0.175
26064,83.38179070,18.54023092,5.67,1.74,0.15,0.01,-0.022
26069,83.40631813,-62.48985585,3.76,3.14,1.06,12.56,0.640
26093,83.47618830,14.30559209,5.60,6.35,-1.96,-5.74,-0.118
26108,83.51689842,-1.47020476,5.92,3.87,-13.93,-19.99,1.535
26126,83.56995870,3.76693355,5.32,9.45,-29.35,-15.82,0.051
26169,83.68659342,-73.74136684,5.79,3.12,0.06,37.09,1.717
26176,83.70515764,9.48958528,4.39,3.31,-1.24,-2.49,-0.157
26197,83.75419279,-6.00926927,5.67,0.55,1.02,-0.27,-0.228
26199,83.76117163,-6.00202867,4.78,1.75,0.59,0.68,-0.248
26207,83.78449043,9.93416294,3.39,3.09,-1.03,-1.86,-0.160
26215,83.80516163,10.24010204,5.60,2.23,1.45,-3.76,0.149
26219,83.81439488,-33.08000909,5.76,10.28,28.70,117.16,1.120
26220,83.81592896,-5.38731536,4.98,-1.85,-0.92,0.13,
26221,83.81860863,-5.38969624,5.13,-1.85,-0.92,0.13,0.020
26235,83.84541591,-5.41606331,4.98,1.72,1.68,1.50,-0.097
26237,83.84650694,-4.83834045,4.58,4.15,4.29,-7.15,-0.183
26241,83.85825475,-5.90989984,2.75,2.46,2.27,-0.62,-0.210
26248,83.86300222,24.03963793,5.37,5.44,14.98,-20.22,-0.092
26268,83.91452109,-4.85608620,5.24,8.80,-1.44,8.05,0.269
26311,84.05338572,-1.20191725,1.69,2.43,1.49,-1.06,-0.184
26344,84.14677009,54.42868426,5.74,4.37,-7.14,-10.59,1.671
26345,84.14872314,-6.06475248,5.71,1.70,0.00,0.35,-0.212
26366,84.22637775,9.29141200,4.09,28.10,96.84,-304.18,0.951
26382,84.26545679,17.04040910,5.53,18.56,42.90,-34.86,0.237
26386,84.26813110,11.03504389,5.97,3.97,52.25,-16.18,1.592
26394,84.28663598,-80.47167450,5.65,54.92,311.97,1050.19,0.600
26396,84.28682553,26.92452823,5.83,6.83,11.11,-22.68,-0.075
26451,84.41118447,21.14259299,2.97,7.82,2.39,-18.04,-0.148
26460,84.43601282,-28.68979391,5.28,23.54,-37.99,42.58,0.486
26487,84.50463493,7.54145541,5.87,5.86,11.39,-14.74,-0.061
26535,84.65821979,-6.57395768,5.96,2.08,0.39,-0.42,-0.216
26536,84.65874822,30.49244147,5.40,7.29,-21.15,-11.98,0.450
26545,84.68136124,-40.70735801,5.81,6.65,-2.31,21.19,-0.078
26549,84.68652211,-2.60006791,3.77,2.84,4.61,-0.40,-0.190
26563,84.72121589,-7.21270844,4.77,21.24,-15.00,-49.55,0.139
26594,84.79644123,4.12146667,4.50,2.01,0.76,0.07,-0.098
26606,84.82630420,29.21523028,5.98,2.77,-1.48,-7.25,0.144
26624,84.87980519,-3.56470944,5.99,24.16,-3.88,2.10,0.294
26634,84.91224975,-34.07404941,2.65,12.16,-0.10,-24.05,-0.120
26640,84.93413604,25.89714891,5.18,6.58,9.75,-23.79,-0.150
26649,84.95771446,-32.62913912,5.44,8.54,-15.92,-31.62,0.913
26727,85.18968672,-1.94257841,1.74,3.99,3.99,2.54,-0.199
26736,85.21131577,-1.12878569,4.95,1.56,-1.85,-0.68,-0.197
26762,85.27328514,0.33768602,5.93,19.46,12.30,27.76,0.311
26777,85.32381426,16.53418318,4.84,4.36,5.42,-14.54,-0.125
26865,85.55815990,-22.37373687,5.88,4.26,-0.16,8.88,0.080
26868,85.56329561,-34.66793677,5.29,8.99,5.06,51.30,-0.032
26882,85.61020131,65.69770140,5.62,11.70,-0.27,-21.48,1.249
26885,85.61943491,1.47466498,4.90,10.80,-55.34,-14.85,1.144
26926,85.72461574,-6.79631491,5.97,19.94,12.26,60.59,0.447
26966,85.84024542,-18.55744324,5.73,14.45,18.45,-13.20,-0.014
27072,86.11656241,-22.44748663,3.59,111.49,-292.42,-368.45,0.481
27100,86.19341279,-65.73554080,4.34,22.48,-28.38,6.12,0.217
27196,86.47520331,49.82628283,5.46,6.76,-11.18,-11.31,0.030
27204,86.49955386,-32.30637997,5.18,2.52,3.01,-22.62,-0.274
27243,86.61402516,-46.59722012,5.31,7.09,7.80,16.33,1.040
27249,86.62653944,56.11571824,5.93,16.89,20.18,-58.91,0.164
27253,86.64566124,1.16853796,5.95,23.57,-80.05,-141.79,0.773
27280,86.71731027,9.52249963,5.78,10.88,-33.29,-64.54,0.888
27288,86.73895728,-14.82194717,3.55,46.47,-14.84,-1.18,0.104
27316,86.80478979,14.48842452,5.72,7.72,3.84,-42.30,0.077
27321,86.82118054,-51.06671329,3.85,51.87,4.65,81.96,0.171
27338,86.85915586,17.72915270,5.47,2.57,-2.05,-4.79,0.301
27364,86.92877017,13.89963175,5.28,4.08,3.52,-13.27,-0.156
27366,86.93911641,-9.66960186,2.07,4.52,1.55,-1.20,-0.168
27386,87.00096600,6.45421020,5.26,6.80,4.05,-22.20,0.234
27435,87.14543446,-4.09408727,5.97,64.25,62.39,-230.65,0.639
27468,87.25399777,24.56755473,4.88,6.25,12.07,-8.16,1.021
27483,87.29358126,39.18113322,4.51,15.34,-28.42,-25.55,0.949
27511,87.38726446,12.65136584,4.89,12.00,-21.63,-17.35,-0.068
27517,87.40231190,-14.48354987,5.49,10.51,-20.98,-47.58,0.870
27530,87.45656999,-56.16648860,4.50,18.78,81.61,-71.77,1.075
27533,87.47295636,-22.97192372,5.87,5.34,-15.31,21.41,0.055
27534,87.47313958,-66.90123090,5.10,6.37,-22.10,18.08,-0.128
27549,87.51115293,9.87122224,5.79,9.77,14.82,-1.68,0.876
27560,87.55441800,4.42349901,5.96,6.43,7.86,-38.28,1.361
27566,87.56999717,-79.36152292,5.46,12.06,-4.50,65.95,-0.076
27581,87.62043148,14.30569894,5.54,10.44,4.42,-37.43,1.006
27588,87.62510583,2.02471682,5.97,2.89,0.51,-6.94,0.953
27621,87.72174399,-52.10868730,5.16,12.33,2.42,-76.29,0.960
27628,87.73980340,-35.76929225,3.12,37.94,55.74,404.68,1.146
27629,87.74213255,27.96783335,5.60,8.66,-3.08,11.56,0.978
27639,87.76004280,37.30568175,4.72,6.86,36.96,-44.76,1.621
27654,87.82980343,-20.87751376,3.76,29.05,228.96,-647.96,0.984
27658,87.84159736,-7.51800251,5.36,1.94,0.75,-0.18,-0.195
27673,87.87246934,39.14847936,3.97,15.17,8.48,0.39,1.132
27713,88.03221102,-9.04197853,5.95,8.60,-2.97,32.31,0.100
27737,88.08409189,-57.15600008,5.93,7.86,17.99,-78.63,0.656
27743,88.09292572,14.17179382,5.60,6.33,-17.46,-2.88,-0.053
27747,88.09753810,19.86785634,5.96,2.38,-5.57,-3.14,0.549
27750,88.11017813,1.85515790,4.76,2.93,-7.09,-9.91,1.382
27766,88.13817716,-37.63099079,5.62,10.14,30.75,-29.76,1.046
27810,88.27868480,-33.80143950,4.88,9.55,-4.52,32.40,-0.154
27830,88.33184814,27.61228536,4.56,7.45,3.82,-9.58,-0.008
27890,88.52458376,-63.09102096,4.65,36.67,120.11,573.43,1.022
27913,88.59618305,20.27641498,4.39,115.43,-163.17,-98.92,0.594
27938,88.68160633,-11.77426082,5.62,4.37,75.57,28.25,1.523
27939,88.68349348,0.96861499,5.99,3.94,-2.90,0.01,1.328
27947,88.70878524,-52.63607272,5.29,28.65,-17.21,243.54,0.295
27949,88.71160776,55.70690490,4.96,13.54,-3.65,17.20,0.052
27955,88.71872485,-39.95790952,5.55,6.41,-12.71,21.58,1.515
27965,88.73619396,19.74962409,5.92,2.32,0.39,-4.14,-0.145
27971,88.74093802,59.88841219,5.20,8.05,2.00,-18.50,0.010
27973,88.74591834,31.70193276,5.90,12.72,-45.10,-179.84,0.144
27989,88.79287161,7.40703634,0.45,7.63,27.33,10.86,1.500
28010,88.87454313,-37.12060931,4.97,9.93,36.65,-24.08,1.102
28011,88.87564797,-4.61649597,5.87,10.71,27.05,-20.54,1.173
28085,89.05915111,-22.84005515,5.95,11.18,117.77,32.79,1.107
28098,89.08726177,-31.38245487,5.52,2.23,1.39,5.94,0.382
28103,89.10132627,-14.16803805,3.71,66.47,-42.23,139.02,0.337
28110,89.11681496,9.50941963,5.97,4.68,0.32,-9.91,-0.038
28139,89.20578119,11.52119572,5.89,10.62,105.96,-56.71,1.111
28199,89.38421613,-35.28330688,4.36,3.82,-2.65,11.19,-0.165
28237,89.49857371,25.95391597,4.81,1.55,-2.85,-1.69,-0.088
28271,89.60182982,1.83712742,5.89,9.24,6.01,-7.83,0.223
28287,89.65648606,-44.03458558,5.81,2.58,-12.02,9.49,1.061
28296,89.70658741,0.55297359,5.21,8.88,-15.59,2.41,0.009
28302,89.72184012,12.80825741,5.70,3.89,-8.64,2.84,0.874
28325,89.76794851,-9.55813955,5.04,9.93,8.45,-45.52,0.189
28328,89.78662719,-42.81510761,3.96,6.14,18.53,-11.45,1.146
28343,89.84076564,49.92454610,5.90,2.90,-4.57,-2.54,1.194
28358,89.88145972,54.28498197,3.72,23.22,86.31,-134.05,1.010
28360,89.88237261,44.94743492,1.90,39.72,-56.41,-0.88,0.077
28380,89.93015897,37.21276409,2.65,18.83,42.09,-73.61,-0.083
28404,89.98375587,45.93675346,4.30,3.88,-2.42,-7.32,1.701
28413,90.01393918,-3.07407681,4.53,7.77,6.87,-72.71,1.202
28484,90.20499138,-51.21655276,5.65,15.82,-29.72,95.95,0.207
28499,90.24399472,47.90197432,5.71,3.19,3.02,-21.03,-0.007
28524,90.31789213,-33.91177131,5.54,5.87,5.44,-26.39,1.580
28562,90.42938625,48.95946915,5.98,4.75,7.10,-9.89,1.437
28574,90.46010757,-10.59793918,4.92,3.33,-6.88,3.59,-0.128
28614,90.59579323,9.64736756,4.12,21.49,14.19,-37.44,0.170
28675,90.81483793,-26.28475048,5.03,8.41,66.18,84.77,1.335
28691,90.86400112,19.69061033,5.14,3.05,9.81,-20.29,-0.097
28716,90.97993150,20.13845865,4.64,0.10,2.19,-2.81,0.236
28734,91.03006890,23.26363207,4.16,21.64,-2.60,-119.72,0.835
28744,91.05626466,-6.70895020,5.19,3.55,-3.55,3.62,-0.066
28756,91.08448552,-32.17272393,5.65,3.01,-15.62,120.75,-0.186
28790,91.16736258,-45.07954967,5.93,37.01,-79.98,254.28,0.493
28812,91.24244795,5.41997005,5.67,2.96,-7.96,-0.18,1.047
28814,91.24316628,4.15867686,5.63,1.31,0.28,-2.38,1.041
28816,91.24638576,-16.48442713,4.92,3.05,-5.57,-3.17,0.196
28823,91.26425064,42.98198550,5.90,19.38,-44.61,-144.20,0.358
28854,91.36258158,-10.24265912,5.88,16.96,21.43,26.03,0.374
28855,91.36320378,-35.51368651,5.80,12.40,13.88,16.09,0.027
28899,91.52304862,-29.75852227,5.79,12.25,10.94,-41.69,0.041
28910,91.53889172,-14.93528629,4.67,19.14,-16.87,13.16,0.046
28909,91.53900939,-66.03968885,5.72,9.82,13.51,27.98,-0.024
28943,91.63376334,-23.11077641,5.46,6.86,-10.39,-28.58,0.064
28946,91.64620701,38.48277233,5.35,8.57,10.76,-52.70,0.251
28949,91.66141788,-4.19382480,5.37,1.53,-6.79,-4.65,-0.122
28984,91.73965420,-21.81229045,5.74,3.50,-6.12,-3.67,1.584
28991,91.76401174,-62.15441128,5.04,8.28,21.44,-69.66,1.256
28992,91.76528547,-34.31202171,5.82,3.10,2.83,0.44,-0.137
29034,91.88180046,-37.25292114,5.00,4.28,0.90,0.30,-0.095
29038,91.89300774,14.76852318,4.42,6.10,4.95,-21.18,-0.164
29048,91.92345906,-19.16600403,5.28,4.59,12.79,56.67,1.661
29064,91.97028171,-42.15400130,5.50,12.48,-11.08,-17.37,0.007
29134,92.18476724,-68.84345717,5.06,11.78,-50.90,19.68,-0.072
29150,92.24111381,-22.42728352,5.49,12.77,-3.85,-52.83,-0.010
29151,92.24126844,2.49972675,5.70,5.35,-1.75,-14.17,0.067
29196,92.38517315,22.19027415,5.93,0.53,-6.99,-4.97,1.626
29205,92.39389063,-14.58469045,5.56,15.35,-15.74,29.55,1.150
29225,92.43327240,23.11346966,5.75,-0.51,-1.05,-1.43,0.192
29234,92.44961008,-22.77449062,5.71,18.48,87.66,60.76,0.454
29246,92.49581101,58.93564864,5.35,9.34,17.61,18.77,1.096
29263,92.54341638,-40.35396993,5.54,3.82,-20.93,73.14,1.665
29271,92.55918047,-74.75252790,5.08,98.54,121.84,-212.82,0.714
29276,92.57463800,-54.96866057,4.72,1.97,-4.11,6.53,-0.229
29294,92.64452684,-27.15420421,5.72,9.84,-9.10,-57.18,1.072
29353,92.81256272,-65.58970507,5.01,4.86,-22.98,118.34,1.599
29379,92.88460504,24.42037914,5.83,4.33,0.99,-52.04,1.110
29388,92.90241065,48.71112468,5.78,10.49,14.30,-55.85,0.100
29417,92.96590078,-6.55028276,5.06,2.71,-3.54,-1.83,-0.201
29426,92.98498656,14.20881425,4.45,5.14,-1.59,-20.23,-0.180
29433,93.00557898,19.79057155,5.76,3.36,1.96,-11.82,-0.071
29434,93.01365054,16.13044684,4.95,4.21,5.57,-16.77,-0.149
29451,93.08387494,32.69338941,5.78,2.31,-8.69,-4.02,1.646
29490,93.21271986,65.71849922,5.36,5.08,7.23,-31.75,1.344
29575,93.47601857,-3.74142288,5.83,10.36,-18.42,20.25,0.910
29616,93.61910415,17.90637842,5.86,7.21,-2.89,-10.63,0.253
29629,93.65294439,-4.56846315,5.83,5.28,-6.50,2.35,-0.155
29650,93.71223277,19.15688949,5.20,47.33,-95.78,-181.59,0.430
29651,93.71390194,-6.27472737,3.99,5.06,-6.18,-20.06,1.319
29655,93.71956952,22.50682376,3.31,9.34,-62.53,-10.24,1.600
29679,93.78500463,-20.27226037,5.88,3.51,2.37,30.66,1.322
29678,93.78523916,13.85107261,5.91,2.38,24.21,10.65,-0.231
29692,93.82379533,-18.47701325,5.99,15.66,19.43,-61.46,1.058
29696,93.84473576,29.49871224,4.32,19.31,-70.90,-261.73,1.021
29704,93.85469568,16.14320591,5.34,6.80,1.61,-12.66,-0.101
29711,93.87358260,-4.91463574,5.99,15.03,22.68,-34.41,0.097
29716,93.89315534,-0.51165873,5.62,28.02,-158.04,-218.33,0.506
29730,93.91878235,59.99903422,5.37,6.54,28.54,-24.14,1.339
29735,93.93699498,-13.71838696,5.00,8.70,12.26,-11.08,-0.078
29736,93.93735931,12.55107067,5.44,2.33,-3.21,-1.54,0.015
29771,94.03206851,-16.61800865,5.97,3.90,-9.19,0.90,-0.167
29800,94.11070845,12.27171030,5.04,51.00,83.07,186.28,0.431
29807,94.13806399,-35.14073157,4.37,17.83,0.39,87.58,0.978
29842,94.25512509,-37.73764950,5.54,10.78,1.35,83.91,1.129
29850,94.27756971,9.94253598,5.39,12.85,5.10,-59.86,0.106
29852,94.28988535,-37.25344284,5.88,16.10,-5.51,-22.63,0.139
29860,94.31770235,5.09969578,5.70,51.76,-189.37,171.18,0.610
29895,94.42388578,-16.81591325,5.15,5.75,-14.87,2.07,1.293
29919,94.47846658,61.51529221,5.01,5.53,-9.61,-2.37,1.843
29941,94.55721559,-19.96699189,5.51,3.28,-5.84,7.22,-0.163
29996,94.71075178,-9.38996323,5.36,6.38,4.34,-22.68,1.239
29997,94.71158258,69.32003430,4.76,18.55,-1.64,-101.65,0.025
30011,94.74573891,-20.92562047,5.79,1.77,-3.32,3.90,-0.155
30060,94.90579498,59.01090518,4.44,21.88,-3.51,24.43,0.032
30069,94.92063879,-34.39659537,5.76,8.24,4.39,1.84,-0.080
30073,94.92833719,-7.82291023,5.27,3.96,-4.31,0.70,-0.177
30093,94.99835160,-2.94449028,4.91,6.44,-7.31,-1.00,1.613
30099,95.01761580,14.65116899,5.67,5.95,-6.26,-17.27,1.578
30122,95.07827982,-30.06337656,3.02,9.70,8.00,3.81,-0.160
30143,95.15099685,-34.14419295,5.55,1.62,0.42,19.94,-0.182
30214,95.35299081,-11.77324372,5.48,1.95,-4.25,2.37,0.002
30247,95.44211705,53.45239515,5.34,17.54,22.24,-88.91,0.448
30277,95.52852147,-33.43627251,3.85,13.75,-24.19,-52.48,0.858
30321,95.65929247,-69.98412773,5.56,5.48,25.96,34.75,1.510
30324,95.67494750,-17.95591658,1.98,6.53,-3.45,-0.47,-0.240
30342,95.73278618,-56.36992070,5.60,19.87,-40.24,-20.04,0.242
30343,95.73996302,22.51385027,2.87,14.07,56.84,-108.79,1.621
30419,95.94207368,4.59283881,4.39,25.39,-20.88,10.75,0.215
30436,95.98297443,-25.57752992,5.61,4.68,3.57,-40.92,1.561
30438,95.98787763,-52.69571799,-0.62,10.43,19.99,23.67,0.164
30444,96.00424570,-36.70789674,5.62,10.58,-12.79,54.66,1.027
30457,96.04313846,-11.53000982,5.21,7.76,-55.56,-32.11,1.230
30463,96.05783068,-60.28139797,5.78,11.37,-30.78,29.99,-0.001
30520,96.22459158,49.28789903,4.92,0.85,0.82,-2.48,1.905
30545,96.31836214,-0.94535265,5.88,30.22,238.30,-218.04,0.564
30565,96.36937934,-69.69078672,5.37,12.25,-13.25,200.75,0.971
30591,96.43189775,-48.17684903,5.76,4.83,-3.81,-20.28,-0.061
30651,96.60776525,56.28504370,5.53,12.01,-25.21,21.57,0.238
30666,96.66496281,-1.50726444,5.87,14.26,-10.11,-29.40,0.070
30679,96.70366348,58.41741346,5.21,4.78,-5.52,-1.77,1.538
30703,96.76723213,-58.00210529,5.82,5.38,-8.51,-4.43,1.279
30717,96.80733207,0.29926632,5.19,3.43,2.90,-8.25,1.186
30720,96.81496020,-0.27598684,5.55,4.35,1.62,-5.19,1.376
30728,96.83531772,2.90825624,5.55,11.15,-43.38,13.01,1.035
30772,96.98988336,-4.76214677,5.06,2.41,-4.23,-3.14,-0.175
30788,97.04257272,-32.58012947,4.47,8.03,-13.78,24.24,-0.169
30827,97.14203636,30.49306993,5.75,2.09,0.34,-14.95,0.779
30836,97.15587229,-17.46603282,5.76,7.69,16.89,9.83,1.118
30840,97.16351878,-32.37129738,5.74,3.96,-2.14,7.55,-0.160
30867,97.20447548,-7.03305042,3.76,4.72,-7.00,-4.97,-0.113
30883,97.24079361,20.21216720,4.13,6.49,-5.98,-14.08,-0.115
30932,97.36891553,-56.85284448,5.20,10.44,-38.15,32.34,1.087
30953,97.45469519,-50.23895882,5.28,19.33,-67.56,-51.83,0.371
30972,97.51241701,46.68553561,5.88,6.15,-6.64,7.50,1.448
30986,97.54700158,-10.08150589,5.92,0.52,-7.27,-2.27,1.373
31037,97.69288857,-27.76958910,5.92,2.89,-7.55,5.87,-0.156
31039,97.69642228,58.16345682,5.86,17.56,-30.02,-338.85,0.934
31072,97.80457202,-35.25886111,5.82,4.02,-2.48,8.55,0.813
31079,97.82591372,-51.82620719,5.58,26.87,102.50,104.60,0.534
31084,97.84591544,-12.39190922,5.16,9.51,42.10,-17.87,1.262
31119,97.95120180,11.54434340,5.22,15.44,17.61,28.16,0.185
31121,97.95861449,-8.15818115,5.43,3.75,-9.21,-22.16,1.373
31125,97.96403433,-23.41843727,4.34,1.59,-2.72,6.45,-0.245
31137,97.99296524,-58.75384073,5.69,4.50,-0.67,2.39,-0.057
31159,98.08010878,4.85599529,5.88,6.30,-35.56,1.57,0.997
31165,98.08888798,-37.69651376,5.25,11.95,73.30,-77.42,0.982
31167,98.09637360,-5.86871833,5.60,23.13,-0.87,-41.78,0.256
31173,98.11334517,32.45494059,5.82,11.86,-26.51,-17.52,0.188
31190,98.16241008,-32.03045378,5.73,3.89,-2.84,2.87,-0.180
31216,98.22595658,7.33297921,4.47,2.16,-3.89,-5.80,0.023
31277,98.40072046,14.15537477,5.57,12.75,-14.27,-87.02,1.105
31278,98.40800314,-1.22011054,5.09,6.08,2.14,-17.68,-0.132
31299,98.45621385,-36.23226731,5.42,8.02,-15.31,97.95,1.419
31362,98.64720407,-32.71626113,5.62,6.70,3.18,2.70,-0.085
31407,98.74411397,-52.97563454,4.35,1.85,-7.65,11.33,-0.021
31416,98.76408302,-22.96483318,4.54,7.92,13.11,16.52,-0.035
31434,98.80025751,28.02234399,5.26,7.30,-0.41,-12.46,-0.008
31446,98.81595606,0.89022204,5.78,1.14,-3.36,-2.33,0.004
31448,98.82331871,9.98835403,5.93,2.06,0.34,-7.70,1.508
31457,98.85093436,-36.77993005,5.59,5.62,-8.31,20.82,-0.130
31564,99.09524032,-18.65994454,5.71,11.79,-11.82,16.82,0.848
31579,99.13682373,38.44555210,5.40,1.80,-1.76,-21.41,2.773
31583,99.14720939,-5.21110831,5.52,3.91,2.99,-14.33,-0.082
31592,99.17082883,-19.25570928,3.95,50.41,62.32,-69.91,1.037
31599,99.19416835,-13.32097688,5.95,4.24,-2.16,-24.25,1.562
31637,99.30767433,-36.99068388,5.72,1.97,-9.85,13.59,-0.112
31665,99.40999549,56.85750718,5.87,10.12,-9.26,9.79,0.006
31676,99.42350092,61.48190031,5.94,18.82,-208.21,-274.56,0.899
31681,99.42792641,16.39941482,1.93,31.12,-2.04,-66.92,0.001
31685,99.44029869,-43.19592394,3.17,7.71,-0.43,-3.99,-0.103
31688,99.44809882,-32.33989066,5.25,8.24,108.96,64.13,1.177
31700,99.47260802,-18.23745713,4.42,7.03,-6.86,-8.47,1.137
31737,99.59591342,28.98439129,5.76,7.74,-18.70,-15.52,-0.001
31765,99.65680209,-48.22023129,5.05,7.48,3.92,19.83,0.997
31771,99.66480928,39.39111530,5.70,10.30,-22.05,-107.49,1.367
31789,99.70494411,39.90258791,5.34,4.30,-8.37,-11.99,-0.075
31827,99.81965168,-14.14574673,4.82,2.07,4.58,-7.00,1.459
31832,99.83261264,42.48901214,4.80,7.54,-0.97,-55.65,1.236
31870,99.92777365,-30.47002424,5.70,13.54,-7.33,-191.92,1.134
31876,99.94885571,12.98280259,5.99,11.28,-15.00,-14.14,0.063
31897,100.01211946,-80.81372235,5.61,8.07,-5.08,53.37,0.214
31940,100.12015519,77.99579710,5.75,5.63,14.25,-6.02,1.488
31946,100.13434964,71.74875988,5.88,4.92,4.23,10.70,1.223
31978,100.24442101,9.89576021,4.66,3.19,-0.66,-2.51,-0.233
31992,100.27268782,0.49533540,5.79,2.82,-7.48,-5.04,-0.094
32064,100.48485939,-9.16742468,5.21,8.63,34.99,-46.05,1.525
32104,100.60134402,17.64551421,5.20,23.41,6.97,-86.87,0.063
32173,100.77086794,44.52452351,5.04,10.66,-45.05,-30.28,1.479
32226,100.91102453,3.93253483,5.88,-0.14,-0.60,-2.88,-0.046
32246,100.98304088,25.13115531,3.06,3.61,-5.93,-12.81,1.377
32249,100.99705857,13.22814319,4.49,11.82,-2.29,-51.80,1.167
32292,101.11862078,-31.07053787,5.23,1.25,-3.04,6.24,-0.127
32311,101.18943633,28.97098912,5.42,5.72,-8.75,-23.65,1.445
32349,101.28854105,-16.71314306,-1.44,379.21,-546.01,-1223.08,0.009
32362,101.32263980,12.89605513,3.35,57.02,-115.16,-190.91,0.443
32366,101.34616795,-31.79292174,5.92,41.20,-204.91,-304.13,0.491
32385,101.37996161,-30.94899076,5.62,2.06,-3.11,4.20,-0.138
32402,101.47383863,-52.40971351,5.81,2.37,-3.55,9.14,1.551
32411,101.49750507,-14.79608441,5.30,8.19,-11.02,-17.63,0.075
32438,101.55896951,59.44169108,4.86,14.26,-18.11,-8.67,0.084
32439,101.56028979,79.56627808,5.44,56.02,-99.03,-603.61,0.525
32463,101.63507823,8.58716910,5.92,2.92,-4.99,-6.76,-0.173
32474,101.66259605,-10.10736196,5.66,6.09,-10.77,0.77,-0.048
32480,101.68474593,43.57702483,5.24,60.56,-0.28,165.49,0.575
32489,101.70622699,57.16927050,5.34,15.69,13.90,-38.79,0.964
32492,101.71289080,-14.42599569,5.28,5.08,-3.14,10.24,-0.024
32494,101.71955730,-51.26544940,5.39,3.60,-22.01,-89.56,1.330
32531,101.82795802,-55.54004918,5.60,5.45,-0.86,25.08,1.549
32533,101.83268467,8.03728277,4.77,6.73,-23.34,-11.84,1.396
32537,101.83919491,-37.92967246,5.27,9.85,-9.92,-10.57,-0.078
32558,101.90509833,-8.99850109,5.08,2.49,-4.21,-0.61,1.795
32562,101.91491974,48.78946087,5.22,7.69,-5.25,6.40,1.131
32578,101.96523679,2.41218914,4.48,8.74,-12.97,-12.36,1.099
32607,102.04807134,-61.94197988,3.24,32.96,-68.39,242.03,0.225
32609,102.05096806,55.70444959,5.54,21.26,57.71,-104.75,
32617,102.07953302,-1.31883901,5.75,24.95,-37.74,-34.33,0.292
32677,102.24057628,-15.14471091,5.39,5.37,-0.56,-6.04,-0.096
32698,102.31839228,-2.27202783,5.75,5.84,-8.82,-4.33,-0.098
32740,102.42224358,32.60687904,5.72,10.63,-39.68,-50.71,1.298
32753,102.45768904,16.20291318,5.87,3.52,-14.94,-10.44,-0.136
32759,102.46027285,-32.50848752,3.50,4.13,-9.18,4.04,-0.116
32761,102.46381712,-53.62249221,4.41,5.90,-2.27,17.57,0.899
32765,102.47757095,-46.61547007,5.14,39.66,-0.56,374.38,0.460
32768,102.48390349,-50.61439973,2.94,17.85,34.23,-65.85,1.207
32809,102.59072133,-17.08455798,5.77,2.10,-6.80,1.27,1.435
32810,102.59729100,-31.70609416,5.74,4.54,-1.70,15.12,0.094
32814,102.60624923,13.41319516,5.68,2.17,-1.86,-7.55,1.329
32844,102.69151315,41.78156548,4.99,8.95,-23.94,-138.02,1.256
32851,102.70757903,-0.54042726,5.78,33.45,22.12,-187.07,0.396
32855,102.71812209,-34.36732059,4.99,3.60,4.52,0.85,1.379
32864,102.73786720,67.57192306,5.14,3.76,0.93,4.58,-0.152
32912,102.86241294,-70.96347336,5.41,5.84,4.02,25.56,-0.110
32921,102.88770733,21.76123162,5.28,6.16,-6.11,-34.48,-0.020
32938,102.92687429,-36.23012600,5.94,18.14,-40.47,-59.14,0.183
32968,103.00004886,23.60174256,5.68,6.36,-39.29,-10.11,1.467
33018,103.19725030,33.96136985,3.60,16.59,-2.66,-47.67,0.102
33024,103.20619730,8.38044841,5.75,15.98,-32.90,-30.86,0.270
33048,103.27109036,59.44865494,5.34,7.40,-10.84,-45.93,0.675
33077,103.32851233,-19.03277877,5.65,9.90,-48.87,6.49,0.279
33092,103.38712732,-20.22426366,4.82,2.02,-5.14,4.07,-0.212
33104,103.42600463,68.88829173,5.11,3.26,4.53,7.30,-0.114
33152,103.53314518,-24.18422296,3.89,1.65,-3.46,5.02,1.740
33160,103.54783633,-12.03859273,4.08,12.94,-139.04,-14.47,1.418
33184,103.60273751,-1.12696090,5.44,6.73,14.01,-14.27,0.167
33202,103.66080771,13.17801628,4.73,35.79,70.19,-77.79,0.321
33248,103.76140934,-20.40485094,5.80,5.39,0.38,-10.35,0.048
33277,103.82787799,25.37563643,5.74,57.89,-35.75,25.14,0.573
33302,103.90582904,-20.13659348,4.66,34.21,51.35,39.75,0.374
33316,103.94554133,-22.94144950,5.29,1.51,-3.24,4.18,-0.163
33345,104.02769490,-14.04344644,5.00,3.59,-1.70,6.89,1.182
33347,104.03427636,-17.05424675,4.36,1.06,-2.46,1.91,-0.063
33357,104.06662140,-48.72116448,4.94,3.07,1.57,8.40,1.668
33372,104.10767805,9.95659959,5.90,5.81,-16.05,-8.98,-0.085
33377,104.13358487,46.27398621,5.85,3.95,-3.59,4.98,-0.079
33384,104.14366809,-79.42018913,5.45,9.17,-1.54,-1.61,0.041
33415,104.23387146,46.70553754,5.88,9.76,-92.66,-76.25,1.093
33421,104.25223594,33.68103629,5.91,8.47,-24.49,0.99,0.878
33449,104.31916052,58.42305973,4.35,19.14,6.58,-123.53,0.850
33478,104.39153761,-24.63105594,5.45,25.94,-96.27,88.42,0.390
33485,104.40468738,45.09410202,4.90,14.49,-21.67,-3.18,0.027
33558,104.60460729,-34.11172588,5.07,4.29,-16.54,7.15,-0.154
33575,104.64959747,-25.41416976,5.59,3.13,-6.65,5.27,-0.162
33579,104.65644451,-28.97208931,1.50,7.57,2.63,2.29,-0.211
33603,104.73761182,3.60236429,5.96,3.52,-3.59,-3.65,1.056
33682,104.96074141,-67.91701197,5.18,11.26,-27.00,234.21,1.396
33694,105.01603320,76.97744152,4.55,17.43,73.18,-13.88,1.365
33715,105.06593512,16.07900547,5.73,0.56,-0.44,-3.02,1.641
33729,105.09900277,-8.40682482,5.95,2.97,-7.18,1.69,-0.075
33779,105.21460498,-51.40263360,5.14,5.28,-21.64,20.12,1.652
33804,105.27478853,-25.21564581,5.64,3.17,-4.58,4.65,-0.165
33827,105.33914914,70.80833421,5.69,7.14,12.75,-15.80,1.337
33856,105.42979876,-27.93484165,3.49,2.68,-6.01,4.64,1.729
33878,105.48497076,-5.72208135,5.22,4.78,-14.49,6.58,1.687
33914,105.57287660,15.33606893,5.78,5.06,4.79,-25.03,1.140
33927,105.60326930,24.21544652,5.20,1.97,-6.46,-0.40,0.953
33929,105.60634028,17.75545510,5.96,2.41,21.03,27.15,1.518
33937,105.63872677,16.67446500,5.86,1.70,-11.92,-7.32,1.659
33971,105.72824798,-4.23923814,4.99,2.92,-4.73,2.81,-0.195
33977,105.75613986,-23.83330131,3.02,1.27,-1.56,4.28,-0.077
34000,105.81295570,-59.17813539,5.50,6.77,-9.98,10.93,-0.125
34002,105.82470567,9.13834729,5.96,12.59,-23.58,3.06,0.126
34017,105.87647681,29.33909345,5.93,52.37,155.73,-828.01,0.595
34033,105.90863811,10.95184577,5.14,4.39,-2.03,-11.98,1.391
34045,105.93955493,-15.63325876,4.11,8.11,-0.81,-11.20,-0.112
34059,105.97356647,-49.58425759,4.92,16.98,-53.69,139.00,0.140
34065,105.98916816,-43.60898397,5.56,61.54,-102.70,388.95,0.624
34081,106.01169961,-42.33745341,5.20,10.34,-18.14,71.48,0.198
34086,106.02187558,-5.32397100,5.63,2.50,-3.57,-3.20,1.290
34088,106.02723079,20.57029939,4.01,2.79,-5.72,-0.96,0.899
34105,106.07632905,-56.74973130,5.14,11.55,10.99,2.85,-0.032
34215,106.41250410,9.18583678,5.78,5.80,41.94,-14.99,1.513
34267,106.54845981,34.47408682,5.55,10.68,-55.00,-49.06,0.909
34301,106.66986950,-11.29401875,5.41,1.15,-3.27,1.96,0.033
34339,106.77952459,-40.89329560,5.80,3.87,-10.62,11.30,-0.158
34349,106.80542082,-51.96838790,5.96,5.78,-11.91,42.99,0.996
34358,106.84338053,34.00936165,5.94,4.79,-18.27,-30.43,1.507
34360,106.84412120,-23.84073435,5.75,1.10,-2.55,5.11,-0.117
34387,106.95618723,7.47129491,5.74,5.74,6.69,-33.29,1.176
34440,107.09184320,15.93092642,5.47,10.68,-5.02,-103.52,1.020
34444,107.09785853,-26.39320776,1.83,1.82,-2.75,3.33,0.671
34473,107.17642280,-70.49734046,5.68,22.16,17.17,104.08,0.436
34481,107.18676883,-70.49919435,3.78,23.02,23.71,108.06,1.006
34495,107.21281817,-39.65567374,4.83,4.34,-10.97,7.01,-0.179
34579,107.42928078,-25.23104384,5.69,1.78,-4.94,3.95,-0.158
34622,107.55700787,-4.23763568,4.91,15.45,0.00,217.85,1.020
34624,107.58052770,-27.49152460,5.46,5.07,-9.40,1.87,0.998
34670,107.69791141,-48.93257706,5.12,10.43,-17.24,196.97,1.251
34693,107.78496505,30.24528065,4.41,10.81,-31.00,-48.40,1.261
34722,107.84616679,26.85666896,5.75,8.36,-20.57,-33.50,0.130
34724,107.84846508,-0.30190562,5.44,12.49,-27.37,-9.12,0.310
34752,107.91371845,39.32054373,4.91,7.02,44.17,2.09,1.451
34758,107.92337859,-20.88311563,5.84,6.67,-9.30,21.62,-0.038
34769,107.96608486,-0.49278056,4.15,8.70,-0.22,6.68,-0.005
34798,108.05090950,-25.94260947,5.91,4.54,-5.28,8.62,-0.170
34802,108.06592133,-40.49877843,5.30,7.51,-18.85,-12.36,0.072
34817,108.10762542,-36.54439953,5.94,3.61,-9.76,7.48,-0.145
34819,108.10994955,24.12870291,5.85,9.34,-15.74,-44.94,0.397
34834,108.14058722,-46.75956448,4.49,47.22,-135.60,106.79,0.324
34888,108.27998092,-11.25136060,5.77,4.93,-2.75,8.04,1.508
34899,108.30571289,-45.18252474,4.87,17.97,-24.84,-88.24,-0.003
34909,108.34277923,16.15906775,5.07,4.66,14.66,-41.80,1.653
34912,108.34747243,51.42871249,5.46,4.22,8.19,13.44,1.640
34914,108.35003994,-22.67414589,5.99,4.18,24.69,-39.10,1.481
34922,108.38429537,-44.64052957,4.42,16.46,107.12,325.32,1.331
34975,108.54529505,-3.90175914,5.80,5.32,-34.21,-8.09,1.585
34981,108.56340179,-26.35251617,4.42,2.07,-6.58,3.89,-0.170
34982,108.56467751,-9.94753938,5.90,1.39,-4.69,2.80,1.528
34987,108.58360689,3.11142128,5.36,4.35,-5.21,-3.01,1.193
35005,108.63604311,12.11586588,5.71,9.85,-50.09,-17.02,1.007
35020,108.65893526,-48.27192832,4.75,9.20,-4.18,0.63,-0.091
35025,108.67476926,24.88520186,5.84,9.68,54.80,-89.50,1.554
35029,108.69177379,-46.84967225,5.72,7.67,-10.15,0.10,-0.109
35037,108.70275679,-26.77268601,4.01,3.53,-11.50,7.67,-0.150
35044,108.71328410,-27.03792355,5.58,11.96,-40.79,-29.65,1.220
35054,108.73812657,-41.42641755,5.95,5.91,3.39,9.56,-0.146
35083,108.83783435,-30.68647453,5.36,5.05,-13.01,11.43,-0.155
35084,108.83861519,-52.49951781,5.96,8.39,-42.22,120.13,1.099
35120,108.91423401,7.97773709,5.78,5.40,23.64,2.20,1.537
35127,108.93009963,-10.58360286,5.95,8.12,29.20,-1.01,1.173
35136,108.95880519,47.24041621,5.54,59.31,29.44,-186.12,0.576
35146,108.97924939,59.63809569,5.20,16.88,-101.07,-258.69,1.081
35152,108.98823076,27.89742666,5.75,3.02,-14.07,-3.24,1.605
35180,109.06075146,-15.58565483,5.46,11.79,-44.29,-14.07,0.079
35181,109.06446675,-46.77461104,5.64,4.71,1.64,32.07,1.441
35202,109.13273708,-38.31894033,5.81,4.80,-7.91,4.93,-0.133
35205,109.14583928,-27.88127313,4.66,7.20,-12.48,38.83,1.589
35210,109.15348700,-23.31560155,4.83,0.52,-4.91,3.01,1.601
35226,109.20589876,-36.59264813,5.03,3.40,-10.39,6.21,-0.161
35228,109.20762844,-67.95717248,3.97,4.94,-4.11,8.50,0.760
35264,109.28568399,-37.09748689,2.71,2.98,-10.57,7.00,1.616
35304,109.39050118,52.13111463,5.93,5.35,-0.63,-17.80,1.259
35341,109.50927066,40.88336298,5.87,12.18,-15.04,12.15,0.181
35347,109.51773775,-43.98677255,5.86,5.25,-9.82,-5.56,-0.117
35350,109.52336162,16.54047526,3.58,34.59,-46.09,-37.90,0.106
35363,109.57667037,-36.73396660,4.65,3.85,-11.29,1.85,-0.099
35384,109.63324602,49.46474619,5.00,10.97,-1.36,3.91,0.087
35393,109.63966607,-39.21030701,5.24,6.95,-9.95,9.01,0.026
35406,109.65913632,-36.74274935,5.11,3.90,-10.15,5.90,-0.170
35412,109.66825335,-24.55870761,4.88,1.09,-2.84,2.68,-0.160
35415,109.67703283,-24.95438447,4.37,1.02,-1.82,3.74,-0.132
35427,109.71366298,-26.58587077,5.29,2.41,-7.77,6.70,0.956
35476,109.84321714,2.74071985,5.90,6.27,-2.18,-10.75,1.069
35487,109.86700585,-16.39491266,5.70,22.71,165.37,-136.41,0.346
35509,109.94837319,7.14309133,5.91,16.86,61.20,-59.18,0.537
35550,110.03078890,21.98233941,3.50,55.45,-18.72,-7.76,0.374
35564,110.08940661,-52.31188250,5.50,28.75,-35.17,147.45,0.483
35589,110.16172862,-52.08592527,5.38,6.61,-8.17,0.46,-0.069
35615,110.24288294,-14.36048847,5.59,5.86,-10.50,-0.35,0.971
35626,110.26808505,-25.89167605,5.87,4.51,-11.92,13.44,1.604
35643,110.32308085,45.22817039,5.74,28.99,-49.53,12.12,0.342
35699,110.48708081,20.44371648,5.09,7.61,-62.05,-23.95,1.528
35710,110.51120175,36.76063782,5.12,13.90,-98.60,-22.08,1.082
35712,110.51448965,0.17712559,5.99,0.61,1.92,-2.01,-0.069
35727,110.55637515,-19.01658444,4.94,6.31,-1.66,-6.43,-0.039
35749,110.60582057,-5.98280807,5.83,3.59,-12.53,-8.44,0.352
35785,110.71692703,55.28146955,5.80,6.96,-11.23,-32.04,-0.078
35795,110.75292901,-31.92379021,5.40,2.28,-8.54,3.73,-0.161
35846,110.86897550,25.05060041,5.04,21.17,-66.59,-28.44,0.902
35848,110.87072892,-27.83428348,5.37,5.94,26.39,-4.14,1.539
35855,110.88291983,-32.20207858,5.41,2.82,-7.85,4.55,-0.169
35904,111.02377104,-29.30311979,2.45,1.02,-3.76,6.66,-0.083
35907,111.03529509,40.67244066,5.23,4.48,-3.35,-21.11,1.249
35941,111.13935024,27.63781901,5.77,15.57,14.32,15.45,0.368
35951,111.16745993,-16.20142374,5.18,3.45,-4.65,-20.15,-0.035
35957,111.18278416,-31.80892621,5.35,5.91,-21.37,8.73,1.071
35984,111.23782838,51.88734396,5.80,2.84,9.46,-35.14,1.610
35987,111.24245464,11.66955984,5.37,10.28,-16.29,-14.91,0.105
35998,111.28515547,-13.75197556,5.79,28.72,-202.90,-0.91,0.432
36024,111.35530599,-25.21776450,5.79,1.01,-8.66,-0.89,-0.103
36039,111.40911866,-79.09420265,5.54,6.99,-29.88,5.95,1.281
36041,111.41207798,9.27611835,4.99,3.30,-2.95,-8.65,0.991
36046,111.43198371,27.79828561,3.78,25.90,-121.28,-84.43,1.024
36055,111.46334907,-5.77495377,5.98,1.72,-6.02,-2.92,0.901
36114,111.59106537,-51.01849597,5.09,5.80,-5.50,6.09,1.038
36143,111.67696453,-34.14070792,5.90,3.35,-8.10,6.36,-0.153
36145,111.67858726,49.21164489,4.61,13.11,-10.79,-48.57,-0.001
36156,111.73470421,20.25758199,5.94,8.04,2.26,-10.36,0.336
36168,111.74786303,-23.08603328,5.65,2.30,-6.65,4.04,-0.134
36186,111.78329832,-17.86486511,5.60,11.63,-3.27,1.56,0.314
36188,111.78780121,8.28940893,2.89,19.16,-50.28,-38.45,-0.097
36236,111.92891065,-22.85919757,5.98,3.70,-1.28,-0.42,-0.088
36238,111.93497685,21.44554856,5.20,29.38,-49.56,-123.90,0.455
36251,111.96526084,-11.55686168,5.79,3.23,-2.13,-2.31,0.583
36258,111.99653073,-29.15590180,5.55,4.84,-10.12,2.32,-0.048
36265,112.00865288,6.94207694,5.22,9.28,-3.38,-44.85,0.221
36284,112.04095607,8.92550376,4.33,8.20,-59.29,10.76,1.425
36345,112.21316505,-31.84841156,5.95,5.60,-11.55,4.40,-0.156
36348,112.21452104,48.18403758,5.70,7.95,-3.18,-44.36,-0.092
36362,112.27050532,-31.45622952,5.78,2.85,-10.44,5.47,-0.185
36363,112.27379583,-38.81210490,5.41,5.86,-21.01,16.42,-0.148
36366,112.27754045,31.78407932,4.16,54.06,159.33,193.82,0.320
36377,112.30782630,-43.30189129,3.25,17.74,-59.86,188.73,1.509
36388,112.32781398,-1.90530704,5.60,2.00,-11.58,-9.00,1.493
36393,112.33526392,28.11840380,5.07,20.00,-33.30,-52.91,0.120
36396,112.34212843,-10.32665700,5.75,3.52,-6.96,-2.73,1.616
36399,112.35670842,-7.55147431,5.86,35.95,50.78,125.93,0.487
36425,112.44909205,12.00661101,4.55,5.82,1.26,-19.26,1.276
36429,112.45325480,27.91619925,5.01,8.51,-23.96,-21.67,1.117
36431,112.46422560,-23.02429924,4.85,1.01,-2.65,4.94,0.243
36439,112.48273588,49.67266207,5.35,50.25,110.40,-82.01,0.470
36444,112.49893731,-52.65128759,5.87,9.87,-22.51,53.54,1.010
36496,112.62877606,-54.39943169,5.95,7.53,13.27,27.46,1.585
36514,112.67754202,-30.96228313,4.65,1.86,-11.74,0.84,0.904
36528,112.71958057,68.46572700,5.63,7.20,-2.22,-43.68,1.100
36547,112.76866761,82.41156871,4.92,6.89,-3.71,-42.31,1.633
36616,112.95154548,17.08622915,5.45,10.81,42.65,-75.39,1.126
36640,113.02423825,-8.88091851,5.90,33.40,-92.20,-167.52,0.540
36641,113.02479230,1.91448227,5.24,4.14,-2.12,-0.56,0.230
36721,113.29074012,-24.71078019,5.84,10.66,-1.83,20.07,0.156
36723,113.29864650,3.29027472,5.59,23.44,-15.73,42.84,0.321
36732,113.33145749,-19.41235409,5.64,11.15,24.10,-70.23,1.121
36760,113.40207910,15.82669239,5.27,8.69,-29.28,-12.62,0.055
36773,113.44986614,-14.52390109,4.82,0.97,-7.73,3.62,1.362
36778,113.46270622,-36.33840157,5.42,2.56,-8.59,4.11,-0.078
36795,113.51335813,-22.29618077,4.44,38.91,-40.38,46.84,0.521
36812,113.56622524,3.37173632,5.83,4.82,-3.19,-4.53,-0.018
36817,113.57780754,-23.47366319,5.06,34.41,-88.67,0.97,0.468
36848,113.64510631,-27.01244868,5.78,10.41,-46.86,71.46,1.045
36850,113.65001898,31.88863645,1.58,63.27,-206.33,-148.18,0.034
36896,113.78673794,30.96091010,5.34,10.78,-25.16,5.83,1.010
36917,113.84557180,-28.36927798,4.65,14.50,-66.90,-18.71,-0.111
36942,113.91541745,-52.53380809,4.93,8.28,23.44,-11.57,1.373
36962,113.98071783,26.89600343,4.06,13.57,-39.58,-108.08,1.540
36981,114.01623979,-14.49277322,5.66,1.97,-6.29,0.88,-0.067
37023,114.13190951,46.18036783,5.66,6.29,-28.39,-32.92,1.560
37031,114.14487545,5.86210427,5.89,22.92,-108.76,27.66,0.602
37036,114.17099481,-19.70235325,5.69,1.92,-8.12,6.20,-0.165
37043,114.18302388,-48.83016970,5.69,6.56,-7.55,0.87,-0.037
37046,114.19602820,55.75515475,5.93,11.63,-10.87,-39.00,1.123
37088,114.31971063,-4.11102250,5.14,16.11,-67.41,17.74,0.442
37096,114.34216663,-34.96857044,4.53,9.10,-13.65,16.53,-0.081
37140,114.47449454,48.77391150,5.93,12.44,-32.62,-28.48,0.221
37173,114.57519746,-25.36478805,4.69,5.92,-2.28,-6.70,-0.100
37174,114.57588221,-48.60144811,5.68,0.65,-4.18,5.13,0.683
37204,114.63681646,35.04848403,5.58,10.65,37.26,27.28,0.921
37223,114.68293452,-36.49684165,5.78,3.38,-6.84,4.84,-0.148
37229,114.70783872,-26.80389240,3.80,7.18,-17.00,23.08,-0.159
37265,114.79148501,34.58463287,4.89,20.62,-35.97,-118.03,0.413
37279,114.82724194,5.22750767,0.40,285.93,-716.57,-1034.58,0.432
37297,114.86397492,-38.30806020,4.84,5.68,-21.35,16.03,-0.189
37300,114.86912974,17.67451551,5.04,6.13,2.26,1.34,1.616
37322,114.93262285,-38.13932810,5.73,5.33,-22.54,16.90,-0.125
37329,114.94951052,-38.26067563,5.76,2.92,-10.37,9.71,-0.071
37345,114.99163231,-37.57941274,5.99,2.41,-1.41,-3.89,-0.040
37364,115.05638028,-19.66089028,5.92,4.53,-3.67,11.85,1.158
37369,115.06134304,38.34456671,5.77,4.00,-40.19,-11.53,1.654
37379,115.09671685,-15.26385208,4.98,4.82,-2.27,-28.04,1.543
37391,115.12954787,87.02015634,5.05,6.53,-53.48,-26.85,1.604
37428,115.24384521,23.01855829,5.93,2.14,-7.21,-13.04,1.561
37441,115.30185616,48.13185153,5.58,10.01,-52.69,-130.99,1.011
37447,115.31198612,-9.55108315,3.94,22.61,-74.80,-19.64,1.022
37450,115.31595047,-38.53357185,5.41,5.28,-20.74,16.34,-0.130
37478,115.39648613,3.62482750,5.95,6.47,-2.20,-20.11,-0.032
37504,115.45498347,-72.60613528,3.93,24.36,33.38,15.29,1.033
37508,115.46611813,13.48051383,5.79,4.15,-35.61,-24.95,1.669
37521,115.51341314,14.20852972,5.55,3.19,-0.98,-10.81,1.642
37590,115.70064325,-26.35125398,5.64,9.79,-2.51,-29.55,0.990
37606,115.73817103,-45.17177284,5.04,41.43,-77.76,-553.41,0.765
37609,115.75190700,58.71048707,4.93,13.75,-36.99,-52.11,0.104
37623,115.79999230,-36.05012400,5.60,5.45,-21.14,14.17,-0.130
37629,115.82785545,28.88407170,4.23,26.68,61.84,-231.26,1.118
37648,115.88498187,-28.41095714,4.63,3.34,-13.62,29.79,1.632
37664,115.92428224,-40.93332961,5.12,15.13,131.14,-171.23,1.104
37677,115.95196716,-28.95483520,3.94,-0.37,-4.57,3.88,0.160
37701,116.01744892,50.43386115,5.31,4.73,-9.29,-27.78,-0.001
37704,116.02884762,25.78421056,5.30,5.48,-13.40,-21.21,1.535
37710,116.04059732,-36.06271326,5.80,22.99,-79.39,85.83,0.320
37740,116.11195237,24.39812929,3.57,22.73,-22.45,-56.24,0.932
37751,116.14238612,-24.67409186,5.62,1.75,-4.27,5.23,-0.191
37752,116.14249707,-37.94295545,5.89,5.36,-22.23,15.72,-0.115
37819,116.31376631,-37.96859848,3.62,2.35,-10.77,5.97,1.706
37826,116.33068263,28.02631031,1.16,96.74,-625.69,-45.95,0.991
37853,116.39657467,-34.17655092,5.36,65.79,-220.83,1722.89,0.589
37891,116.48698643,-14.56382026,5.03,13.80,-11.17,6.28,0.342
37901,116.50900614,-6.77228458,5.49,13.68,48.91,-93.07,1.378
37908,116.53122379,18.51016877,4.89,9.55,-75.55,-51.53,1.425
37915,116.54399474,-37.93370008,5.87,5.16,-19.53,12.37,-0.111
37921,116.56757952,10.76831128,5.25,10.44,-30.87,-24.45,0.018
37946,116.66358038,37.51736326,5.15,9.99,30.18,12.70,1.588
37949,116.66682971,65.45563092,5.93,9.82,28.15,18.39,1.183
37995,116.80232686,-22.51953536,5.90,3.30,-7.61,10.34,-0.180
38010,116.85416576,-38.51115599,5.07,2.63,-9.94,4.69,-0.112
38016,116.87640290,33.41576665,5.14,5.80,-18.81,-28.63,1.635
38020,116.88129103,-46.60850937,5.22,1.95,-3.57,7.95,-0.151
38048,116.98659214,-12.19289276,5.48,33.06,-104.67,77.39,0.478
38070,117.02156206,-25.93718054,4.40,1.32,-10.22,4.92,-0.070
38089,117.08436527,-47.07753199,4.69,14.36,-101.31,-78.38,1.039
38146,117.25706910,-24.91224336,5.32,10.16,-34.68,14.71,0.751
38152,117.27800960,-56.41038485,5.57,3.49,-6.58,10.20,1.116
38159,117.30361005,-46.85774089,5.82,1.70,-3.32,9.67,-0.142
38160,117.30394188,-60.28402896,5.78,28.62,-37.41,140.08,0.428
38164,117.30957923,-46.37322729,4.10,1.66,-4.62,9.04,-0.160
38167,117.31105571,-35.24330796,5.94,6.82,-6.14,8.88,-0.051
38170,117.32357809,-24.85978401,3.34,2.42,-5.56,-0.71,1.218
38200,117.39761883,-33.28895425,5.61,4.72,-37.43,1.79,1.617
38210,117.42081658,-66.19597303,5.78,7.12,-1.81,-0.58,-0.040
38211,117.42153403,-17.22812300,5.17,12.87,54.17,-117.17,1.282
38253,117.54406881,-9.18344160,5.60,2.32,0.02,0.10,1.446
38267,117.59951934,-50.50936470,5.89,12.59,-66.60,-42.50,1.088
38373,117.92498666,1.76687765,5.12,7.76,-13.97,-3.78,-0.116
38375,117.92939105,-21.17374245,5.62,11.90,-45.76,33.27,0.956
38382,117.94309895,-13.89719057,5.16,59.98,-68.46,-344.83,0.600
38414,118.05435622,-40.57579889,3.71,9.46,-13.89,5.30,1.012
38423,118.06584635,-34.70602121,5.01,55.48,-198.24,238.13,0.470
38427,118.07868058,-14.84617833,5.69,2.75,-7.73,1.34,0.368
38438,118.12394382,-54.36718432,5.70,2.23,-5.44,8.01,-0.151
38455,118.16105542,-38.86282206,4.49,5.09,-9.49,4.02,-0.188
38474,118.19946278,-5.42818693,5.76,24.45,-21.36,-28.80,0.412
38497,118.26464297,-36.36377387,5.44,4.31,-10.82,1.82,1.161
38500,118.26517655,-49.61307949,4.63,4.53,-8.44,14.65,-0.228
38518,118.32567862,-48.10294824,4.22,1.68,-4.90,5.89,-0.130
38538,118.37431874,26.76585858,4.97,12.82,-34.02,-31.17,0.098
38593,118.54588048,-35.87729557,5.48,4.07,-3.88,3.41,-0.175
38639,118.67807760,47.56459225,5.47,6.42,-48.40,1.48,1.462
38656,118.72246913,-57.30288338,5.62,9.50,-69.25,31.64,1.298
38712,118.88099024,8.86305710,5.86,26.21,-6.92,-89.51,0.369
38722,118.91626746,19.88406657,5.38,9.61,-14.67,-39.79,-0.035
38783,119.07772578,-60.52646168,5.74,2.62,-4.33,10.59,1.554
38827,119.19475729,-52.98240062,3.46,8.43,-28.38,16.76,-0.177
38835,119.21482616,-22.88014849,4.20,6.49,-29.61,12.28,0.718
38846,119.24087180,-43.50042396,5.36,2.91,-10.60,5.31,-0.166
38848,119.24778711,15.79038246,5.80,7.06,-28.28,-41.64,1.285
38872,119.32679394,-44.10987569,5.08,2.54,-11.48,6.92,-0.166
38901,119.41713237,-30.33458703,4.76,2.26,-8.11,7.14,0.151
38908,119.44293578,-60.30336068,5.59,61.76,518.38,118.86,0.573
38917,119.46555642,-45.57774475,5.14,10.87,-17.29,31.33,1.263
38957,119.56018303,-49.24492865,4.47,2.80,-7.48,6.91,-0.180
38962,119.58644862,2.22452544,5.30,12.33,-162.54,99.28,0.933
38994,119.71065387,-60.82448838,5.77,3.17,-4.54,10.73,-0.082
39014,119.75754809,-45.21586305,5.98,3.03,-11.58,7.92,-0.143
39023,119.77384363,-23.31040264,5.09,4.15,-11.74,2.75,1.111
39061,119.86843828,-39.29683773,5.22,17.28,-78.34,-43.68,0.400
39070,119.90644286,-60.58708857,5.19,3.12,-3.52,11.27,1.758
39079,119.93410303,-3.67957835,4.93,13.06,-55.17,-1.84,1.205
39095,119.96689649,-18.39914242,4.61,13.69,-7.29,-35.07,0.087
39117,120.04898399,73.91801010,5.37,4.66,-8.43,-37.40,1.424
39138,120.08320513,-63.56750271,4.81,6.02,-1.88,19.31,-0.173
39177,120.19714045,17.30870968,5.60,4.52,-10.34,-2.73,1.317
39184,120.20818254,-54.15129599,5.87,4.66,-26.20,8.56,-0.134
39191,120.23275932,25.39282019,5.87,2.90,17.78,6.49,1.021
39211,120.30540155,-1.39242418,4.69,6.90,65.97,-75.73,1.475
39213,120.30795569,4.87977849,5.65,9.42,-32.14,18.55,0.013
39221,120.33644785,59.04731836,5.78,22.94,25.30,32.64,0.421
39236,120.37619077,16.45532309,5.99,6.91,4.25,-5.94,-0.024
39251,120.40636615,-37.28373201,5.90,5.48,-2.31,4.97,0.147
39311,120.56647202,2.33431429,4.39,12.49,-28.04,105.49,1.252
39360,120.68662049,-41.30986539,5.52,6.71,-6.11,15.23,-0.152
39380,120.76737445,-32.46357097,5.83,6.29,-13.05,9.61,1.225
39424,120.87957982,27.79441794,4.94,12.66,-28.53,-35.25,1.130
39429,120.89612561,-40.00318846,2.21,2.33,-30.82,16.77,-0.269
39487,121.06747264,-32.67484684,5.25,1.39,-5.31,7.48,1.882
39527,121.17669801,-50.59039998,5.96,2.40,-8.61,1.70,1.213
39538,121.19660915,79.47974268,5.39,9.88,-36.46,-53.75,-0.040
39566,121.26544452,-53.10791360,5.52,8.29,2.46,-3.08,1.347
39567,121.26879080,13.11837053,5.14,15.49,-35.20,-63.86,0.018
39659,121.57666469,22.63551163,5.96,5.21,-7.43,-9.03,1.652
39690,121.66809949,-45.26604229,5.04,2.63,-5.28,11.00,1.488
39734,121.82519225,-20.55434589,5.33,2.67,-10.36,1.65,0.100
39757,121.88625899,-24.30443677,2.83,51.99,-83.29,46.38,0.458
39780,121.94100510,21.58197937,5.30,42.86,23.08,-67.23,0.642
39794,121.98266997,-68.61713647,4.35,5.08,-29.88,30.58,-0.113
39847,122.11459795,51.50667575,4.78,14.96,-60.10,-2.15,0.048
39863,122.14857362,-2.98377649,4.36,1.76,-16.79,-3.89,0.970
39903,122.25357658,-61.30170580,4.74,46.75,-155.04,-297.69,0.437
39906,122.25684770,-19.24500094,4.40,6.90,-9.97,-5.46,-0.160
39919,122.28964371,-48.68440955,5.66,3.75,-10.30,-1.26,-0.101
39943,122.36891634,-16.24890678,5.66,3.54,-8.83,-6.19,-0.153
39953,122.38314727,-47.33661177,1.75,3.88,-5.93,9.90,-0.145
39957,122.39013231,-56.08547484,5.66,8.58,1.56,37.14,0.204
39961,122.39967933,-44.12277919,5.20,2.87,-11.98,2.54,-0.173
39970,122.42983160,-47.93721650,5.23,3.54,-6.31,9.60,-0.199
39995,122.51583214,58.24842270,5.91,5.82,-19.45,-74.21,1.365
40023,122.61344988,25.50817993,5.73,23.82,-71.82,-348.06,0.825
40035,122.66656902,-13.79934746,5.53,44.47,-250.56,57.68,0.488
40077,122.79501934,-48.46200365,5.83,4.48,-17.24,4.02,-0.146
40084,122.81800545,-12.92701835,4.72,17.64,-26.04,8.08,0.939
40091,122.83958436,-39.61855304,4.44,1.74,-8.91,3.10,1.590
40096,122.85790344,-42.98728888,4.73,0.70,-5.33,4.60,0.164
40107,122.88762397,-7.77247623,5.36,10.32,-42.98,-25.84,0.892
40155,122.99988027,-46.64436989,5.77,2.23,-3.65,7.61,0.626
40167,123.05295353,17.64813756,4.67,39.11,28.29,-150.94,0.531
40215,123.20328577,68.47405416,5.34,3.07,-1.05,7.32,1.037
40240,123.28697716,29.65658620,5.62,3.74,-10.39,-20.48,-0.073
40259,123.33322933,-15.78821451,4.99,2.65,-11.52,-2.85,1.066
40274,123.37301019,-35.89954225,4.78,3.33,-7.30,10.07,-0.110
40282,123.39261076,-50.19606698,5.52,4.33,21.68,-1.96,1.651
40285,123.40068034,-46.99165320,5.14,3.36,-10.31,10.34,-0.139
40305,123.45916037,56.45231827,5.88,6.59,-21.44,-29.59,1.016
40321,123.49299197,-36.32229977,5.09,2.77,-8.66,7.89,-0.184
40326,123.51202967,-40.34773028,4.42,10.50,44.84,-65.79,1.170
40344,123.55537215,-35.49007215,5.77,14.38,-46.16,21.91,1.024
40357,123.59949300,-45.83454842,5.86,3.61,-8.83,10.71,-0.176
40429,123.81647486,-62.91561677,5.16,13.47,-26.87,-10.95,0.086
40526,124.12895101,9.18566295,3.53,11.23,-46.80,-48.65,1.481
40646,124.46008016,59.57112846,5.63,10.73,-4.22,1.85,0.182
40678,124.57244799,-35.45170517,5.59,7.90,11.40,1.01,1.246
40680,124.57823985,-65.61324550,5.06,11.01,20.70,22.11,1.129
40693,124.59908460,-12.62976955,5.95,79.48,279.30,-989.03,0.754
40702,124.63027850,-76.91998251,4.05,51.40,109.84,106.92,0.413
40706,124.63913830,-36.65953286,4.44,35.06,-111.27,100.62,0.222
40772,124.82159867,62.50713912,5.73,6.93,-20.48,8.41,0.891
40793,124.88421821,75.75686931,5.55,11.18,32.28,15.76,0.902
40817,124.95414818,-71.51499632,5.33,8.35,-17.29,37.04,-0.063
40834,125.00232960,-71.50546247,5.63,8.25,-17.73,35.09,-0.099
40843,125.01613464,27.21862138,5.13,55.17,-18.38,-376.26,0.487
40866,125.08721890,20.74783186,5.80,6.39,64.81,-45.59,1.137
40875,125.10832165,57.74324466,5.89,31.57,57.08,13.92,0.421
40881,125.13395549,24.02235699,5.92,7.78,-20.67,-17.84,-0.039
40888,125.16203304,-77.48457640,4.34,21.22,-129.09,40.78,1.161
40932,125.30042487,-57.97323049,5.96,1.37,-3.07,4.24,-0.092
40943,125.33770565,-36.48419365,5.18,2.00,-8.04,6.98,-0.187
40944,125.33843502,-20.07901245,5.58,7.25,-2.58,-18.81,0.771
40945,125.34597645,-33.05437199,4.83,3.89,-11.31,2.38,1.419
40990,125.47776027,-17.58630046,5.71,11.40,-92.42,-13.93,1.050
41003,125.51884143,-73.40005893,5.28,9.16,-31.12,30.19,0.014
41037,125.62860299,-59.50953829,1.86,5.16,-25.34,22.72,1.196
41039,125.63207774,-48.49039742,4.79,2.16,-6.28,6.81,-0.146
41074,125.70808174,-26.34823475,5.88,-0.06,-5.06,6.20,0.379
41075,125.70887544,43.18837233,4.25,8.39,-25.62,-99.44,1.550
41080,125.72542177,-7.54313579,5.92,3.92,-9.84,6.28,1.635
41081,125.72991589,-52.12377702,5.89,13.68,-22.75,19.48,0.018
41117,125.84113148,18.33228008,5.94,8.26,-53.59,-33.05,0.175
41152,125.95220483,53.21995142,5.52,19.46,-27.58,-98.39,0.125
41191,126.08492509,-80.91471955,5.67,12.93,-151.92,213.07,1.018
41211,126.14640836,-3.75117744,5.61,36.75,-211.00,-25.83,0.478
41242,126.22998546,-23.15381698,5.67,5.17,-26.59,29.66,0.066
41250,126.23839828,-42.76985034,5.97,1.05,-12.12,6.83,-0.159
41260,126.26565742,-24.04626227,5.32,6.44,-28.98,20.49,1.476
41296,126.38058013,-51.72745683,5.18,4.84,-14.68,17.14,-0.164
41299,126.39812618,2.10224935,5.74,5.42,-21.42,-16.40,1.528
41307,126.41529546,-3.90636482,3.91,26.09,-66.05,-24.20,-0.012
41312,126.43435936,-66.13652042,3.77,30.21,-35.83,-152.15,1.132
41321,126.46507032,-64.60065452,5.95,9.11,-15.03,15.18,0.971
41323,126.46634614,-42.15310407,5.45,4.01,-16.47,13.36,-0.142
41325,126.47828013,7.56452889,5.13,9.08,-33.74,-9.57,0.934
41328,126.48165253,-14.92975540,5.96,9.79,-10.96,38.68,0.167
41375,126.61345247,-3.98729976,5.60,18.83,-34.28,-73.76,0.218
41377,126.61553314,27.89386239,5.58,8.19,-34.48,-114.89,1.421
41395,126.67502883,-12.53453988,5.52,12.17,-92.03,-25.69,1.167
41400,126.68312445,12.65486252,5.56,3.10,-17.37,-103.01,1.608
41451,126.81994813,-70.09359517,5.51,11.43,-18.51,46.57,-0.024
41483,126.90271156,-53.08853976,5.08,16.01,-67.63,24.72,0.256
41515,126.99760675,-35.11378822,5.75,3.26,-6.91,11.03,-0.151
41578,127.15561552,14.21085416,5.94,10.60,-13.81,-13.08,0.201
41616,127.26982565,-47.92893948,5.33,1.99,-7.77,6.72,-0.140
41621,127.28155350,-44.16043155,5.82,2.04,-7.39,7.50,-0.160
41639,127.36453332,-44.72482773,5.03,0.47,-5.85,6.41,-0.168
41674,127.44022551,-46.33172799,5.98,5.18,-25.27,14.48,-0.127
41676,127.44289151,67.29741477,5.89,10.12,-65.13,10.67,0.972
41704,127.56679232,60.71843110,3.35,17.76,-134.31,-107.73,0.856
41723,127.61924898,-32.15928753,5.61,2.73,-12.67,0.97,1.509
41816,127.87738017,24.08121618,5.71,13.75,-82.12,-45.72,0.327
41817,127.87893332,-19.57743956,5.42,8.56,-33.24,-9.14,-0.061
41822,127.89902880,18.09455771,5.33,6.60,-60.05,-56.50,1.567
41861,128.02072039,-53.21196039,5.68,3.57,-16.20,16.78,0.582
41909,128.17718645,20.44127049,5.33,10.46,-44.65,-44.71,1.252
41935,128.22939892,38.01678677,5.88,15.53,-104.55,-172.32,1.106
42001,128.41019515,-38.84883270,5.92,3.95,-21.04,7.43,-0.114
42008,128.43119460,4.75701524,5.89,0.60,-14.30,-6.17,1.066
42028,128.50682149,-2.15160482,5.80,10.00,-33.38,20.68,0.007
42080,128.65078050,65.14527349,5.47,20.63,-47.06,-42.50,0.207
42088,128.68170313,-49.94424627,5.01,3.72,-12.56,17.66,1.304
42090,128.68293147,36.41971903,5.76,10.17,-26.73,-41.19,0.051
42129,128.81491578,-58.22476298,5.27,3.39,-21.11,11.56,-0.133
42134,128.83186765,-58.00929470,4.84,14.21,53.80,27.30,0.981
42146,128.86754708,-7.98233083,5.72,12.15,-21.98,16.14,-0.004
42147,128.86967445,-26.84353277,5.95,3.89,-31.26,18.68,0.393
42172,128.96272402,6.62053814,5.91,37.68,-134.77,-131.00,0.530
42177,128.96683262,-50.96967696,5.79,6.99,-13.69,10.46,-0.132
42265,129.27410956,9.65559645,5.92,7.07,-27.15,-6.77,0.083
42286,129.32852740,-62.85341217,5.45,9.74,-10.96,-21.91,1.013
42312,129.41100573,-42.98910371,4.11,2.27,-10.38,9.47,0.109
42313,129.41419739,5.70379868,4.14,18.21,-70.27,-6.99,0.003
42334,129.46736838,-26.25497008,5.24,13.49,-23.44,-12.23,-0.030
42365,129.57915784,32.80202805,5.96,8.88,-24.29,-3.04,1.111
42372,129.59274761,53.40157520,5.66,13.55,-76.32,-14.66,0.964
42402,129.68936993,3.34147477,4.45,9.25,-19.03,-16.29,1.216
42425,129.77136771,-70.38665235,5.19,13.64,19.21,-38.05,0.013
42430,129.78362446,-22.66290580,5.05,50.20,-268.26,424.08,0.720
42438,129.79892615,65.02069298,5.63,70.07,-27.73,87.90,0.618
42452,129.82354649,52.71169928,5.91,8.21,-29.26,-31.38,1.167
42459,129.84944512,-53.43982462,5.45,7.23,-23.97,23.51,-0.132
42483,129.92704475,-29.56086189,4.86,13.83,-25.41,-91.25,0.900
42504,129.99009397,-53.05478181,5.18,7.61,-25.81,21.49,-0.147
42509,130.00633068,-12.47537441,4.98,7.78,-79.88,0.93,1.415
42515,130.02556894,-35.30830091,3.97,8.40,9.68,-21.18,0.936
42527,130.05374429,64.32787175,4.59,12.92,-59.42,26.44,1.179
42535,130.07287030,-53.01545412,5.56,6.91,-25.47,23.17,-0.125
42536,130.07337168,-52.92197259,3.60,6.59,-24.62,35.09,-0.168
42540,130.08007139,-40.26389330,5.20,11.63,-55.93,7.66,-0.027
42564,130.14690182,-45.19111481,5.67,3.43,3.36,5.01,1.664
42568,130.15431317,-59.76101468,4.31,2.31,-6.87,4.92,-0.117
42570,130.15656369,-46.64875492,3.77,1.05,-6.30,4.29,0.670
42604,130.25436677,45.83378521,5.35,18.11,27.19,92.49,0.993
42614,130.27218464,-48.92268900,5.90,2.03,-4.64,3.62,-0.186
42624,130.30475030,-47.31714129,4.74,1.72,-10.53,6.87,0.137
42637,130.33167303,-78.96342637,5.46,10.32,-29.31,27.58,-0.101
42662,130.43055822,-15.94314865,4.87,15.98,3.54,-96.82,1.063
42679,130.48713962,-45.41072610,5.20,1.21,-5.90,5.02,0.171
42712,130.56748955,-48.09909900,5.48,1.93,-4.92,3.51,-0.172
42715,130.57922931,-53.10011485,5.49,6.75,-23.22,24.05,-0.127
42726,130.60587670,-53.11404062,4.83,6.80,-24.88,23.21,-0.173
42795,130.80139680,12.68087080,5.62,3.17,-9.98,2.10,0.435
42799,130.80619315,3.39866539,4.30,6.99,-19.14,-1.29,-0.192
42806,130.82172127,21.46859609,4.66,20.58,-106.94,-39.25,0.010
42828,130.89811451,-33.18641133,3.68,3.86,-14.28,10.60,-0.180
42834,130.91781669,-49.82281081,5.15,2.15,-3.56,3.65,-0.197
42835,130.91825129,-7.23372781,4.63,5.40,-11.68,-1.05,0.840
42884,131.09985828,-42.64932331,4.05,14.27,-23.88,19.46,0.874
42911,131.17129209,18.15486399,3.94,23.97,-17.10,-228.46,1.083
42913,131.17582214,-54.70856797,1.93,40.90,28.78,-104.14,0.043
42917,131.18768592,10.08171256,5.63,8.00,-13.55,-17.39,-0.069
42923,131.21638717,-37.14725990,5.74,2.28,-8.27,4.27,-0.139
43012,131.48014451,-79.50457035,5.79,5.83,-26.11,81.26,1.595
43023,131.50689464,-46.04153920,3.87,2.10,-12.23,4.82,0.015
43026,131.51021822,-2.04876829,5.70,11.71,39.64,46.73,1.097
43067,131.59386440,-13.54770494,4.32,14.38,17.57,-6.22,0.900
43082,131.62729635,-45.91251639,5.43,0.99,-4.97,4.87,0.238
43103,131.67430955,28.76000509,4.03,10.94,-20.69,-43.95,1.007
43105,131.67733004,-56.76979718,4.50,5.97,-9.40,8.64,-0.169
43109,131.69435930,6.41890691,3.38,24.13,-231.04,-40.17,0.685
43121,131.73357081,12.11007629,5.89,16.38,-65.20,-51.06,0.120
43142,131.81253189,-1.89705972,5.28,9.61,-37.64,11.12,0.058
43148,131.82853523,-46.15542775,5.71,0.90,-3.83,5.21,0.554
43234,132.10825351,5.83788486,4.35,9.67,-17.51,-29.79,-0.044
43305,132.34057358,-3.44297063,5.30,7.45,-19.57,-21.70,-0.080
43325,132.41319515,-40.32015599,5.47,2.05,-9.76,-0.76,0.066
43347,132.44853466,-45.30790977,4.94,3.94,-12.39,14.42,0.043
43352,132.46458755,-32.78040797,5.19,14.26,-1.86,-48.22,0.876
43370,132.50934024,-29.46301021,5.86,3.47,-15.79,5.43,0.948
43409,132.63338051,-27.71005869,4.02,15.63,-133.49,88.16,1.272
43413,132.63943261,-46.52919614,5.09,1.21,-2.76,3.84,-0.205
43414,132.64450311,-66.79322494,5.34,19.04,92.61,100.38,0.423
43496,132.89349889,-7.17721266,5.55,6.68,-48.79,-5.34,0.150
43499,132.90221780,-57.63361532,5.59,4.55,-15.29,15.56,-0.102
43531,132.98684264,43.72649196,5.15,11.91,-13.91,45.63,0.971
43550,133.04187782,42.00288543,5.98,6.80,-32.72,-61.99,1.251
43553,133.04907327,45.31290010,5.96,6.06,-11.02,-33.32,1.233
43584,133.14426783,32.47412331,5.67,16.01,-3.78,13.88,0.224
43587,133.15055377,28.33138843,5.96,79.80,-485.48,-234.40,0.869
43589,133.16090445,-48.35909798,5.92,3.00,-13.44,0.33,-0.148
43603,133.20008562,-38.72413106,5.79,3.72,-3.06,18.39,1.508
43644,133.34404121,61.96221364,5.72,11.45,-9.98,22.30,0.305
43669,133.45278722,-60.35393124,5.78,2.37,-10.05,9.22,-0.088
43671,133.46083652,-47.52071984,5.31,12.49,-5.97,-23.85,0.275
43721,133.56126962,30.57917723,5.40,8.93,38.97,-25.57,1.050
43783,133.76192355,-60.64471195,3.84,10.45,-28.18,42.24,-0.104
43797,133.79898826,-54.96554657,5.70,41.41,24.23,-91.20,0.481
43798,133.80174626,-18.24120659,5.75,7.67,17.87,7.11,1.327
43813,133.84868687,5.94552770,3.11,21.64,-99.76,14.65,0.978
43825,133.88131490,-27.68162589,4.87,14.40,83.00,-100.92,0.142
43834,133.91537004,27.92756265,5.23,5.68,-14.98,-33.37,1.000
43851,133.98148374,11.62605826,5.44,5.60,-13.33,-14.42,1.462
43878,134.08032510,-52.72351071,4.68,8.68,-16.58,14.60,-0.115
43894,134.12740931,40.20156718,5.90,13.81,-81.85,-38.31,0.378
43899,134.14221654,-16.70868242,5.95,4.42,-8.89,-27.02,1.544
43903,134.15619484,64.60403054,5.57,10.59,-32.93,-81.88,0.877
43908,134.17451360,-85.66323432,5.43,20.73,-116.27,33.74,0.306
43923,134.20857178,45.63175477,5.72,14.21,-125.02,-44.75,1.125
43932,134.23597642,32.91058931,5.44,16.73,-53.39,-65.58,0.181
43937,134.24344613,-59.22935883,4.93,5.25,-8.43,8.65,-0.182
43970,134.31213728,15.32271727,5.22,20.39,61.23,18.46,0.149
44001,134.39651273,15.58123453,5.68,20.30,60.93,19.01,0.209
44024,134.48155402,-48.57293357,5.88,3.04,-16.42,9.63,1.060
44066,134.62165408,11.85777198,4.26,18.79,41.45,-29.22,0.141
44075,134.68243659,-16.13324587,5.80,46.90,244.35,213.46,0.521
44093,134.71844252,-47.23482313,5.17,14.77,-84.40,55.68,0.268
44127,134.80349479,48.04234956,3.12,68.32,-441.12,-215.21,0.223
44143,134.85158738,-59.08439697,5.17,38.20,-174.60,281.78,0.417
44154,134.88618568,32.41864339,5.23,10.19,-44.33,-34.61,0.913
44191,135.02266724,-41.25373789,4.45,16.19,-40.67,54.59,0.646
44248,135.16146765,41.78344401,3.96,60.86,-487.67,-219.29,0.463
44256,135.19061260,-60.96384715,5.80,2.59,-4.42,7.76,1.211
44283,135.28536477,-68.68391841,5.89,4.28,16.20,1.01,1.634
44299,135.33698096,-41.86429036,5.56,6.92,-18.74,14.80,-0.135
44307,135.35053849,32.25229474,5.89,6.40,0.30,0.72,0.088
44337,135.43572156,-52.18871825,5.23,7.46,-14.67,13.53,-0.120
44356,135.49173102,-0.48284175,5.64,5.32,-46.67,69.24,1.163
44382,135.61166181,-66.39584369,4.00,26.24,-2.01,-95.80,0.145
44390,135.63635792,67.62957486,4.74,11.35,-22.08,18.15,1.542
44405,135.68444595,24.45293256,5.45,7.14,-2.56,-7.13,-0.041
44406,135.68676211,7.29826333,5.85,4.91,-9.32,1.43,1.100
44471,135.90649494,47.15665934,3.57,7.71,-37.37,-55.39,0.007
44504,136.00167862,54.28387681,5.74,9.69,-1.38,4.12,0.034
44511,136.03883562,-47.09771376,3.75,10.55,-46.82,-9.57,1.174
44599,136.28679299,-72.60269387,4.47,7.18,-8.44,-4.72,0.607
44613,136.35044363,48.53035841,5.48,9.37,-12.03,-18.22,0.475
44626,136.40992522,-70.53852074,4.66,3.02,-4.36,9.89,-0.149
44659,136.49324097,5.09234249,4.99,2.69,-18.97,-11.01,1.189
44700,136.63245022,38.45225024,4.56,4.81,-28.37,-14.34,1.037
44798,136.93676819,10.66821521,5.23,6.74,-20.36,-9.96,-0.092
44816,136.99907126,-43.43262406,2.23,5.69,-23.21,14.28,1.665
44818,137.00029758,29.65422729,5.42,12.56,-31.08,3.39,0.888
44824,137.01190516,-25.85853691,4.62,6.69,35.83,0.49,1.594
44857,137.09805477,66.87333335,5.15,6.54,-23.01,-40.54,1.514
44883,137.17580020,-8.58951324,5.60,3.63,-21.20,-4.42,-0.057
44892,137.19758758,26.63001213,5.95,31.98,-139.12,-370.44,0.654
44897,137.21335301,33.88249742,5.95,52.25,-191.06,-115.40,0.585
44901,137.21827365,51.60472728,4.46,34.12,-137.81,-32.48,0.288
44923,137.26770246,-18.32859911,5.73,12.52,-63.20,20.86,0.000
44936,137.29792608,-12.35770752,5.76,7.09,20.75,0.61,0.937
44946,137.33972475,22.04544728,5.16,8.57,-0.48,-0.70,0.970
44961,137.39824927,-8.78763061,5.47,5.08,-17.77,-7.05,1.002
45001,137.48504809,-30.36528248,5.59,15.35,-2.15,-48.86,0.179
45038,137.59802574,67.13423886,4.80,48.87,12.88,-90.85,0.489
45075,137.72887992,63.51378087,4.67,26.79,99.16,-60.96,0.381
45080,137.74210535,-58.96693014,3.43,7.79,-17.67,14.14,-0.190
45085,137.76834415,-44.86791223,4.99,-0.26,-4.42,4.32,0.222
45101,137.81986611,-62.31701587,3.96,6.53,-38.04,15.93,-0.180
45122,137.88912076,-46.58392947,5.78,2.85,-7.17,7.65,-0.218
45158,137.99487892,-19.74774055,5.72,10.85,-55.93,46.45,0.977
45189,138.12725463,-43.61329176,5.56,5.23,-22.34,12.25,-0.107
45219,138.23176998,-59.41396656,5.54,6.87,5.55,15.65,0.846
45238,138.30100329,-69.71747245,1.67,29.34,-157.66,108.91,0.070
45270,138.39364708,-47.33843989,5.92,5.88,-25.00,13.35,-0.051
45290,138.45095799,43.21791261,5.30,5.69,-28.41,-36.23,-0.130
45314,138.53429096,-44.14585354,5.85,6.26,-24.23,12.97,-0.113
45328,138.57510250,-55.56970109,5.26,5.11,-32.89,29.44,0.980
45333,138.58562984,61.42339501,5.18,51.12,-8.67,-31.84,0.605
45336,138.59080529,2.31502422,3.89,25.34,112.57,-306.07,-0.060
45344,138.60210323,-43.22752192,5.24,5.86,-25.01,12.02,-0.137
45386,138.73819127,-37.60236629,5.85,5.20,4.08,-12.26,0.827
45410,138.80781962,14.94153670,5.36,4.65,-39.61,-12.33,1.319
45412,138.80982607,34.63339985,5.98,7.17,-157.52,47.81,0.839
45439,138.90317393,-38.56991789,4.92,14.49,-71.22,-10.06,1.084
45448,138.93778941,-37.41312644,4.63,19.69,13.85,-7.26,0.473
45455,138.95753521,56.74147744,5.28,4.79,-24.81,-29.15,1.568
45461,138.96979130,72.94646226,5.93,11.21,-85.32,-56.00,0.179
45493,139.04699516,54.02171207,4.80,27.55,49.14,59.79,0.199
45496,139.05042678,-57.54143764,4.34,6.08,-27.77,-14.77,1.602
45505,139.09598912,-44.26574592,5.12,0.81,-2.54,4.66,1.636
45526,139.17240336,-8.74475953,5.49,4.73,-15.94,0.02,-0.081
45527,139.17384091,-6.35315487,5.24,11.70,24.94,4.27,1.172
45544,139.23791125,-39.40145479,5.31,9.18,-29.76,-34.59,1.166
45556,139.27261834,-59.27526115,2.21,4.71,-19.03,13.11,0.189
45559,139.28221716,-14.57405765,5.83,8.37,-17.27,-4.63,1.049
45571,139.32250201,-68.68957252,5.38,29.83,-109.18,-28.45,0.415
45581,139.35504716,-74.89439024,5.28,4.52,-16.33,31.85,0.021
45585,139.36514198,-74.73467629,5.86,12.37,-29.08,35.19,-0.024
45590,139.37985665,46.81719916,5.96,8.89,14.11,11.91,0.063
45631,139.52454326,-51.05089519,5.26,7.57,-21.00,14.83,-0.062
45661,139.60809965,35.36412574,5.94,6.46,-48.17,-18.99,0.177
45675,139.67650557,-51.56065990,5.83,0.17,-5.22,3.50,0.474
45688,139.71111394,36.80289763,3.82,26.75,-32.61,-123.78,0.066
45743,139.88796486,-15.83453443,5.79,8.14,36.93,-52.86,1.285
45751,139.94332821,-11.97488214,4.77,10.20,-27.92,12.16,0.927
45811,140.12094162,-9.55562948,4.80,13.39,-13.42,-26.80,0.913
45856,140.23679302,-62.40463293,4.79,14.65,-14.29,0.20,0.926
45860,140.26441169,34.39252592,3.14,14.69,-222.80,14.78,1.550
45902,140.37332838,-25.96541642,4.71,6.25,-12.28,-9.20,1.633
45915,140.43041783,56.69924850,5.79,6.84,-10.55,-11.91,1.511
45920,140.45878607,-55.51487092,5.61,11.84,-64.28,76.25,0.190
45924,140.46224949,-42.19473814,5.56,5.77,60.21,-50.28,1.637
45941,140.52845511,-55.01069531,2.47,6.05,-10.72,11.24,-0.141
45962,140.59997928,-46.04750246,5.74,5.72,-3.02,23.71,0.903
46026,140.80140137,-28.83392305,4.71,17.92,-128.65,20.58,0.892
46101,141.02289906,-61.64878694,5.99,9.67,-0.82,-47.52,1.060
46107,141.04053926,-80.78720514,5.34,17.69,-138.55,135.39,0.454
46146,141.16366395,26.18244091,4.47,15.28,-31.13,-48.06,1.222
46221,141.35017628,-5.11737880,5.60,4.83,-11.68,-6.14,1.523
46225,141.36407358,-61.95061204,5.77,13.79,-115.54,55.95,0.137
46283,141.57490643,-53.37893587,5.09,7.72,-19.94,11.06,-0.102
46358,141.77707532,-71.60209195,5.46,16.23,-102.43,80.99,1.079
46371,141.82623904,-22.34341760,4.72,18.53,171.66,-150.17,1.154
46390,141.89688260,-8.65868335,1.99,18.40,-14.49,33.25,1.440
46404,141.94548780,-6.07102871,5.38,32.01,-232.83,-65.21,0.642
46454,142.11407050,9.05677114,5.40,29.05,40.40,2.71,0.605
46457,142.12164079,8.18837326,5.72,6.29,-28.58,-30.79,1.045
46460,142.12749104,-66.70198874,5.90,12.17,-34.47,45.82,0.012
46471,142.16664439,45.60179470,5.40,11.33,-6.40,-128.20,0.993
46482,142.19660989,-62.27320340,5.91,6.76,-65.40,28.42,1.102
46509,142.28682816,-2.76895627,4.59,58.48,100.93,-3.15,0.411
46511,142.30272565,-20.74914438,5.66,3.57,-19.14,6.94,1.587
46515,142.31140615,-35.95134780,4.51,4.66,-24.74,5.07,1.408
46578,142.47716139,-26.58961727,5.49,4.27,-22.42,0.69,1.345
46594,142.52136650,-51.51719294,5.45,7.85,-18.98,11.85,-0.078
46618,142.59391346,-15.57719292,5.86,13.11,-92.37,-65.37,1.193
46620,142.59772226,-58.36190438,5.88,3.08,-28.81,26.67,1.676
46651,142.67547063,-40.46688763,3.60,53.89,-147.14,48.65,0.371
46652,142.68013936,33.65582773,5.87,6.33,-21.01,-48.17,1.032
46657,142.69200638,-31.88917107,5.75,8.76,24.54,-20.88,0.066
46701,142.80564072,-57.03439160,3.16,13.72,-32.58,6.08,1.538
46733,142.88154025,63.06179545,3.65,43.20,107.55,26.86,0.360
46734,142.88413622,-31.87183113,5.91,8.71,-49.22,-0.09,0.258
46735,142.88520681,35.10350902,5.39,7.48,-55.17,-97.25,1.543
46736,142.88722307,-35.71432898,5.86,11.44,156.61,-173.39,1.287
46741,142.90134667,-73.08091865,5.46,4.12,-25.16,2.44,1.556
46750,142.93016816,22.96806545,4.32,9.69,-19.38,-39.04,1.541
46771,142.98663458,11.30003070,4.99,13.67,-89.92,-84.00,1.046
46774,142.98992745,9.71579820,5.07,6.76,-8.89,-12.96,1.364
46776,142.99556148,-1.18465438,4.54,7.11,-11.42,-3.87,0.109
46811,143.08029475,-40.64932106,5.35,8.36,9.68,-5.69,0.897
46813,143.08512296,-19.40032613,5.74,9.28,-33.68,9.30,0.135
46853,143.21802191,51.67860208,3.17,74.15,-947.06,-535.60,0.475
46859,143.23241315,-13.51680632,5.95,3.96,-8.27,1.09,1.501
46880,143.30196880,-21.11575904,5.02,9.76,-20.19,15.09,1.023
46897,143.35873201,-22.86401784,5.92,10.98,-70.04,55.27,0.023
46914,143.43566625,-49.00509320,5.12,3.40,-23.39,8.78,-0.114
46928,143.47293825,-80.94129374,5.07,6.05,-34.61,14.67,-0.139
46950,143.53667204,-51.25528201,5.01,3.50,-8.50,6.39,-0.180
46952,143.55573740,36.39761338,4.54,18.52,6.82,-22.89,0.914
46974,143.61109601,-59.22976797,4.08,1.65,-11.23,6.02,-0.013
46977,143.62069943,69.83015419,4.54,30.89,-63.90,77.59,0.781
46982,143.63600852,-5.91480636,5.56,4.79,10.79,-58.30,1.159
47006,143.70622878,52.05156754,4.47,12.21,-65.07,-37.30,0.027
47013,143.72245250,72.20586410,5.77,20.06,72.02,-76.06,0.530
47029,143.76605199,39.62144313,4.81,14.23,-29.64,20.67,0.992
47080,143.91678098,35.81076694,5.40,89.45,-730.05,-260.62,0.770
47168,144.17854374,31.16184064,5.57,6.87,2.30,-43.74,1.594
47175,144.20690420,-49.35512860,4.34,30.35,-130.56,42.29,0.173
47187,144.25103185,-25.29684739,5.68,11.14,-62.60,36.18,1.116
47189,144.26079440,16.43795912,5.73,3.42,-16.99,-3.01,1.223
47193,144.27229969,81.32642085,4.28,3.03,-16.77,-15.95,1.488
47199,144.29112334,-32.17861272,5.62,12.19,31.48,-13.87,1.023
47204,144.30281740,-53.66848607,5.44,13.95,-23.99,-9.13,0.137
47205,144.30295211,6.83577519,5.00,14.45,-70.26,11.03,1.051
47224,144.36841333,-36.09599061,5.96,9.67,-25.61,-1.43,1.118
47267,144.50597591,-43.19086905,5.51,6.73,24.00,-31.03,0.985
47300,144.59077851,40.23976693,5.28,26.05,-14.37,10.87,0.223
47310,144.61410460,4.64941422,4.68,11.90,-165.45,-49.93,1.310
47391,144.83767061,-61.32810523,4.51,14.57,-34.89,18.60,-0.070
47401,144.86631917,67.27232436,5.96,6.00,-27.75,-38.67,1.528
47431,144.96389156,-1.14265722,3.90,11.83,47.81,-62.92,1.313
47452,145.07657975,-14.33224542,5.07,6.33,-26.32,-19.25,-0.149
47479,145.17751102,-57.98357162,5.30,14.85,-43.84,7.64,0.195
47498,145.25876248,-57.25944118,5.80,9.00,76.24,-41.64,1.083
47508,145.28799116,9.89239902,3.52,24.12,-143.67,-37.45,0.516
47522,145.32094152,-23.59152139,4.76,6.56,-29.14,3.02,-0.117
47544,145.39627242,31.27784047,5.90,3.46,15.54,-9.58,1.579
47559,145.44974998,-55.21376962,5.99,1.21,-12.34,3.26,-0.119
47570,145.50158521,39.75796859,5.61,9.59,-49.55,-48.31,0.951
47592,145.56113137,-23.91620867,4.93,67.19,-399.23,263.18,0.534
47594,145.56222108,69.23770604,5.72,6.81,-66.55,-69.40,1.131
47654,145.73849356,72.25268512,5.15,7.38,-26.71,-27.49,1.029
47701,145.88863057,29.97472479,5.64,20.48,-16.87,-103.45,0.111
47717,145.92625551,-53.89136176,5.56,9.19,-67.58,32.72,-0.042
47723,145.93292295,14.02170696,5.36,4.57,5.18,-6.13,1.610
47758,146.05054261,-27.76956287,4.78,8.49,-53.06,37.76,0.516
47854,146.31178147,-62.50792328,3.69,2.16,-12.88,8.28,1.010
47908,146.46292670,23.77427792,2.97,13.01,-46.09,-9.57,0.808
47943,146.54183697,6.70861426,5.80,3.13,5.68,-24.03,1.639
47956,146.58507788,-76.77598144,5.43,17.05,83.51,-56.95,0.901
47959,146.59723787,11.81000106,5.67,4.65,-15.45,17.28,1.489
47960,146.59851244,1.78568624,5.65,11.92,-54.69,-41.20,0.342
47963,146.62658773,-44.75505925,5.58,2.27,-13.12,-0.43,-0.176
47965,146.63193397,57.12798971,5.09,5.86,0.12,33.12,1.594
48002,146.77557340,-65.07201888,2.92,2.01,-11.55,4.97,0.273
48113,147.14660351,46.02123319,5.08,54.26,222.07,-92.62,0.619
48191,147.36728577,-37.18678490,5.95,8.01,-88.86,8.06,1.245
48224,147.48817288,-45.73276023,5.09,3.81,-24.87,10.07,-0.098
48287,147.67487458,-46.93400208,5.72,5.46,-38.82,32.70,1.085
48310,147.73165865,-62.74513696,5.56,3.40,-12.16,8.46,1.316
48319,147.74871542,59.03910437,3.78,28.35,-294.45,-151.75,0.291
48339,147.80013966,-59.42567316,5.79,4.37,28.40,-41.59,1.354
48348,147.83234215,-46.19395369,5.62,9.74,-49.65,33.82,1.166
48356,147.86951033,-14.84654997,4.11,11.92,18.68,-21.88,0.918
48374,147.91953494,-46.54764424,4.58,3.01,-24.41,9.80,1.172
48390,147.97093576,24.39579370,5.29,24.90,20.98,-174.56,0.229
48402,148.02650069,54.06428574,4.55,7.47,-4.21,19.18,0.038
48437,148.12696211,-8.10491559,5.07,12.47,-61.83,-47.21,0.038
48455,148.19149028,26.00708498,3.88,24.52,-216.29,-54.92,1.222
48519,148.42886212,5.95856912,5.90,2.33,-2.92,1.72,1.662
48527,148.45879641,-51.14671460,5.95,1.91,-13.68,0.55,-0.152
48559,148.55182725,-25.93248205,4.87,9.71,-183.95,56.56,1.199
48561,148.57361875,-45.28352716,5.72,3.86,-17.20,4.42,-0.114
48613,148.71360230,-50.24397661,5.71,10.22,-37.02,7.29,0.006
48615,148.71765461,-19.00926985,4.94,4.62,-46.09,-37.04,1.559
48682,148.92919035,49.81979501,5.27,14.65,-3.45,19.66,0.086
48734,149.10844321,8.93310774,5.85,4.84,-84.71,20.41,1.129
48748,149.14779191,-33.41854978,5.83,6.80,34.33,22.02,1.202
48774,149.21564520,-54.56779730,3.52,1.69,-13.13,2.83,-0.067
48802,149.30654965,57.41835080,5.97,6.99,35.74,-63.78,0.895
48833,149.42143543,41.05569741,5.11,34.61,-116.94,-26.26,0.481
48883,149.55579541,12.44483936,5.26,6.16,-25.28,-16.07,-0.035
48893,149.59545794,72.87959798,5.86,8.81,-69.92,-36.52,1.155
48926,149.71808346,-35.89093311,5.23,30.67,-89.59,-16.27,0.300
48982,149.90115690,29.64532453,5.75,10.05,-94.44,-37.84,1.059
49005,149.96549960,56.81187557,5.50,6.39,-31.49,-28.04,1.487
49029,150.05343468,8.04427686,4.68,6.21,-30.06,-22.11,1.589
49065,150.18293561,-82.21474569,5.53,8.17,-26.99,31.11,0.035
49081,150.25425132,31.92471460,5.37,67.14,-529.22,-428.93,0.676
49164,150.50043754,-60.42089968,5.93,1.02,-7.42,3.90,0.263
49220,150.70399581,21.94927070,5.68,2.06,-13.75,-5.28,-0.178
49339,151.08756962,-24.28559599,5.70,12.76,-117.30,25.29,0.303
49363,151.15143814,53.89172560,5.71,21.15,-22.58,-3.84,0.507
49402,151.28121856,-13.06467435,4.60,11.77,-37.48,19.90,-0.087
49485,151.54675512,-47.36986491,5.06,12.63,-10.84,-53.46,0.880
49569,151.78954048,-17.14159635,5.59,9.50,15.41,-56.22,1.490
49583,151.83313948,16.76266572,3.48,1.53,-1.94,-0.53,-0.031
49593,151.85718812,35.24469176,4.49,35.78,50.97,0.64,0.190
49637,151.97632850,9.99766389,4.39,11.89,-81.10,-64.20,1.448
49641,151.98456489,-0.37162786,4.48,11.35,-26.17,-3.65,-0.032
49669,152.09358075,11.96719513,1.36,42.09,-249.40,4.91,-0.087
49698,152.17849096,-65.81553262,5.26,9.55,-62.86,38.98,0.973
49712,152.23439032,-51.81126187,4.85,3.01,-14.60,0.51,-0.120
49764,152.37583168,-68.68283264,5.80,5.59,-19.74,22.09,0.015
49809,152.52483143,-12.81565791,5.30,36.61,-122.30,-109.18,0.368
49812,152.53149046,-8.40816325,5.91,6.19,-28.51,-2.92,0.026
49841,152.64748785,-12.35383921,3.61,28.44,-200.33,-100.28,1.007
49844,152.65706616,-41.71493294,5.98,14.63,28.07,-129.15,1.239
49865,152.73275535,-8.41835129,5.64,6.89,-0.12,-45.43,1.304
49893,152.80330481,37.40197095,5.86,5.41,-20.32,-29.01,1.282
49934,152.94363300,-58.06055982,5.70,2.52,-10.71,6.63,-0.118
50027,153.20163836,4.61469047,5.77,6.19,-48.72,-4.37,1.178
50070,153.34534010,-51.23293774,5.27,20.06,-39.70,-13.61,0.257
50078,153.36685079,-51.75580487,5.78,10.25,-53.27,6.95,0.136
50083,153.37784420,-66.37283938,5.15,10.74,-34.35,11.53,0.217
50099,153.43449551,-70.03792169,3.29,8.81,-35.73,7.55,-0.074
50103,153.44158428,-40.34607640,5.91,7.24,-73.96,8.47,1.204
50191,153.68447399,-42.12206281,3.85,31.72,-150.68,49.84,0.051
50241,153.88145179,-43.11224108,5.59,5.99,22.40,-52.68,1.520
50303,154.06033082,29.31055982,5.49,12.67,-71.25,-24.05,0.020
50319,154.13507067,23.50301282,5.95,32.94,-200.23,33.89,0.655
50333,154.16979666,13.72837138,5.42,6.53,-22.85,-15.24,1.650
50335,154.17251805,23.41732840,3.43,12.56,19.84,-7.30,0.307
50336,154.17433140,25.37069774,5.84,10.35,-128.51,3.18,1.206
50371,154.27085535,-61.33231977,3.39,4.43,-24.25,6.38,1.541
50372,154.27469564,42.91446855,3.45,24.27,-170.11,-42.64,0.029
50384,154.31166926,23.10645604,5.81,44.01,-413.29,-97.22,0.500
50414,154.40790248,-8.06892120,5.25,17.86,-160.25,2.78,0.336
50448,154.50896089,65.10837358,5.74,13.07,-89.48,-9.28,0.163
50456,154.53166913,-28.99202661,5.52,1.50,-15.40,10.85,0.277
50480,154.61777521,-41.66849763,5.97,5.92,-28.24,3.13,-0.063
50493,154.65899399,-56.11067508,5.80,27.91,-239.33,115.90,0.481
50520,154.77133097,-64.67628786,5.66,11.18,-35.18,12.33,0.042
50555,154.90318833,-55.02931452,4.59,2.19,-14.79,4.03,1.600
50564,154.93462599,19.47143591,4.78,47.24,-229.99,-214.66,0.452
50583,154.99234054,19.84186032,2.01,25.96,310.77,-152.88,1.128
50609,155.06967962,-47.69910004,5.66,1.21,-9.13,4.00,1.667
50676,155.22839581,-56.04322401,4.50,2.34,-18.15,1.49,-0.102
50685,155.26428436,68.74773415,5.88,7.95,-54.63,-34.17,0.241
50786,155.54439708,41.22986684,5.73,25.65,-120.17,-138.60,0.531
50799,155.58169175,-41.65010791,4.82,16.26,-27.23,60.77,1.095
50801,155.58251355,41.49943350,3.06,13.11,-80.47,34.10,1.603
50847,155.74241361,-66.90152522,4.97,7.59,-22.84,11.04,-0.128
50860,155.77640700,33.90815509,5.89,14.18,-14.13,-4.29,0.147
50885,155.86045025,-4.07404512,5.93,9.28,-50.51,4.24,-0.048
50888,155.87255727,-38.00970922,5.34,24.70,-158.83,-53.55,0.251
50933,156.03274518,65.56647366,4.94,10.84,-8.93,-20.83,-0.052
50935,156.03589322,33.71853542,5.52,7.97,-15.65,-1.93,1.186
50954,156.09891874,-74.03154474,3.99,61.67,-16.12,-27.63,0.369
50993,156.24791990,-58.57631762,5.93,10.98,-74.09,6.12,0.315
51008,156.31328707,8.78493853,5.61,4.63,10.54,-38.65,1.630
51046,156.43479445,-7.06014256,5.60,9.91,-135.20,129.00,1.528
51056,156.47861301,33.79626364,4.72,15.76,-75.28,-59.00,0.260
51069,156.52293768,-16.83609584,3.83,13.14,-128.51,-80.06,1.456
51140,156.70389571,-54.87731436,5.58,2.04,-13.71,5.01,1.556
51172,156.78814953,-31.06780228,4.28,8.90,-80.42,9.63,1.429
51192,156.85199279,-57.63881373,4.65,-0.01,-6.71,3.72,0.474
51232,156.96977108,-58.73940856,3.81,3.13,-13.25,2.21,0.317
51233,156.97121865,36.70747818,4.20,22.34,-127.52,-109.62,0.908
51313,157.21915426,-64.17228466,5.27,1.04,-15.90,2.83,1.856
51362,157.36971129,-2.73904701,5.19,10.87,-48.78,-12.76,-0.050
51364,157.37088906,-29.66385399,5.58,8.42,-59.71,8.85,1.420
51376,157.39749325,-30.60707101,5.57,6.78,-29.27,2.44,-0.041
51384,157.42586771,84.25210531,5.52,24.52,-128.39,-39.60,0.244
51420,157.52691646,38.92514300,5.79,4.29,-15.68,-4.62,0.087
51437,157.57292935,-0.63697208,5.08,9.46,-40.12,-22.17,-0.138
51438,157.58364619,-71.99271995,4.72,12.60,27.94,-30.04,0.042
51459,157.65735143,55.98061759,4.82,77.82,-177.02,-33.45,0.541
51491,157.74940778,-13.58846760,5.59,6.70,-33.59,-0.81,-0.028
51495,157.75864399,-73.22150890,4.94,3.38,-7.45,7.64,1.677
51502,157.77091914,82.55853791,5.25,46.54,-79.21,20.43,0.399
51523,157.84264509,-53.71599280,4.89,45.72,-418.76,209.46,0.500
51556,157.96401631,32.37953760,5.90,13.33,17.10,6.89,0.114
51561,157.98937004,-45.06671373,5.76,7.04,-15.40,1.41,-0.194
51576,158.00618250,-61.68536031,3.30,6.56,-16.59,11.42,-0.089
51585,158.04916002,14.13720956,5.43,3.01,-40.94,24.71,1.696
51610,158.14008597,-44.61845030,5.91,8.21,-12.76,-23.62,0.920
51623,158.19923561,-58.66675023,5.98,0.29,-6.54,2.16,0.290
51624,158.20281305,9.30659431,3.84,0.57,-5.57,-3.59,-0.148
51635,158.23700305,-47.00336923,5.02,3.38,-24.04,6.83,1.045
51658,158.30832166,40.42554046,4.72,29.13,-142.04,8.00,0.222
51685,158.37888150,34.98870207,5.57,6.18,-28.70,-3.08,0.029
51718,158.50371309,-23.74521609,5.08,5.15,-10.44,21.15,1.596
51775,158.70030655,6.95361136,5.07,10.23,-100.19,56.60,0.921
51802,158.75912532,8.65043904,5.67,7.05,-52.74,-5.56,0.059
51808,158.77328496,75.71298403,4.86,12.68,-45.58,-14.96,0.957
51814,158.79009325,57.08254651,5.16,37.80,65.65,37.11,0.349
51821,158.80364609,-39.56259670,5.50,3.90,-32.17,3.29,3.015
51839,158.86757668,-78.60781379,4.11,7.89,-38.00,11.53,1.580
51849,158.89714422,-57.55763551,4.45,2.37,-15.43,-0.16,1.604
51912,159.08568462,-59.56429542,5.08,12.14,-39.90,-39.92,1.172
51933,159.13426115,-12.22848702,5.71,40.67,268.49,-672.31,0.528
51979,159.30749487,-27.41268661,4.87,6.80,-112.98,21.52,1.626
51986,159.32606984,-48.22561631,3.84,37.71,-131.48,-1.58,0.300
52004,159.36281779,-58.73334704,5.47,0.40,-7.46,3.11,0.500
52009,159.38853109,-13.38445095,4.89,6.18,41.74,-37.83,2.800
52043,159.51109079,-57.25631096,5.89,2.55,-15.58,0.72,-0.128
52085,159.64588780,-16.87663687,4.91,14.52,-98.57,26.75,0.922
52098,159.68005265,31.97622008,4.68,6.88,0.10,7.18,0.823
52102,159.68755215,-59.18299905,4.69,1.76,-14.29,0.79,1.562
52127,159.74877044,-58.81688568,5.96,5.03,-76.65,13.10,1.692
52136,159.77393431,53.66849306,5.55,6.34,-90.15,-79.36,1.270
52139,159.78248119,37.91011130,5.84,20.44,-220.38,-45.73,0.595
52154,159.82671887,-55.60327905,4.29,3.62,-18.87,4.31,1.025
52221,160.04776480,-65.10024026,5.51,7.00,-17.45,12.86,-0.158
52338,160.45127204,68.44355985,5.74,5.56,-29.43,-24.78,1.315
52340,160.46490038,-79.78330226,5.97,3.26,-17.50,5.82,-0.071
52353,160.48659345,65.71646212,5.12,14.58,-162.71,-75.04,1.207
52370,160.55893343,-64.46645380,4.76,7.15,-17.75,11.27,-0.139
52405,160.66905761,-59.21576469,5.36,0.48,-6.48,2.32,0.213
52407,160.68003687,-32.71567314,5.63,5.39,-30.95,-0.12,0.006
52419,160.73927802,-64.39447937,2.74,7.43,-18.87,12.06,-0.220
52422,160.75811147,26.32569732,5.51,22.00,-99.56,-49.34,0.160
52425,160.76683096,69.07624525,5.01,7.65,0.28,-12.86,1.406
52452,160.83711787,4.74774961,5.77,4.68,19.69,-32.96,1.168
52457,160.85429114,23.18838442,5.08,15.72,-116.66,8.27,0.042
52468,160.88461543,-60.56662705,4.58,3.06,-15.22,3.12,1.700
52469,160.88798925,46.20403760,5.18,28.05,-268.17,-66.06,0.324
52478,160.93048735,57.19932851,5.79,8.87,17.38,-51.66,-0.038
52487,160.96339384,-64.24905176,5.74,3.23,-16.35,4.05,0.012
52502,161.02890478,-63.96110070,4.80,6.74,-17.06,11.97,-0.134
52577,161.26676102,67.41138225,5.95,2.88,4.38,0.74,2.382
52595,161.31822960,-80.46952330,5.46,9.21,-17.40,-30.30,0.957
52633,161.44639899,-80.54020283,4.45,8.97,-37.33,6.19,-0.188
52638,161.46630065,30.68240198,5.36,8.64,-26.61,-36.43,-0.050
52678,161.56907694,-64.51458587,5.33,6.99,-15.83,10.88,-0.096
52686,161.60202972,18.89162177,5.50,18.27,94.06,-40.64,1.134
52689,161.60563681,14.19480263,5.49,11.34,-125.33,-64.92,0.908
52701,161.62337904,-64.26326386,5.23,7.60,-16.98,9.16,-0.077
52727,161.69217542,-49.42012517,2.69,28.18,62.55,-53.57,0.901
52736,161.71351737,-64.38349702,4.87,7.26,-18.61,9.33,-0.149
52737,161.71693697,-17.29683026,5.44,14.88,-16.03,-17.91,0.112
52742,161.73956163,-56.75719080,5.14,5.95,-21.25,-0.58,-0.080
52827,162.02256620,-59.91916925,5.98,-0.01,-7.58,2.71,0.274
52841,162.05888249,-31.68785403,5.87,7.65,-29.19,1.61,0.028
52863,162.16902815,-1.95891494,5.92,6.14,-18.58,7.93,1.608
52911,162.31430258,10.54526139,5.32,9.76,-4.37,-24.39,0.035
52922,162.35190190,-59.32377833,5.85,3.82,-16.79,-5.94,0.008
52943,162.40596699,-16.19413208,3.11,23.54,92.77,199.02,1.232
52948,162.43117856,-9.85262893,5.85,9.41,9.78,-27.17,1.074
52965,162.48769199,-34.05819988,5.61,9.41,-40.12,6.99,0.038
52980,162.57524733,-8.89772694,5.80,8.90,-5.33,-14.72,0.156
53035,162.77266696,-3.09264065,5.95,6.34,-54.06,-10.92,1.475
53043,162.79617975,56.58223677,5.66,9.32,-69.47,5.46,1.132
53064,162.84899001,59.32024369,5.57,12.39,-29.73,-51.20,1.160
53154,163.12855279,-57.24041437,5.26,0.54,-6.77,3.63,0.130
53229,163.32766612,34.21556641,3.79,33.40,92.47,-286.06,1.040
53252,163.37284019,-20.13815014,5.23,31.91,80.53,-239.09,0.480
53253,163.37319260,-58.85326474,3.78,33.71,79.75,38.65,0.945
53257,163.38074963,69.85404505,5.91,23.02,-397.51,-67.48,1.010
53261,163.39382839,54.58515228,5.12,4.82,-66.85,-9.83,1.355
53272,163.42553924,-70.72033781,5.99,4.20,-29.45,0.48,-0.020
53273,163.43233719,-2.12924149,5.45,10.45,-83.35,15.00,0.966
53295,163.49460834,43.19001538,4.66,12.22,44.78,-24.43,-0.039
53316,163.57408704,-13.75805882,5.65,7.97,-6.35,9.53,0.832
53334,163.62332250,-61.82661289,5.95,1.96,4.92,-3.85,1.736
53377,163.74258356,34.03490757,5.73,10.69,-57.68,-45.20,1.032
53394,163.82192922,-60.51720824,5.93,10.66,-36.09,84.30,1.065
53417,163.90353339,24.74975451,4.30,11.29,-78.41,-14.89,0.016
53423,163.92640433,0.73693069,5.91,22.85,103.00,-3.41,0.425
53426,163.93526063,33.50699574,5.02,13.33,-111.67,-27.59,1.101
53449,164.00617929,6.18538415,5.91,10.03,-22.45,-5.48,1.256
53502,164.17915128,-37.13746290,4.60,16.40,74.96,-124.50,1.006
53530,164.28284129,-50.76504906,5.90,10.30,-37.55,12.92,0.173
53699,164.80726626,-33.73745399,5.70,20.56,-4.53,-58.03,0.374
53721,164.86756582,40.43012281,5.03,71.04,-315.92,55.15,0.624
53723,164.87897514,-16.35368059,5.88,2.75,-43.14,-8.55,1.600
53726,164.88641202,36.09322401,5.99,3.67,67.25,-51.05,1.595
53740,164.94478664,-18.29909723,4.08,18.71,-462.39,129.11,1.079
53762,164.99762038,-43.80713489,5.81,11.26,-62.71,10.03,-0.064
53773,165.03852431,-42.22586959,4.37,15.99,23.00,4.50,0.116
53778,165.04874547,-14.08329867,5.86,7.37,-8.79,-28.65,1.501
53781,165.06123415,45.52626916,5.47,3.70,9.66,3.03,1.466
53807,165.14016441,3.61753351,4.84,9.54,15.66,-16.24,1.144
53824,165.18680144,6.10150342,4.98,21.61,-51.03,-22.24,0.166
53838,165.21033423,39.21213189,5.06,8.09,-80.94,-16.34,0.255
53907,165.45695372,-2.48449705,4.73,6.34,9.58,-36.11,1.593
53910,165.45996150,56.38234478,2.34,41.07,81.66,33.74,0.033
53954,165.58242155,20.17974575,4.42,26.37,-9.60,39.57,0.053
54029,165.81220090,-11.30320923,5.51,10.24,-81.71,-107.11,0.938
54049,165.90261410,-0.00083195,5.95,5.85,-60.23,-0.41,1.218
54061,165.93265365,61.75111888,1.81,26.38,-136.46,-35.25,1.061
54137,166.13042166,-47.67918306,5.67,11.69,-115.47,32.74,0.256
54173,166.22587294,-35.80468900,5.43,6.15,-21.69,4.45,0.021
54182,166.25512463,7.33612254,4.62,34.54,-344.41,-47.40,0.332
54204,166.33346925,-27.29359566,4.92,22.98,-190.74,-6.87,0.369
54255,166.48978075,-27.28781183,5.69,4.08,34.44,-17.10,-0.067
54301,166.63530960,-62.42413654,4.62,8.82,-36.83,9.57,0.988
54327,166.70803819,-70.87793836,5.58,2.89,-22.57,3.30,-0.070
54336,166.72679525,1.95573365,5.52,16.05,-383.06,-85.67,0.955
54360,166.81981683,-42.63878147,5.15,11.50,-82.12,41.21,0.029
54461,167.14169012,-61.94717969,5.11,0.59,-5.82,2.03,0.195
54463,167.14748181,-58.97504198,3.93,0.55,-5.03,2.09,1.225
54477,167.18353198,-28.08061647,5.43,17.21,-73.09,-22.24,0.069
54487,167.20451678,24.65844980,5.70,7.99,10.25,6.08,0.081
54522,167.32963314,36.30943441,5.71,8.61,-44.02,-22.81,1.400
54537,167.41064299,43.20775162,5.89,5.76,-66.98,-6.43,1.564
54539,167.41608092,44.49855337,3.00,22.21,-62.35,-27.38,1.144
54561,167.47242253,-32.36745668,5.79,9.54,17.54,-29.60,0.027
54682,167.91452617,-22.82560642,4.46,12.26,4.73,-99.06,0.025
54746,168.13810684,-49.10107805,5.37,20.02,-99.28,33.70,0.175
54751,168.15008453,-60.31763070,4.59,0.26,-6.23,2.33,0.541
54767,168.18862745,-64.16978296,5.22,10.38,-46.98,5.41,-0.082
54811,168.31120754,-44.37222081,5.77,3.88,-5.40,1.92,1.661
54829,168.37829647,-59.61931670,5.74,1.79,-7.52,-0.57,-0.106
54840,168.41420693,-53.23190310,5.75,7.31,-16.39,37.23,1.309
54849,168.43991709,-0.06950857,5.40,6.84,-48.14,2.73,-0.020
54863,168.50752833,8.06095499,5.79,14.60,46.23,-106.76,1.128
54872,168.52671705,20.52403384,2.56,56.52,143.31,-130.43,0.128
54879,168.56017036,15.42976310,3.33,18.36,-59.01,-79.37,-0.003
54951,168.80101292,23.09552528,4.56,0.49,-22.24,-9.48,1.657
55016,168.96623670,13.30759308,5.31,6.82,5.07,-6.16,1.189
55084,169.16568371,-3.65151412,4.45,16.69,-108.15,-35.76,0.210
55086,169.17469204,49.47627707,5.88,7.74,-85.18,-11.02,1.102
55137,169.32236746,2.01090315,5.18,7.99,55.10,-142.89,1.511
55219,169.61981385,33.09423881,3.49,7.74,-26.61,27.51,1.400
55249,169.72908955,1.65053072,5.90,10.48,-38.19,-55.95,1.040
55266,169.78309755,38.18572227,4.76,17.82,-57.15,-68.10,0.113
55280,169.82018140,-64.58259742,5.99,26.72,-301.28,43.90,0.471
55282,169.83551103,-14.77904358,3.56,16.75,-124.47,206.61,1.112
55425,170.25184266,-54.49101395,3.90,10.15,-35.32,-2.20,-0.157
55434,170.28436733,6.02935289,4.05,15.24,-91.76,-12.83,-0.058
55560,170.70672415,43.48273665,4.99,6.63,-36.87,-13.85,0.998
55581,170.78402208,-56.77936853,5.82,4.99,-31.63,5.72,-0.004
55588,170.80292630,-36.16476782,5.00,3.80,-26.52,-0.63,1.464
55597,170.83929752,-64.95473134,5.09,6.87,-22.59,7.00,-0.061
55598,170.84196837,-18.77990277,5.08,22.80,-305.91,-29.06,0.439
55642,170.98070334,10.52969772,4.00,41.26,140.75,-77.80,0.423
55650,171.00973642,1.40776375,5.39,8.93,-16.47,0.70,0.938
55657,171.04657107,-72.25660192,5.55,3.69,-26.02,-2.45,0.017
55687,171.15252245,-10.85938276,4.81,8.95,-24.14,24.46,1.556
55705,171.22076335,-17.68401748,4.06,38.90,-97.01,3.22,0.216
55716,171.24577834,11.43030968,5.80,6.97,-101.94,-7.36,1.376
55756,171.37304571,-36.06310533,5.21,11.64,-107.66,17.68,0.979
55763,171.38803347,-37.74754766,5.87,6.03,-41.69,-11.45,1.503
55765,171.40191420,16.45655059,5.58,21.15,-141.15,-4.89,0.390
55779,171.43151730,-63.97231572,5.18,36.46,-314.38,-65.52,0.495
55797,171.48826775,55.85034058,5.73,9.38,-71.92,48.81,0.988
55831,171.64764356,-61.11517130,5.22,2.10,-13.83,1.78,-0.077
55849,171.69710349,-53.15995577,5.80,5.22,-40.94,16.76,0.517
55874,171.78989699,-12.35680710,5.93,14.91,-98.30,23.82,0.490
55945,171.98429124,2.85629071,4.95,5.25,17.32,-10.41,1.000
56000,172.14627993,-42.67421801,5.14,5.22,-34.61,6.27,-0.028
56034,172.26734378,39.33694235,5.30,15.59,-53.83,13.22,0.019
56035,172.26959813,61.77778557,5.83,30.40,-113.93,239.58,0.382
56078,172.41103268,-24.46405831,5.77,8.08,-49.69,19.40,0.067
56080,172.42442712,15.41338550,5.74,7.49,-28.06,-47.74,1.371
56127,172.57867422,-3.00345887,4.77,5.40,19.78,-17.14,1.529
56146,172.62117030,18.40973855,5.54,10.03,-81.49,25.91,1.056
56148,172.62987804,43.17304329,5.94,17.82,-49.20,81.81,0.524
56211,172.85120199,69.33112161,3.82,9.76,-41.14,-18.79,1.613
56243,172.94197140,-59.44206384,5.07,1.01,-4.08,1.14,1.026
56250,172.95336415,-59.51564932,5.12,0.96,-6.59,0.67,0.432
56280,173.06840611,-29.26137351,4.93,37.44,-20.32,144.40,0.540
56287,173.08331854,-66.96183490,5.89,10.94,-0.10,4.68,1.136
56290,173.08648748,61.08275166,5.46,36.34,-14.21,-95.13,0.515
56318,173.19808805,-7.82752440,5.94,5.67,-7.54,0.44,1.380
56319,173.20057957,-40.43633610,5.64,5.99,-74.90,58.55,1.578
56332,173.22562476,-31.08723547,5.13,7.20,-28.55,4.02,1.581
56343,173.25107936,-31.85752405,3.54,25.23,-209.09,-41.60,0.947
56391,173.40526595,-40.58670322,5.39,8.86,-83.64,27.08,0.117
56445,173.59189996,3.06041500,5.76,37.65,-181.62,-102.66,0.480
56452,173.62480364,-32.83334205,5.96,104.84,-670.98,823.84,0.811
56473,173.67707018,16.79691629,5.95,1.64,-8.78,-0.55,-0.156
56480,173.69046642,-54.26413167,4.62,7.04,-55.55,16.64,-0.077
56497,173.73751871,-49.13694740,5.50,15.72,-172.45,188.13,1.041
56510,173.77040437,54.78537508,5.63,7.94,10.66,18.02,1.032
56518,173.80565752,-47.37256106,5.64,5.00,-87.27,-7.70,1.682
56561,173.94553448,-63.01982488,3.11,7.96,-33.84,-6.87,-0.044
56573,173.98148244,-47.64152017,5.26,17.24,33.95,-50.42,0.257
56583,174.01089937,69.32325973,5.19,13.49,109.23,-126.40,0.974
56601,174.07475383,27.78130214,5.80,13.92,19.72,20.04,0.248
56606,174.09325391,-61.05243721,5.84,2.23,-12.94,1.70,-0.102
56620,174.14551817,-33.56997476,5.71,9.25,29.35,-33.95,1.020
56633,174.17061875,-9.80225368,4.70,10.70,-59.32,2.82,-0.073
56647,174.23720774,-0.82385424,4.30,18.31,1.30,43.43,0.983
56656,174.25334034,-61.28344643,5.14,14.11,-228.21,1.73,1.105
56675,174.31642653,-75.89654092,5.64,23.75,-128.21,-1.21,0.362
56700,174.39187576,-47.74737759,5.46,8.98,-68.58,28.07,1.230
56727,174.45211345,-67.62035361,5.94,9.38,-84.13,-10.46,1.013
56754,174.53071631,-61.82655484,5.15,10.98,-62.04,-3.49,-0.040
56770,174.58619878,43.62551361,5.56,21.91,-146.17,-34.98,0.348
56779,174.61504009,8.13428325,5.24,6.80,-3.37,6.28,1.499
56802,174.66648767,-13.20224958,5.48,37.06,99.62,126.17,0.520
56862,174.87347083,-65.39774890,5.01,5.81,-28.52,-7.01,0.804
56922,175.05341839,-34.74465530,4.70,6.59,-44.04,-1.84,-0.070
56970,175.17705098,-53.96854858,5.95,3.06,-10.83,-23.94,1.670
56975,175.19627319,21.35284143,5.26,14.04,-61.09,-46.02,0.984
56986,175.22355273,-62.09010401,4.93,4.47,-15.00,1.08,1.111
56997,175.26260484,34.20256022,5.31,104.81,-13.95,-380.46,0.723
57013,175.33273307,-43.09567719,5.54,15.58,-82.40,4.24,0.044
57029,175.39375241,31.74598350,5.73,24.42,-351.85,30.63,0.440
57047,175.43313494,-32.49932237,5.20,7.59,-5.54,-33.42,1.475
57111,175.61844968,66.74480850,5.32,5.07,-44.98,40.17,1.267
57165,175.86333833,-37.19010227,5.98,5.45,-19.05,-21.81,1.449
57175,175.87999922,-62.48939856,5.00,1.27,-5.85,1.14,0.784
57283,176.19066226,-18.35061467,4.71,9.31,27.15,-24.56,0.958
57328,176.32085333,8.25817475,4.84,27.29,59.66,-22.80,0.174
57363,176.40236386,-66.72884344,3.63,25.42,-100.42,33.21,0.160
57371,176.43334854,-45.69014545,5.28,4.17,-41.73,4.80,-0.118
57380,176.46487734,6.52981394,4.04,10.42,-19.65,-180.02,1.501
57399,176.51305887,47.77933701,3.69,16.64,-138.38,28.37,1.181
57439,176.62853753,-61.17835907,4.11,7.51,-21.85,-16.23,0.895
57443,176.63436255,-40.50133452,4.89,108.23,-1531.69,403.41,0.664
57477,176.73170252,55.62826771,5.27,15.80,13.44,-31.92,1.276
57512,176.82987104,-57.69654711,5.42,3.97,-25.51,19.99,1.664
57562,176.97888233,8.24586534,5.31,16.97,-53.24,12.14,0.038
57565,176.99677650,20.21894121,4.50,14.40,-145.47,-4.04,0.547
57581,177.06037263,-66.81487085,4.75,7.55,30.77,-16.25,1.522
57606,177.16154436,14.28419729,5.90,13.48,-103.25,5.17,0.303
57613,177.18793920,-26.74975369,5.10,6.84,-34.88,-9.68,1.594
57632,177.26615977,14.57233687,2.14,90.16,-499.02,-113.78,0.090
57669,177.42120019,-63.78848906,4.30,7.10,-17.93,4.44,-0.149
57670,177.42416287,34.93173940,5.73,14.39,-118.21,7.65,0.467
57696,177.48594609,-70.22578580,4.98,2.24,-7.61,-1.96,1.360
57741,177.61368682,-62.64938330,5.68,1.06,-5.99,0.89,0.233
57757,177.67202553,1.76537705,3.59,91.74,740.96,-271.18,0.518
57791,177.75929508,-5.33333400,5.62,12.59,0.88,0.86,1.058
57803,177.78646511,-45.17344950,4.47,7.03,-72.42,-8.62,1.283
57841,177.92340338,-30.83409571,5.85,31.81,-10.46,-293.31,0.554
57851,177.96363695,-65.20589445,4.89,9.64,-34.37,-6.55,-0.123
57870,178.04330796,-56.98782681,5.56,9.57,-106.90,35.13,0.069
57936,178.22733867,-33.90813014,4.29,8.93,-58.02,2.40,-0.100
58001,178.45725536,53.69473296,2.41,38.99,107.76,11.16,0.044
58082,178.67711574,-25.71406632,5.26,11.06,48.96,73.58,0.883
58103,178.75009496,-63.27917897,5.89,1.27,-8.83,-0.51,0.210
58110,178.76313138,8.44390534,5.58,19.45,-30.47,15.53,0.937
58158,178.91720463,-28.47703681,5.93,6.84,3.82,-27.16,1.499
58159,178.91886481,15.64680922,5.53,5.82,10.08,3.52,0.116
58181,178.99336544,56.59856271,5.83,10.34,7.70,-1.22,1.101
58188,179.00409802,-17.15080863,5.17,11.42,-49.07,-8.23,-0.022
58326,179.41682551,-62.44873578,5.59,5.45,-24.01,-5.19,-0.152
58379,179.56352995,-56.31731449,5.44,5.15,-21.56,1.77,-0.062
58427,179.69861981,-64.33955671,5.59,1.15,-5.98,-1.53,0.174
58460,179.82307392,33.16702114,5.95,4.86,-0.15,-7.13,1.153
58484,179.90704708,-78.22181833,4.88,8.95,-41.24,-8.48,-0.054
58510,179.98718202,3.65521716,5.36,11.80,-19.36,-8.36,-0.001
58576,180.18486353,-10.44483921,5.54,77.48,141.98,-483.34,0.760
58587,180.21320843,-19.65899848,5.28,1.86,-16.85,6.69,-0.192
58590,180.21829289,6.61439464,4.65,9.16,-0.25,-29.71,0.122
58654,180.41471830,36.04227697,5.59,9.01,-82.19,-78.75,1.019
58684,180.52942963,43.04546506,5.22,29.48,-345.55,55.72,0.283
58720,180.65731961,-69.19227106,5.89,10.57,-39.05,-6.89,-0.080
58758,180.75707974,-63.31294495,4.32,14.19,-152.53,6.10,0.280
58803,180.91381150,-42.43378714,5.15,41.32,323.63,-110.85,0.417
58858,181.06906686,21.45916332,5.89,9.09,35.20,-4.43,0.248
58867,181.08015725,-63.16571094,4.72,4.33,-17.19,-0.01,-0.081
58884,181.16227840,-68.32889673,5.34,9.61,-39.05,-6.40,-0.012
58905,181.19443206,-76.51917475,5.04,7.40,-77.48,46.84,1.491
58921,181.23852543,-60.96823848,5.95,4.93,-25.02,-5.59,1.691
58948,181.30279000,8.73284563,4.12,19.08,-220.32,57.52,0.967
58952,181.31141141,76.90595813,5.78,9.80,147.22,-92.36,1.029
59050,181.59618267,-65.70942594,5.95,5.76,-51.58,-11.20,0.613
59072,181.72022021,-64.61363898,4.14,50.79,34.27,-37.49,0.353
59151,181.95870080,-75.36706513,5.17,7.45,-92.34,19.00,1.278
59173,182.02190127,-50.66125439,4.46,8.68,-34.07,-9.85,-0.163
59184,182.06137370,-48.69247036,5.34,5.53,-19.54,-7.01,-0.010
59196,182.08976505,-50.72240999,2.58,8.25,-47.53,-6.42,-0.128
59199,182.10313607,-24.72877993,4.02,67.71,100.18,-39.33,0.334
59229,182.22432744,-44.32588609,5.75,9.99,-47.03,-42.33,0.240
59232,182.22749200,-41.23158452,5.51,1.56,-12.05,-8.27,-0.097
59285,182.42202206,1.89832789,5.95,11.94,42.12,-180.44,1.120
59309,182.51463175,5.80696343,5.72,22.81,-159.75,18.33,0.352
59316,182.53135773,-22.61979211,3.02,10.75,-71.52,10.55,1.326
59394,182.76617138,-23.60237239,5.45,17.82,-65.51,-20.64,0.055
59449,182.91313090,-52.36841559,3.97,9.53,-42.17,-18.39,-0.156
59468,182.96333771,25.87035539,5.66,4.21,-38.11,-30.87,1.401
59501,183.03874666,20.54210573,5.60,6.73,-14.21,-17.24,0.961
59504,183.04963833,77.61619242,5.14,29.70,10.53,20.18,0.358
59517,183.09161030,-62.95077296,5.91,0.67,-5.17,-0.08,0.253
59607,183.35441052,-38.92915939,5.77,1.60,-29.09,-11.69,-0.144
59608,183.35831031,10.26236039,5.85,20.18,-94.48,-7.95,0.262
59654,183.51136205,-45.72393011,5.31,5.76,-35.19,4.41,1.400
59728,183.74825968,-20.84423329,5.82,9.24,1.34,5.55,1.052
59746,183.78555700,70.20007671,5.72,6.97,-24.44,-28.29,1.179
59747,183.78648733,-58.74890179,2.79,8.96,-36.68,-10.72,-0.193
59774,183.85603795,57.03259792,3.32,40.05,103.56,7.81,0.077
59803,183.95194937,-17.54198370,2.58,19.78,-159.58,22.31,-0.107
59819,184.00097886,14.89914477,5.09,16.49,-80.58,-30.52,0.068
59831,184.03140154,40.66025851,5.69,3.91,17.08,-32.06,1.586
59847,184.08564668,23.94542332,4.93,13.12,-26.85,-5.91,0.957
59856,184.12572840,33.06179861,4.99,10.65,-54.87,-111.87,1.140
59920,184.37317610,53.19144123,5.80,8.54,38.50,-45.45,1.330
59923,184.37748884,28.93710321,5.71,18.74,-33.12,35.20,0.160
59929,184.39431802,-67.96067161,4.06,10.80,-231.26,-26.37,1.603
60000,184.58726633,-79.31226899,4.24,12.05,-38.07,12.00,-0.123
60009,184.60955300,-64.00304555,4.06,9.03,-33.19,-10.38,-0.168
60030,184.66790853,-0.78714480,5.90,10.00,33.51,-16.17,0.168
60044,184.70860512,75.16055020,5.47,11.29,-36.03,4.35,0.054
60059,184.74928553,-55.14297519,5.01,8.55,-70.44,-11.06,1.600
60122,184.95301297,48.98413192,5.28,6.30,-14.43,6.82,1.623
60129,184.97663096,-0.66674709,3.89,13.06,-59.14,-23.13,0.026
60157,185.04514374,-22.17562676,5.94,6.88,-105.42,-30.25,0.824
60170,185.08216696,26.61975090,5.52,20.78,-66.70,-110.40,1.091
60172,185.08813566,3.31272688,4.97,11.43,-293.82,-62.85,1.172
60189,185.14046113,-22.21583387,5.20,8.47,-109.68,-27.71,-0.090
60202,185.17955477,17.79265307,4.72,9.04,-109.67,88.50,1.010
60212,185.21179250,57.86428953,5.54,4.65,47.75,-70.53,1.452
60221,185.23214915,-13.56574902,5.14,16.61,-5.09,10.27,1.048
60260,185.34088036,-60.40136988,3.59,14.30,-171.06,91.82,1.389
60308,185.48932747,-56.37438360,5.91,1.87,-10.77,-0.77,1.533
60320,185.53077773,-67.52209279,5.15,9.71,-31.28,-5.16,0.195
60329,185.55014315,-68.30719873,5.73,8.24,-2.45,-48.14,1.038
60351,185.62632982,25.84618178,4.78,11.93,-10.75,-8.85,0.515
60379,185.70613474,-57.67610097,5.38,9.54,-37.73,-12.71,-0.098
60425,185.83999906,-24.84062116,5.66,10.32,-21.40,-19.59,1.153
60449,185.89770601,-35.41265923,5.32,7.98,-41.24,-7.49,-0.066
60463,185.93660912,-38.91135056,5.79,9.52,-56.54,-12.46,-0.064
60485,186.00617625,51.56222925,4.76,8.30,13.15,11.32,0.877
60514,186.07724865,26.09861325,5.17,11.47,-26.91,-3.08,0.082
60584,186.26343152,56.77785826,5.82,2.74,-14.25,-12.46,1.622
60595,186.29917028,-11.61051268,5.95,15.49,-58.99,-31.89,0.043
60610,186.34068272,-35.18640097,5.71,7.76,-40.55,-6.48,-0.066
60646,186.46248809,39.01869867,5.01,14.35,-78.10,-34.00,0.955
60697,186.60030726,27.26826273,4.92,11.92,-14.80,-10.40,0.277
60710,186.63245078,-51.45061150,4.82,8.16,-31.04,-9.83,-0.141
60718,186.64975585,-63.09905586,0.77,10.17,-35.37,-14.73,-0.243
60735,186.71539248,-32.83004764,5.56,6.38,-5.65,-30.09,0.007
60742,186.73469831,28.26861975,4.35,19.18,-83.41,-80.99,1.128
60746,186.74710034,26.82572160,4.98,11.56,-11.58,-9.23,0.088
60781,186.87031761,-58.99176932,5.38,5.76,-14.95,5.34,1.543
60795,186.89635756,55.71275225,5.68,7.43,-20.94,-11.43,1.582
60823,187.01004828,-50.23060480,3.91,7.36,-32.49,-12.41,-0.192
60855,187.09369113,-39.04113804,5.45,7.64,-28.69,-14.00,-0.073
60904,187.22799077,25.91288804,5.29,12.06,-20.21,-15.00,-0.056
60941,187.36272398,24.10892077,5.47,15.10,-18.09,1.84,0.445
60957,187.43009821,20.89618496,5.68,12.84,24.89,-31.29,0.093
60965,187.46659650,-16.51509397,2.94,37.11,-209.97,-139.30,-0.012
60969,187.47580895,-56.52496942,5.78,5.80,5.79,11.99,1.572
60978,187.48916244,58.40552660,5.37,11.88,-66.78,88.75,0.205
60998,187.52817199,69.20126087,5.01,5.61,-63.12,-56.48,1.621
61015,187.57275779,-23.69642033,5.63,3.63,-25.36,0.70,1.670
61071,187.75236725,24.56718941,5.47,10.49,-12.02,-8.94,0.056
61084,187.79137202,-57.11256922,1.59,37.09,27.94,-264.33,1.600
61136,187.91810373,-59.42391403,5.49,1.94,-13.19,-3.47,0.622
61158,187.98397037,-63.50589876,5.96,13.56,-28.91,25.05,0.263
61174,188.01868646,-16.19586556,4.30,54.92,-424.37,-58.41,0.388
61181,188.04122968,-73.00104307,5.88,9.55,40.72,-5.29,1.078
61199,188.11712896,-72.13297590,3.84,10.07,-50.59,-5.16,-0.157
61212,188.15036083,-13.85897407,5.74,27.06,-146.68,-53.89,0.376
61281,188.37101041,69.78820992,3.85,6.55,-58.14,11.42,-0.116
61296,188.39278750,-12.83032829,5.58,20.58,-16.99,51.63,0.861
61309,188.41210253,33.24766003,5.42,12.26,21.21,-31.43,1.011
61317,188.43788561,41.35676779,4.24,119.46,-705.06,292.93,0.588
61318,188.44498858,-9.45207768,5.48,12.47,-82.20,0.11,-0.035
61359,188.59680864,-23.39662306,2.65,23.34,0.86,-56.00,0.893
61379,188.67690229,-44.67251655,5.76,35.25,-75.86,-206.23,0.683
61384,188.68360523,70.02177318,4.95,5.97,-30.40,-1.36,1.312
61394,188.71299083,22.62918961,4.80,8.94,-57.42,28.53,0.012
61418,188.78234382,18.37700118,5.03,5.31,-4.58,23.30,1.152
61420,188.78397424,21.88143144,5.86,5.00,21.99,-19.56,1.242
61468,188.94006062,-41.02194744,5.12,28.92,-107.25,1.11,0.224
61498,189.00447532,-39.86944684,5.78,14.91,-55.92,-24.00,0.003
61558,189.19737813,-5.83185110,5.88,14.54,-27.51,-19.46,0.072
61571,189.24314199,17.08957856,5.70,6.29,-35.65,-17.53,1.436
61585,189.29618208,-69.13553358,2.69,10.67,-39.87,-12.44,-0.176
61621,189.42594398,-27.13865883,5.41,28.91,79.52,-94.16,0.334
61622,189.42636588,-48.54128816,3.85,24.77,-186.61,-6.45,0.049
61658,189.59355028,1.85470456,5.68,6.51,-79.51,-17.47,1.592
61720,189.76451917,-30.42234930,5.86,5.96,-38.64,-15.55,1.207
61724,189.78065686,21.06258094,5.49,11.39,-77.41,-8.86,0.978
61740,189.81171855,-7.99550439,4.66,10.24,-77.30,-24.66,1.240
61789,189.96900602,-39.98724188,4.63,9.19,-42.01,-24.94,-0.082
61910,190.31676407,-13.01392023,5.17,11.72,-117.92,7.86,0.432
61916,190.34602074,-46.14572729,5.84,4.09,-70.95,59.98,1.475
61932,190.38002079,-48.95988553,2.20,25.01,-187.28,-1.20,-0.023
61941,190.41667557,-1.44952231,2.74,84.53,-616.66,60.66,0.368
61960,190.47086482,10.23584294,4.88,27.10,82.62,-89.51,0.076
61966,190.48582000,-59.68581085,4.91,3.15,-24.70,-3.57,-0.044
61968,190.48816539,6.80664416,5.57,13.37,-71.67,-11.15,0.002
62012,190.64817140,-48.81303493,4.66,17.31,-123.27,-30.36,1.075
62027,190.70951152,-63.05861600,5.27,3.32,-13.32,-3.47,0.195
62058,190.78838403,-56.17619646,5.99,7.88,-31.16,-11.39,-0.074
62103,190.90842535,-1.57681459,5.91,14.26,48.10,-74.58,0.850
62131,191.00229297,-28.32386102,5.46,8.22,-29.54,-39.41,1.346
62207,191.24865101,39.27857766,5.95,57.57,-359.75,139.32,0.557
62223,191.28262003,45.44022447,5.42,4.59,-2.20,13.05,2.994
62267,191.40467529,7.67331477,5.22,13.36,-108.93,4.53,0.322
62268,191.40798434,-60.98116057,4.69,26.17,112.51,-64.86,1.049
62322,191.57029013,-68.10809405,3.04,10.48,-40.40,-10.32,-0.178
62325,191.59324849,9.54078962,5.65,22.36,278.73,-455.04,0.989
62327,191.59478955,-56.48877967,4.62,8.24,-33.11,-14.62,-0.150
62356,191.66147205,16.57764912,5.12,10.13,12.55,17.39,1.346
62360,191.69258582,-33.31541396,5.87,8.50,11.60,-28.28,1.326
62402,191.82885595,62.78113875,5.88,15.85,20.02,6.54,0.215
62423,191.89308893,66.79031573,5.43,4.19,1.64,-4.71,1.567
62434,191.93049537,-59.68873246,1.25,9.25,-48.24,-12.82,-0.238
62500,192.10982759,-27.59723017,5.65,10.73,-152.82,-63.33,0.947
62512,192.16390269,60.31989667,5.83,41.39,107.79,-30.60,0.467
62541,192.22581729,14.12263297,5.71,8.10,28.96,-20.23,0.024
62561,192.27829680,83.41779443,5.92,14.68,-22.05,15.52,0.015
62572,192.30750199,83.41285818,5.38,10.75,-28.15,17.55,0.033
62576,192.32296815,27.55232611,5.76,9.97,-92.90,21.73,0.051
62608,192.43728988,-71.98624542,5.55,6.20,10.52,-5.87,1.154
62641,192.54502356,37.51688446,5.87,8.43,-88.59,21.83,0.170
62683,192.67161238,-33.99926779,4.90,8.39,-29.11,-14.29,-0.031
62703,192.74126496,-52.78739520,5.70,8.53,-27.20,-12.02,0.127
62732,192.82492384,-60.32978611,5.71,1.09,-5.26,-1.09,0.344
62763,192.92469926,27.54073393,4.93,10.62,-9.50,-8.82,0.681
62786,192.98729210,-39.68038459,5.99,7.01,-27.07,-18.97,-0.098
62861,193.26776709,-54.95248410,5.91,8.61,-96.63,4.68,1.309
62867,193.27906907,-48.94325313,4.33,10.77,-79.18,-25.34,1.344
62886,193.32404513,21.24502058,4.89,10.06,-42.48,-32.00,0.904
62894,193.34124905,-60.32848627,5.75,0.81,-4.12,-0.97,0.295
62896,193.35894159,-40.17881857,4.25,21.03,69.64,-21.83,0.224
62931,193.45384782,-60.37624027,5.89,-1.96,-3.03,-1.74,0.200
62956,193.50680410,55.95984301,1.76,40.30,111.74,-8.99,-0.022
62985,193.58822553,-9.53894647,4.77,7.82,-18.26,-19.72,1.590
63003,193.64857337,-57.17789116,4.03,8.64,-30.45,-13.55,-0.180
63005,193.65383866,-57.16864387,5.08,9.03,-32.35,-10.93,-0.089
63007,193.66341683,-59.14666538,4.62,9.06,-33.35,-14.75,-0.153
63024,193.73556688,47.19673771,5.75,4.63,-17.24,-6.50,1.451
63031,193.74311570,-85.12342237,5.45,8.79,67.47,22.11,0.991
63033,193.74460949,-44.15140639,5.89,25.17,-237.30,-230.98,0.633
63066,193.83108971,-42.91570150,5.46,5.42,-37.77,-12.64,1.668
63076,193.86897970,65.43854743,5.23,34.67,-4.63,-30.38,0.303
63090,193.90201366,3.39759862,3.39,16.11,-471.44,-52.81,1.571
63117,193.98808228,-56.83580429,5.34,1.73,-5.12,-0.78,0.010
63121,194.00251587,38.31469771,5.61,39.95,-203.89,88.34,0.337
63125,194.00767051,38.31824617,2.89,29.60,-233.43,54.98,-0.115
63143,194.07350869,54.09948306,5.84,12.74,-78.10,2.54,0.204
63165,194.13216726,-72.18518249,5.93,4.67,-15.99,-12.08,1.115
63210,194.26825217,-51.19871605,5.17,6.80,-29.54,-14.82,-0.066
63355,194.73110786,17.40936063,4.76,10.91,-38.66,34.95,1.568
63414,194.91477267,-3.81194179,5.79,10.95,-48.20,6.57,0.203
63432,194.98031630,66.59730755,5.37,5.65,-139.75,-14.64,1.282
63462,195.06868941,30.78503676,4.88,3.63,-21.59,-6.38,1.165
63494,195.14982714,-3.36860790,5.99,9.47,-19.39,49.42,1.119
63503,195.18160731,56.36633134,4.93,40.06,108.36,2.67,0.368
63533,195.29008399,17.12320260,5.97,8.14,-9.00,-23.01,0.971
63608,195.54483557,10.95910186,2.85,31.90,-275.05,19.96,0.934
63613,195.56573968,-71.54879865,3.61,35.91,263.58,-23.28,1.190
63688,195.77233515,-71.47572327,5.93,2.07,-11.18,-2.39,0.002
63724,195.88894965,-49.52723627,4.83,14.97,-46.58,-11.24,0.029
63738,195.94177817,-20.58350964,5.58,34.89,142.13,5.14,0.554
63901,196.43526005,35.79885169,5.20,11.55,-36.75,19.32,-0.059
63916,196.46783055,45.26848988,5.64,6.75,-14.53,24.63,1.135
63945,196.56970994,-48.46325358,4.71,7.88,-29.72,-14.68,-0.148
63950,196.59410061,22.61629063,5.53,5.70,29.84,-42.71,1.461
63972,196.64603079,-41.58840727,5.59,9.62,44.26,-14.59,1.050
64003,196.72595485,-35.86182329,5.63,14.22,34.80,-86.36,0.050
64004,196.72776268,-49.90621586,4.27,7.92,-26.24,-12.43,-0.182
64022,196.79461606,27.62490672,4.80,10.75,33.27,-68.21,1.482
64033,196.85129190,-59.86049011,5.98,2.64,-11.78,-8.06,0.435
64053,196.90966874,-53.45971466,5.70,10.06,-36.87,-20.40,-0.061
64078,196.97417871,-10.74038528,5.15,10.66,16.03,-9.38,1.138
64094,197.02982892,-65.30601741,5.44,0.03,-5.35,-2.23,-0.033
64122,197.13536674,-8.98422912,5.57,8.78,-36.21,-64.19,1.178
64166,197.26367917,-23.11797275,4.94,14.14,-19.97,-39.90,1.048
64179,197.30175990,10.02246786,5.79,9.27,22.78,0.18,1.025
64224,197.43870138,-10.32930884,5.95,4.97,-14.98,-7.31,1.490
64226,197.44953121,16.84864890,5.91,4.45,-65.58,-15.39,1.450
64238,197.48755015,-5.53892987,4.38,7.86,-35.08,-32.80,-0.008
64241,197.49812263,17.52911621,4.32,69.81,-445.95,129.69,0.455
64246,197.51361945,38.49887224,5.91,16.12,-71.11,44.86,0.294
64332,197.78725433,-42.23282785,5.78,10.89,-76.67,-26.10,0.521
64348,197.84711464,-43.36850529,5.24,14.76,-114.50,-19.66,1.049
64390,197.96408969,-69.94201974,5.92,22.67,35.02,1.26,0.415
64394,197.97051117,27.87603769,4.23,109.23,-801.94,882.70,0.572
64408,198.01444495,-37.80313606,4.85,48.83,-382.44,47.01,0.693
64407,198.01451923,-16.19790340,5.04,30.72,96.17,-287.23,0.460
64425,198.07345539,-59.92053651,4.58,9.42,-28.54,-17.46,-0.073
64445,198.13729799,11.55617035,5.76,4.02,-50.68,-30.57,1.499
64466,198.20319288,-66.22676607,5.91,11.45,25.31,7.85,0.048
64515,198.34742745,-50.69978590,5.90,9.92,-33.58,-17.68,-0.011
64540,198.42908954,40.15284766,4.94,6.24,-52.19,15.50,1.061
64577,198.54570701,-19.93133468,5.31,25.89,-120.23,159.67,0.862
64580,198.55062387,-58.68390821,5.91,9.49,-55.30,-11.67,1.084
64583,198.56428372,-59.10285946,4.90,55.49,-249.62,-154.60,0.489
64587,198.57231883,-78.44744492,5.84,1.75,-8.41,-3.72,1.040
64607,198.63017874,11.33178469,5.64,6.43,68.52,-52.81,1.514
64623,198.68067991,-48.95680509,5.84,12.58,-108.72,-89.45,1.061
64661,198.81249082,-67.89456330,4.79,8.04,-36.92,-10.63,-0.078
64692,198.88352117,40.85517240,5.77,13.32,-120.26,11.09,0.198
64725,198.99409266,-19.94282246,5.21,25.68,304.74,-115.41,1.011
64792,199.19463902,9.42369300,5.19,55.71,-334.51,190.70,0.585
64803,199.22129667,-31.50607670,5.10,13.21,34.60,-49.27,0.959
64820,199.30431246,-66.78342263,4.86,2.75,-15.27,-6.34,1.480
64822,199.30801256,-43.97944198,5.82,17.12,-4.03,-15.47,0.187
64823,199.31509739,13.67564684,5.33,10.94,8.09,42.94,1.304
64844,199.38598801,40.57256275,4.72,11.39,-125.67,18.45,0.306
64852,199.40119538,5.46984502,4.78,6.03,-7.16,10.00,1.638
64906,199.56058516,49.68201519,5.14,11.85,-33.34,19.42,-0.049
64924,199.60405000,-18.30861062,4.74,117.30,-1069.90,-1063.78,0.709
64927,199.61544766,34.09829261,5.81,6.47,29.23,4.55,1.366
64962,199.73022240,-23.17141246,2.99,24.69,68.41,-41.09,0.920
65072,200.07914877,40.15055594,5.60,4.98,-57.97,-3.29,1.204
65109,200.15027321,-36.71208109,2.75,55.64,-340.76,-87.98,0.068
65112,200.15772684,-52.74778497,5.47,8.24,-30.71,-16.46,-0.125
65144,200.24067905,-46.88005836,5.76,8.64,-74.13,20.84,1.106
65198,200.42366137,2.08737060,5.69,15.32,-61.27,-52.40,0.045
65241,200.54054052,5.15485074,5.89,15.70,-69.02,-35.55,0.109
65247,200.56787422,-52.18295165,5.81,0.63,-4.47,-1.95,0.072
65271,200.65824899,-60.98835608,4.52,9.20,-35.50,-15.19,-0.141
65301,200.75477211,-17.73520402,5.36,10.20,-50.08,-28.67,0.987
65323,200.82877172,-4.92438824,5.88,2.81,-19.50,-16.10,1.431
65378,200.98091604,54.92541525,2.23,41.73,121.23,-22.01,0.057
65387,201.00184737,-64.53561699,4.52,12.69,29.10,-20.96,0.822
65420,201.13806845,-5.16392212,5.76,33.23,157.73,-36.24,0.415
65466,201.27785348,23.85443816,5.75,12.82,-9.95,-8.06,0.090
65468,201.28066834,-74.88749735,5.04,14.51,-108.28,-132.08,1.110
65474,201.29835230,-11.16124491,0.98,12.44,-42.50,-31.73,-0.235
65477,201.30589832,54.98799884,3.99,40.19,120.35,-16.94,0.169
65479,201.30889897,-64.48509219,5.32,25.45,-154.30,-21.43,0.411
65522,201.45999506,-70.62725069,5.65,7.03,-55.50,1.05,-0.018
65535,201.53182918,-39.75496493,5.11,15.73,168.31,-58.60,1.181
65536,201.53343022,72.39149824,5.82,3.23,22.62,-9.19,1.652
65545,201.54783683,-1.19248368,5.97,13.30,-114.57,5.20,0.183
65550,201.56907049,46.02810370,5.88,9.13,30.17,-19.98,0.985
65581,201.68018558,-12.70761258,5.27,6.46,-128.56,-21.22,1.477
65593,201.73384964,-41.49756484,5.69,1.62,-9.71,1.10,1.477
65595,201.73841524,78.64379561,5.74,11.15,-140.35,30.28,0.769
65639,201.86349201,-15.97363075,4.76,12.63,-122.13,21.61,1.096
65721,202.10812668,13.78018777,4.97,55.22,-234.81,-576.19,0.714
65728,202.11324210,59.94570301,5.40,13.79,-78.04,34.47,-0.010
65790,202.30431766,10.81839609,5.65,11.99,-60.34,-35.52,1.052
65810,202.35523124,-51.16511504,5.04,6.47,-1.50,-7.79,0.059
65936,202.76111861,-39.40727983,3.90,2.60,-15.65,-11.25,1.186
66006,202.99144179,-6.25571065,4.68,7.55,-103.80,-43.40,1.606
66065,203.14984195,-28.69271440,5.69,15.25,-95.64,-22.18,0.037
66091,203.21536872,-15.36301232,5.52,4.94,-77.23,0.27,1.228
66098,203.24204653,-10.16490767,5.21,12.36,-30.72,-37.96,0.964
66198,203.53052101,55.34844976,5.60,11.77,-18.71,-6.64,-0.014
66200,203.53293870,3.65902506,4.92,17.79,43.89,-24.03,0.029
66234,203.61405606,49.01590606,4.68,17.12,-128.28,27.39,0.132
66247,203.66866043,-13.21430591,5.92,6.43,-47.98,-7.32,0.020
66249,203.67397800,-0.59593821,3.38,44.55,-278.89,48.56,0.114
66257,203.69894294,37.18243871,4.91,22.46,84.70,-9.81,0.404
66320,203.88036281,-5.39639184,5.70,8.80,15.54,82.55,0.950
66400,204.20212206,-26.49523551,5.73,8.44,-92.70,15.43,0.220
66417,204.24624858,24.61330297,5.72,6.45,-25.95,-2.26,1.593
66427,204.27521642,-44.14316883,5.96,8.66,-51.05,-14.27,0.936
66435,204.29605970,71.24226650,5.50,8.14,-36.28,-6.02,1.219
66438,204.30083723,-61.69157197,5.63,28.18,149.75,-116.81,0.493
66454,204.34790583,-46.42784035,5.91,8.37,-28.19,-15.97,-0.110
66458,204.36540378,36.29484073,4.82,17.01,-94.78,23.63,0.239
66563,204.67552479,-29.56067984,5.81,20.42,-86.56,-77.17,0.431
66634,204.87741499,52.92107136,5.46,19.27,-136.05,56.38,0.113
66640,204.89451792,10.74630126,5.57,18.68,-113.44,-13.38,0.348
66656,204.95244077,-40.05157491,5.61,6.25,-47.42,-54.98,1.301
66657,204.97196962,-53.46636269,2.29,8.68,-14.60,-12.79,-0.171
66666,204.99957281,-49.95000116,5.74,6.00,-99.40,18.73,1.496
66681,205.04500863,-64.57655426,5.79,14.44,-69.60,0.46,0.401
66727,205.16874236,19.95566300,5.73,10.77,-46.46,23.23,0.017
66738,205.18455213,54.68166149,4.63,5.94,-19.14,-11.37,1.630
66753,205.23406365,-85.78599228,5.56,12.71,-87.65,-21.03,0.183
66763,205.25982195,22.49583157,5.63,10.13,-15.28,-26.28,1.009
66798,205.37423739,64.82243969,5.85,14.74,55.02,-11.71,0.073
66803,205.40346122,-8.70308218,5.03,7.13,-91.65,40.28,1.623
66821,205.43672827,-54.55936543,4.99,12.05,-43.65,-24.58,-0.055
66849,205.50467442,-58.78704974,5.38,5.04,-30.71,-11.70,-0.029
66878,205.59559926,82.75251097,5.92,8.96,32.67,-42.51,0.993
66903,205.66409991,78.06432575,5.91,10.24,-64.25,45.78,1.000
66907,205.68092115,34.98899453,5.98,6.71,13.01,11.00,0.857
66924,205.72942795,-41.40095140,5.96,9.25,-51.69,-37.81,1.019
66936,205.76618427,3.53807968,5.35,15.01,-294.22,-72.88,1.091
66984,205.91706644,-42.06751103,5.96,2.05,-13.49,-4.31,-0.075
67057,206.12424684,-16.17905873,5.55,4.18,12.62,-5.63,0.805
67143,206.40390701,-26.11598461,5.81,11.35,-71.63,-10.23,0.023
67153,206.42319432,-33.04336606,4.23,51.91,-461.85,-146.17,0.390
67172,206.48471128,-12.42654721,5.50,8.60,-19.18,8.00,0.898
67194,206.55680620,41.08884885,5.88,19.48,-113.84,-42.28,0.211
67210,206.57957701,38.50365610,5.92,8.08,-48.88,-12.56,0.948
67231,206.64864720,54.43269033,5.68,11.58,-19.19,-4.51,-0.039
67234,206.66403516,-51.43269771,4.64,12.68,10.33,-27.98,0.955
67239,206.68056228,25.70238073,5.97,11.97,-18.34,-59.46,0.523
67244,206.73483886,-36.25190473,5.15,7.61,-13.28,-11.50,-0.007
67250,206.74947851,38.54274988,5.51,10.74,-134.18,-21.69,1.036
67275,206.81681937,17.45677436,4.50,64.12,-480.33,54.18,0.508
67288,206.85564413,-17.85976354,5.41,5.13,60.79,-31.04,1.623
67292,206.86493683,-50.24932136,5.92,16.64,58.93,12.64,0.279
67301,206.88560880,49.31330288,1.85,32.39,-121.23,-15.56,-0.099
67304,206.91112414,-50.32066712,5.46,7.18,-141.24,-6.28,1.351
67384,207.16141241,31.19011458,5.61,10.49,-4.49,37.76,1.032
67457,207.36146356,-34.45063035,4.19,18.39,-42.59,-59.87,1.520
67459,207.36957439,15.79780583,4.05,13.29,-93.64,40.76,1.520
67464,207.37623920,-41.68765971,3.41,6.87,-26.01,-20.38,-0.225
67472,207.40419934,-42.47368506,3.47,6.19,-23.85,-19.22,-0.170
67480,207.42841642,21.26406422,4.92,8.86,21.09,17.00,1.432
67485,207.43928514,61.48954562,5.97,8.26,62.67,-95.69,0.974
67494,207.46810200,-18.13407618,4.96,13.48,-99.34,-37.71,1.059
67605,207.78836921,34.66453000,5.89,4.82,10.00,-53.78,1.635
67627,207.85807331,64.72328281,4.58,8.33,1.45,-4.55,1.572
67663,207.94679307,-46.89863029,5.77,2.78,-15.69,-14.83,-0.153
67664,207.94759834,-69.40124669,5.73,4.00,3.94,-4.78,1.704
67665,207.94787312,34.44431774,4.76,5.40,-20.49,-31.82,1.611
67669,207.95677175,-32.99401625,4.32,10.96,-35.74,-30.14,-0.146
67703,208.02041654,-52.81146355,5.26,8.99,-39.41,-27.33,-0.084
67782,208.29317893,28.64806212,5.91,15.46,-121.46,28.52,0.202
67786,208.30228458,-31.92758624,4.75,4.87,-13.53,-10.74,-0.111
67787,208.30396336,17.93285548,5.71,4.77,-33.54,5.25,0.845
67819,208.38675080,-35.66419416,5.53,19.97,-82.39,-22.28,0.444
67836,208.42962680,-53.37328052,5.87,2.71,-15.97,-17.43,0.009
67848,208.46267613,53.72869210,5.70,7.35,-28.60,-6.22,-0.032
67861,208.48852887,-47.12815361,5.83,0.00,-7.89,-4.30,-0.053
67927,208.67131750,18.39858742,2.68,88.17,-60.95,-358.10,0.580
67929,208.67581845,-1.50307142,5.16,12.84,-85.06,-21.93,1.093
67942,208.70473728,-67.65206440,5.74,2.57,-16.82,-14.59,1.490
67973,208.80070669,-52.16076937,5.66,9.54,-29.45,-21.61,-0.072
68002,208.88514539,-47.28826634,2.55,8.48,-57.14,-44.75,-0.176
68009,208.91245413,-82.66613365,5.95,3.74,-25.06,-23.27,1.411
68079,209.08288902,-46.59272882,5.82,11.48,-138.60,-90.31,1.140
68092,209.11622242,1.05054828,5.90,9.66,-28.09,13.65,0.217
68103,209.14234407,27.49219844,5.02,5.03,28.19,-47.76,1.441
68191,209.41223681,-63.68661603,4.71,15.61,-40.45,-32.83,1.075
68245,209.56785278,-42.10070526,3.83,7.01,-23.68,-19.82,-0.224
68269,209.62990869,-24.97217754,5.20,9.61,-49.92,-29.29,-0.086
68276,209.66220328,21.69632104,5.76,6.79,-9.52,-42.08,-0.002
68282,209.66988070,-44.80353140,3.87,7.81,-27.97,-21.69,-0.208
68333,209.82273625,-50.36960607,5.92,9.72,28.47,-16.71,0.957
68390,210.00102545,-25.01017978,5.77,17.43,-194.14,-91.78,0.480
68455,210.21922701,-66.26885149,5.96,13.01,-116.10,-24.20,0.352
68498,210.33504074,8.89490924,5.98,11.33,32.96,-1.19,0.089
68520,210.41159648,1.54458338,4.23,14.94,17.41,-21.20,0.121
68523,210.43121648,-45.60336989,4.34,7.28,3.89,-20.94,0.598
68581,210.59501153,-27.42976294,5.47,7.51,-32.38,-4.12,1.331
68670,210.86072926,-56.21338128,5.93,6.15,-66.41,-21.61,1.207
68702,210.95601898,-60.37297840,0.61,6.21,-33.96,-25.06,-0.231
68756,211.09760837,64.37580873,3.67,10.56,-56.52,17.19,-0.049
68815,211.33375541,-76.79667632,5.69,9.93,-87.41,-31.23,1.239
68862,211.51160840,-41.17958035,4.36,7.31,-24.42,-21.63,-0.198
68895,211.59278733,-26.68201883,3.25,32.17,43.05,-140.82,1.091
68933,211.67218608,-36.36869575,2.06,53.52,-519.29,-517.87,1.011
68940,211.67877719,-9.31352509,5.46,18.22,-140.62,4.05,0.347
69038,211.98227724,43.85452480,5.13,7.01,11.73,-29.76,1.493
69068,212.07231683,49.45802060,5.26,5.86,-59.54,60.28,1.637
69112,212.21253759,77.54743312,4.80,6.52,-30.36,33.39,1.368
69174,212.39609336,-51.50464539,5.96,5.95,-32.69,-10.97,-0.053
69191,212.47898599,-53.43872584,4.74,17.93,-144.17,-90.54,0.938
69226,212.59978522,25.09182293,4.82,27.27,-23.02,-60.07,0.541
69269,212.71034788,-16.30200362,4.93,6.02,3.82,-10.87,1.684
69373,213.01688963,69.43266873,5.18,7.32,-26.12,-49.53,1.595
69389,213.06596003,2.40949613,4.99,12.45,-44.67,-26.10,-0.118
69415,213.19180466,-27.26110002,5.07,14.22,-13.44,-35.52,1.130
69427,213.22392088,-10.27404400,4.18,14.59,8.04,140.79,1.323
69462,213.31841949,-53.66565135,5.53,1.25,-12.66,-9.52,1.438
69483,213.37062458,51.78999066,4.53,21.03,61.39,-10.57,0.233
69493,213.41945412,-0.84512445,5.89,17.94,207.42,-139.09,0.489
69536,213.52221581,12.95957667,5.53,30.06,-254.02,-54.60,0.537
69598,213.67817566,-41.83744813,5.61,7.26,-129.08,-19.27,0.929
69612,213.71192715,10.10100970,5.29,12.79,-22.50,-164.31,1.007
69618,213.73818295,-57.08607539,5.03,6.71,-23.97,-20.97,-0.074
69658,213.85047098,-18.20066197,5.53,12.49,-45.46,-11.45,0.001
69673,213.91811403,19.18726997,-0.05,88.85,-1093.45,-1999.40,1.239
69701,214.00368717,-5.99952622,4.07,46.74,-25.84,-419.84,0.511
69713,214.04195627,51.36701398,4.75,33.54,-149.98,89.42,0.236
69732,214.09656821,46.08791894,4.18,33.58,-187.42,159.01,0.087
69763,214.16135836,-66.58788092,5.72,1.42,-7.14,-5.24,-0.095
69829,214.36851090,15.26336094,5.84,3.22,15.33,7.73,1.678
69879,214.49923373,35.50947085,4.80,14.63,4.92,14.18,1.057
69896,214.55821047,-81.00760147,4.89,23.36,-19.95,-65.39,0.243
69929,214.65956766,-18.71588164,5.86,11.08,-65.60,-35.37,0.013
69965,214.75469177,-25.81631724,5.87,56.23,-356.39,366.76,0.518
69974,214.77750771,-13.37116634,4.52,17.47,-17.12,29.39,0.128
69989,214.81757038,13.00437724,5.41,38.33,105.91,-32.22,0.385
69995,214.84964562,-37.00280675,5.93,14.60,-48.77,-41.11,0.082
69996,214.85096972,-46.05808391,3.55,9.27,-12.81,-3.79,-0.184
70012,214.88562263,-2.26534352,5.14,11.90,-119.29,-71.87,1.023
70027,214.93883677,16.30680118,4.84,17.12,-140.91,60.31,1.228
70035,214.96543244,-61.27275714,5.22,20.69,-165.01,-88.32,0.281
70054,215.04045606,-43.05886202,5.55,8.49,-8.95,7.66,0.907
70069,215.08146975,-56.38647906,4.30,2.75,-9.29,-7.57,0.082
70090,215.13949709,-37.88526711,4.05,13.19,-64.50,-11.39,-0.030
70104,215.17729569,-45.18688140,4.78,21.95,37.17,-73.61,0.310
70243,215.58223947,-34.78679152,5.57,2.65,-26.28,-0.33,-0.088
70248,215.59665420,-80.10891100,5.06,5.92,-10.89,-14.13,-0.108
70264,215.65467485,-58.45915834,4.76,11.56,-47.03,17.03,0.795
70300,215.75940538,-39.51176599,4.41,7.79,-24.32,-21.81,-0.185
70306,215.77461567,-27.75373395,4.78,18.67,-201.57,-116.63,1.300
70327,215.84475026,8.44664037,4.86,15.17,-75.28,-9.56,0.010
70363,215.95265857,-53.17620992,5.99,9.36,-58.08,-9.46,1.099
70384,216.00366765,8.24400431,5.94,8.49,-6.18,-14.32,0.066
70400,216.04745973,5.82011481,5.10,21.56,-77.91,6.49,0.124
70469,216.20275252,-24.80626639,5.34,8.16,-53.40,-18.14,0.962
70492,216.27641298,-68.19532385,5.56,0.93,-7.96,-3.80,0.435
70497,216.30008064,51.85171354,4.04,68.63,-236.06,-399.07,0.497
70574,216.53431272,-45.22138996,4.56,3.15,-13.51,-14.02,-0.147
70576,216.54500648,-45.37926095,4.33,10.38,13.55,-6.35,0.434
70602,216.61420112,19.22683490,5.40,11.38,-71.00,26.70,0.231
70638,216.73225313,-83.66785308,4.31,11.70,-95.79,-12.91,1.300
70657,216.77963835,-65.82161161,5.87,3.54,-18.48,-14.36,1.502
70663,216.80124777,-46.13406420,5.83,17.16,-152.52,-78.14,0.311
70692,216.88134383,75.69593921,4.25,9.46,8.71,22.09,1.431
70753,217.04351389,-29.49157976,4.97,7.85,-24.87,-23.81,-0.074
70755,217.05091806,-2.22795009,4.81,24.15,-140.94,-2.92,0.693
70791,217.15870008,49.84496418,5.58,10.59,-304.53,-46.36,0.864
70794,217.17387790,-6.90041401,5.42,6.81,-14.02,-50.30,1.490
70894,217.46045655,0.82891135,5.96,13.10,15.70,7.26,0.159
70915,217.53608389,-45.32128792,5.51,6.84,-37.72,-27.81,-0.087
70931,217.58746947,-49.51892657,5.38,14.66,-50.66,-37.65,0.056
70987,217.79515011,-38.86977705,5.99,9.43,5.50,28.23,1.060
71002,217.81827528,-67.71705401,5.84,11.88,36.16,-58.80,1.006
71053,217.95774098,30.37114497,3.57,21.92,-100.44,120.22,1.298
71075,218.01982421,38.30788348,3.04,38.29,-115.55,151.87,0.191
71111,218.12887396,55.39804570,5.74,5.33,5.68,-14.75,1.529
71115,218.13592482,22.25996072,5.91,19.44,-126.48,40.38,0.391
71121,218.15451447,-50.45712132,4.44,5.68,-29.55,-14.85,-0.177
71182,218.37487581,-52.67948076,5.86,9.56,-2.78,-17.07,1.085
71184,218.38529489,-54.99861560,5.86,11.42,-93.43,-4.98,0.482
71280,218.66525670,49.36823171,5.74,4.17,-45.83,50.41,1.560
71284,218.66954381,29.74480735,4.47,64.66,188.32,132.72,0.364
71352,218.87688163,-42.15774562,2.33,10.57,-35.31,-32.44,-0.157
71353,218.88124123,-41.51738017,5.88,9.10,-21.56,-23.19,-0.085
71419,219.07940330,-46.24549130,5.55,5.12,-31.17,16.46,1.489
71453,219.18396076,-40.21152639,5.74,7.78,-22.67,-22.05,-0.112
71500,219.33402084,-46.13341306,5.39,2.44,-14.24,-10.70,0.927
71536,219.47187965,-49.42575765,4.05,10.51,-27.78,-29.05,-0.152
71568,219.55279962,43.64205288,5.74,2.85,-102.95,31.79,1.481
71571,219.55835502,18.29853624,5.90,8.88,-29.10,-64.51,1.099
71573,219.56335468,54.02338576,5.83,7.61,17.54,-19.04,0.007
71618,219.70950726,44.40454503,5.39,16.56,-68.43,-18.43,0.030
71681,219.91412833,-60.83947139,1.35,742.12,-3600.35,952.11,0.900
71683,219.92041034,-60.83514707,-0.01,742.12,-3678.19,481.84,0.710
71759,220.17650164,13.53436103,5.93,18.83,53.76,-14.71,0.238
71762,220.18150404,16.41830130,4.49,10.28,9.64,9.46,-0.002
71783,220.25588965,-36.13484330,5.67,5.54,-31.58,-6.17,-0.081
71795,220.28716819,13.72833113,3.78,18.07,52.36,-12.71,0.044
71832,220.41148550,8.16175611,4.86,5.66,-10.21,3.25,0.992
71837,220.43173137,11.66093526,5.55,8.46,-159.52,-112.25,0.941
71860,220.48239101,-47.38814127,2.30,5.95,-21.15,-24.22,-0.154
71865,220.49005323,-37.79342394,4.01,10.69,-29.56,-30.68,-0.157
71908,220.62785433,-64.97456957,3.18,60.97,-192.64,-234.07,0.256
71957,220.76484284,-5.65742910,3.87,53.54,104.23,-319.90,0.385
71974,220.80652349,-24.99773099,5.70,7.97,-21.77,-9.12,0.006
71995,220.85571623,26.52789077,4.80,3.67,-13.29,-16.68,1.672
72010,220.91451458,-35.17322549,4.06,15.89,-60.93,-176.82,1.356
72012,220.93518566,40.45920338,5.72,4.11,-13.40,20.79,1.398
72104,221.24664628,-35.19182069,4.92,15.76,10.04,-2.03,0.013
72105,221.24687869,27.07417383,2.35,15.55,-50.65,20.00,0.966
72125,221.31040511,16.96440296,4.60,14.48,-60.87,-50.69,0.972
72131,221.32186138,-62.87545275,5.36,21.75,70.24,-80.34,0.308
72154,221.37595224,0.71729003,5.68,5.31,-39.85,-7.92,-0.021
72197,221.50074084,-25.44291557,5.15,32.86,-151.50,-109.07,0.315
72208,221.52498866,15.13174102,5.78,3.59,-85.07,19.27,1.335
72210,221.52813497,-23.15286204,5.80,8.91,25.85,-64.04,0.980
72220,221.56246594,1.89293830,3.73,25.35,-116.04,-21.75,-0.005
72250,221.62094963,-47.44107999,5.74,9.59,-39.79,-14.74,0.066
72290,221.75546088,-52.38331777,5.22,12.58,-17.93,-82.32,0.984
72296,221.77107748,-38.29043787,5.90,5.88,52.75,-82.59,1.336
72323,221.84399993,-25.62423321,5.61,5.32,-7.84,-13.85,-0.043
72357,221.93658830,-26.08747990,5.23,9.84,36.88,-8.40,0.938
72370,221.96552567,-79.04471242,3.83,7.93,-5.67,-15.75,1.433
72378,221.98985195,-26.64613329,5.76,7.51,-10.65,-8.83,-0.007
72432,222.15857155,-36.63458507,5.89,7.26,-12.94,-46.04,1.369
72438,222.18567167,-66.59353612,5.91,2.85,-7.49,-11.14,-0.106
72487,222.32781437,46.11639336,5.76,21.34,-7.35,-77.32,0.482
72488,222.32815984,-24.25146951,5.68,2.93,-20.69,-0.43,1.275
72489,222.32954567,-14.14898587,5.32,13.86,-65.89,-14.79,0.066
72524,222.42233956,48.72056284,5.68,14.22,-76.93,99.13,0.501
72552,222.49327659,28.61583341,5.80,11.06,18.80,-0.72,0.046
72567,222.56549508,23.91176538,5.86,55.73,144.73,32.42,0.576
72571,222.57277790,-27.96021925,4.42,10.68,-237.37,-62.37,1.366
72573,222.58178099,82.51248701,5.63,23.08,177.66,-223.33,0.671
72582,222.62417599,37.27181511,5.47,16.31,-212.26,95.24,1.030
72603,222.67193219,-15.99709226,5.15,42.26,-135.93,-59.47,0.401
72607,222.67664751,74.15547596,2.07,25.79,-32.29,11.91,1.465
72622,222.71990536,-16.04161047,2.75,42.25,-105.69,-69.00,0.147
72631,222.75425052,-2.29884995,4.93,15.09,87.63,-123.64,0.988
72659,222.84701756,19.10063329,4.54,149.26,152.81,-71.28,0.720
72664,222.86072795,59.29365246,5.48,7.38,-120.89,136.99,1.369
72683,222.90968050,-43.57529383,4.32,8.00,-24.79,-26.80,-0.154
72773,223.14695946,-63.80981741,5.91,3.22,-10.05,-4.11,0.660
72800,223.21287023,-37.80311642,5.02,8.49,-20.60,-17.96,-0.155
72833,223.30640336,-73.19015457,5.59,10.19,18.33,34.31,0.820
72929,223.58390100,-24.64213517,5.27,8.48,-11.02,-27.51,1.336
72934,223.59544161,-11.89833043,5.78,8.94,-55.68,-7.09,0.982
72959,223.65800270,-33.30056091,5.85,4.07,-8.58,-5.75,1.429
73036,223.89461516,-60.11389133,5.18,18.87,-125.69,-112.25,1.161
73049,223.93622772,-33.85578004,5.32,13.20,19.18,-2.03,0.046
73087,224.05515840,14.44626586,5.90,5.96,-12.78,-0.08,-0.031
73095,224.07177099,-52.80956707,5.38,15.08,27.59,7.90,0.142
73100,224.09558479,49.62899937,5.63,40.25,110.79,-226.45,0.533
73111,224.13366538,-47.87914321,5.62,5.21,-29.91,-22.46,-0.035
73129,224.18334308,-62.78098762,5.08,3.91,-12.41,-11.78,-0.023
73133,224.19211288,-11.40972790,5.48,6.06,7.93,11.21,1.491
73165,224.29606996,-4.34608634,4.47,35.83,-97.83,-154.56,0.318
73166,224.29866769,16.38813986,5.72,5.28,-4.08,-4.98,0.951
73184,224.36396501,-21.41128090,5.72,169.32,1034.18,-1725.60,1.024
73193,224.38840115,-0.16754803,5.51,11.06,59.91,-26.20,1.131
73199,224.39632979,65.93238126,4.63,8.20,-78.26,32.48,1.590
73223,224.47148916,-76.66261622,5.37,7.62,-68.58,-16.14,1.442
73273,224.63314193,-43.13386699,2.68,6.23,-34.06,-38.30,-0.184
73284,224.66369181,-27.65729301,5.65,9.32,-47.62,-8.60,0.262
73310,224.72351684,-11.14386422,5.88,10.32,-106.68,-61.53,1.274
73334,224.79041254,-42.10414199,3.13,6.05,-17.76,-21.33,-0.208
73350,224.84631129,4.56777277,5.91,4.50,1.17,-4.75,1.615
73369,224.90404577,39.26523166,5.64,19.83,-31.53,41.85,0.336
73415,225.04724166,-77.16052523,5.92,3.72,-13.33,-10.26,1.052
73473,225.24328191,-8.51893488,4.91,10.72,-66.20,-3.40,0.000
73493,225.30447474,-38.05831465,5.88,8.43,30.42,-34.37,1.246
73497,225.33254143,-2.75487208,5.52,5.78,28.68,-22.40,1.692
73507,225.36295558,60.20442421,5.91,9.98,-13.04,11.94,0.107
73536,225.45381414,-0.14025867,5.71,3.19,6.45,-15.03,1.509
73540,225.46126796,-83.22777573,5.65,8.39,18.65,53.30,0.962
73555,225.48663804,40.39063671,3.49,14.91,-40.20,-29.22,0.956
73566,225.52657921,-28.06052808,5.83,10.04,84.22,-34.14,0.164
73568,225.52713391,25.00825646,4.80,9.07,-5.88,-48.60,1.506
73620,225.72529160,2.09127129,4.39,17.78,-55.93,12.94,1.026
73624,225.74704341,-32.64324605,5.45,9.32,-21.05,-19.66,-0.127
73634,225.77534828,35.20577288,5.52,11.85,-39.95,9.30,1.023
73695,225.94867417,47.65401409,4.83,78.39,-436.24,18.94,0.647
73714,226.01775793,-25.28185602,3.25,11.17,-71.85,-44.69,1.674
73745,226.11190457,26.94765981,4.52,13.04,-176.31,-4.52,1.240
73771,226.19567959,-83.03826851,5.65,1.88,-8.65,-17.65,1.273
73776,226.20020549,-64.03137307,5.16,12.20,102.92,9.47,0.935
73807,226.27960699,-47.05119386,3.91,6.56,-23.39,-21.11,-0.144
73826,226.32978505,-41.06723379,5.13,8.88,22.64,-0.84,1.011
73841,226.35788174,48.15090031,5.59,12.55,-65.26,29.71,-0.005
73909,226.56945460,54.55628697,5.24,12.53,47.07,12.81,0.958
73937,226.63838694,-30.91841299,5.97,10.44,-23.00,-28.66,-0.076
73945,226.65674312,-16.25676124,5.19,4.26,-36.41,-23.28,1.589
73996,226.82477948,24.86959294,4.93,50.70,184.81,-163.51,0.429
74006,226.85805467,-49.08863539,5.77,9.35,22.29,9.50,0.920
74066,227.05061050,-40.58385604,5.75,7.90,-28.59,-30.38,-0.113
74087,227.09908475,26.30118271,5.67,7.77,1.14,-12.41,1.240
74096,227.14818718,25.10863675,5.82,6.39,-1.91,-0.69,1.233
74100,227.16338993,-42.86786973,5.85,7.34,-20.52,-21.29,-0.123
74117,227.21095653,-45.27979406,4.07,8.02,-17.32,-26.11,-0.162
74184,227.37466411,-67.08412683,5.76,0.54,-3.94,-2.59,0.675
74224,227.53059680,-38.79246057,5.98,6.98,-24.53,-20.85,0.867
74239,227.57771621,-26.33260080,5.75,7.25,-32.15,-8.39,1.045
74296,227.78664063,-84.78782184,5.88,10.24,3.22,4.03,-0.031
74305,227.81660117,-55.34601439,5.45,1.61,-3.82,-7.41,1.118
74376,227.98400434,-48.73770212,3.88,17.89,-96.52,-47.97,-0.029
74380,227.99068761,-48.74357642,5.70,16.89,-98.31,-45.39,0.144
74386,228.01780223,18.97600352,5.90,3.93,-16.41,11.38,1.414
74392,228.05546736,-19.79163143,4.54,8.66,-35.59,-32.55,-0.071
74395,228.07167982,-52.09907465,3.41,28.06,-113.94,-71.00,0.918
74449,228.20668641,-44.50035965,4.83,7.18,-20.49,-22.20,-0.177
74539,228.47217392,-26.19355939,5.84,3.55,-14.01,-4.17,1.139
74561,228.52506116,31.78791816,5.98,5.57,42.18,-30.19,1.552
74582,228.57986595,-70.07945566,5.75,2.18,4.39,-8.24,3.271
74596,228.62168817,29.16422593,5.28,14.40,-69.99,28.32,0.062
74604,228.65552450,-31.51912564,4.91,2.86,-9.72,1.83,0.374
74605,228.65834777,67.34767598,5.15,39.51,221.51,-392.30,0.550
74649,228.79736045,4.93935226,5.32,6.98,-23.06,3.91,1.092
74666,228.87543241,33.31510222,3.46,27.94,84.84,-110.57,0.961
74689,228.95474940,0.37210753,5.62,20.20,-107.26,12.83,0.181
74696,228.97358944,-48.07364079,5.96,19.32,5.08,-8.39,0.210
74707,229.01679847,-41.49114318,5.15,2.54,-10.38,-4.87,0.564
74732,229.09596946,-22.39942083,5.52,6.52,-33.86,1.83,1.357
74750,229.15289366,-60.90398660,5.74,1.70,-1.55,-4.09,-0.057
74778,229.23707633,-60.95724479,5.04,0.51,-2.02,-4.08,-0.077
74785,229.25196591,-9.38286694,2.61,20.38,-96.39,-20.76,-0.071
74793,229.27450664,71.82387844,5.02,8.37,3.73,9.37,1.369
74824,229.37900090,-58.80087882,4.07,33.75,-98.39,-135.46,0.088
74837,229.41203255,-63.61048662,4.85,8.74,2.12,8.66,1.260
74857,229.45768699,-30.14866233,4.35,10.59,-8.71,-4.47,1.100
74896,229.60214092,20.57280967,5.68,11.23,-14.57,-13.13,0.972
74901,229.60888718,-0.46123725,5.88,3.33,-11.60,1.28,1.507
74911,229.63353586,-47.87519201,4.27,11.22,-31.74,-32.82,-0.086
74941,229.70477850,-60.49632329,5.43,0.02,-3.17,-4.57,-0.089
74946,229.72787007,-68.67946723,2.87,17.85,-66.48,-32.00,0.014
74950,229.73495651,-40.78816875,5.59,6.34,-19.36,-21.78,-0.099
74975,229.82741626,1.76665611,5.04,40.46,373.24,-513.64,0.540
75043,230.02142169,51.95848756,5.65,15.32,10.88,11.28,0.122
75049,230.03599149,29.61631109,5.51,11.90,-118.74,-42.02,1.015
75097,230.18228840,71.83397308,3.00,6.79,-18.03,17.68,0.058
75119,230.25842001,0.71558981,5.35,13.38,-42.48,-104.14,1.191
75127,230.28183604,-5.82482695,5.54,12.14,-51.92,-10.86,1.047
75141,230.34306833,-40.64745946,3.22,6.39,-19.11,-24.05,-0.227
75177,230.45181856,-36.26116729,3.57,9.99,-91.85,-86.03,1.534
75178,230.45253799,32.93366086,5.38,13.20,-48.83,13.91,-0.051
75181,230.45655596,-48.31695913,5.65,68.70,-1622.71,-275.10,0.639
75206,230.53497528,-47.92746963,4.99,29.27,-141.44,-132.58,0.515
75256,230.65519206,62.04716944,5.99,7.07,9.30,-38.47,-0.033
75257,230.65570869,39.58149619,5.56,1.23,2.21,-13.77,1.626
75260,230.66014565,63.34166375,5.72,8.59,-15.15,-92.40,1.315
75264,230.67036465,-44.68957314,3.37,6.47,-20.25,-20.13,-0.191
75304,230.78901374,-36.85843627,4.54,5.38,-18.05,-21.53,-0.155
75308,230.79417262,-60.65710865,5.65,24.00,-81.96,-27.74,0.489
75312,230.80094284,30.28824114,4.99,53.70,125.77,-176.48,0.577
75323,230.84440733,-59.32069839,4.48,6.40,-10.29,-36.57,0.169
75352,230.96775654,-12.36941286,5.72,5.41,-37.69,-36.45,1.039
75379,231.04970889,-10.32189476,4.92,30.90,-68.52,-152.65,0.453
75411,231.12306762,37.37696091,4.31,26.96,-147.68,84.69,0.309
75439,231.18761813,-39.71013154,5.36,8.48,-25.25,-56.38,-0.093
75458,231.23243370,58.96602354,3.29,31.92,-8.27,17.30,1.166
75501,231.33438516,-38.73358810,4.60,8.72,-46.05,-13.35,0.000
75530,231.44752151,15.42805438,5.16,3.55,-14.02,-7.51,1.650
75565,231.56053440,-68.30918936,5.89,9.75,123.08,9.26,1.000
75572,231.57277020,34.33584960,5.46,6.66,-114.43,60.34,1.410
75647,231.82560314,-36.76750151,5.46,7.79,-21.21,-24.02,-0.150
75665,231.88792069,-64.53145700,5.71,4.80,-12.91,-19.25,1.646
75695,231.95771631,29.10549164,3.66,28.60,-181.39,86.84,0.319
75696,231.96434672,60.67022438,5.90,5.48,-16.90,-3.14,1.441
75730,232.06415852,-16.71640310,5.64,3.59,16.66,-33.36,1.545
75761,232.15952692,1.84216258,5.15,26.68,-84.56,-33.48,0.245
75828,232.35115072,-46.73269070,5.26,3.68,-8.29,-5.56,1.731
75944,232.66828146,-16.60945806,5.82,5.78,23.95,-2.61,1.056
75973,232.73229511,40.83306815,5.04,3.74,11.02,-8.81,1.589
75974,232.73297739,64.20850517,5.74,10.24,-111.90,77.48,0.976
76008,232.85439245,77.34933897,5.00,3.92,-46.89,5.31,1.545
76013,232.87841929,-73.38954647,5.40,3.20,0.38,-18.28,-0.146
76041,232.94580142,40.89936876,4.98,7.59,-13.73,-14.92,0.086
76106,233.15297100,-19.67036366,5.50,14.39,-18.92,-39.51,0.197
76126,233.23011545,-16.85280725,5.53,4.24,-10.66,-15.26,-0.148
76127,233.23248309,31.35915517,4.14,10.49,-19.62,-8.94,-0.127
76133,233.24144948,-1.18629929,5.50,12.06,-17.27,-41.17,1.092
76207,233.50723930,-40.06634857,5.82,1.97,-39.18,-34.50,1.695
76219,233.54383219,-10.06395962,4.61,34.54,305.62,-234.12,1.000
76243,233.61055153,-9.18334968,5.16,9.30,-32.01,-27.31,-0.090
76259,233.65545605,-28.04690734,5.13,8.84,16.72,-31.22,1.306
76267,233.67162293,26.71491041,2.22,43.65,120.38,-89.44,0.032
76276,233.70079260,10.53885916,3.80,15.54,-72.63,3.17,0.268
76297,233.78525156,-41.16669497,2.80,5.75,-16.05,-25.52,-0.216
76307,233.81208385,39.01004619,5.14,5.71,24.61,8.63,1.650
76311,233.81757086,53.92213860,5.97,8.24,-17.96,2.08,1.184
76333,233.88141398,-14.78955365,3.91,21.42,65.67,6.93,1.007
76371,233.97193752,-44.95833688,4.55,7.51,-20.42,-21.48,-0.175
76376,233.98782390,54.63056806,5.77,13.24,-38.19,-0.57,0.051
76397,234.05056891,-44.39668903,5.44,4.95,-45.01,-55.17,1.497
76424,234.12164831,16.11909820,5.93,20.40,71.54,-5.54,0.354
76425,234.12313310,10.01045490,5.26,13.89,46.67,-114.73,0.925
76440,234.17994543,-66.31690469,4.11,15.09,24.51,-54.66,1.161
76470,234.25607748,-28.13507099,3.60,16.76,-13.26,-3.48,1.361
76509,234.38351097,54.50878294,5.85,9.18,-35.17,-20.49,1.098
76519,234.41337239,69.28321732,5.65,3.70,-49.11,52.08,1.371
76532,234.45024464,-23.14151509,5.79,11.97,-31.72,-75.18,1.074
76534,234.45646241,40.35328811,5.25,20.00,60.45,59.57,0.886
76552,234.51384287,-42.56748493,4.34,14.19,-147.60,56.35,1.412
76568,234.56726549,46.79799524,5.76,27.98,97.18,-100.38,0.353
76569,234.56767525,-21.01615303,5.82,11.17,63.82,-71.39,1.077
76594,234.64250158,50.42335207,5.84,8.71,-4.69,-28.20,0.847
76600,234.66410153,-29.77768935,3.66,7.33,-22.10,-26.54,-0.177
76618,234.70626982,-52.37261965,5.43,7.13,-34.13,-30.86,0.005
76628,234.72711374,-19.30170914,5.36,9.60,84.20,-75.23,0.883
76669,234.84451583,36.63582763,4.64,6.89,-15.29,-6.51,-0.103
76705,234.94156188,-34.41189273,4.66,13.32,5.65,-13.70,0.964
76716,234.98619135,-59.90781512,5.95,32.34,-121.90,-215.20,0.505
76742,235.07043893,-23.81805841,4.97,8.55,-15.62,-8.18,1.302
76750,235.08899554,-73.44663458,5.64,4.44,-12.76,-20.73,-0.040
76829,235.29798226,-44.66055926,4.64,57.09,-168.70,-265.69,0.413
76852,235.38788463,19.67050566,4.51,16.97,-59.86,-43.23,0.062
76866,235.44746556,12.84753869,5.34,14.28,39.68,-4.55,0.033
76877,235.47793121,-76.08186451,5.95,8.65,-8.20,-38.98,-0.034
76878,235.47815864,18.46389861,5.80,18.78,-73.00,56.85,0.207
76880,235.48674445,-19.67857446,4.75,8.16,-33.21,-104.33,1.574
76939,235.65980143,-37.42489640,5.23,12.04,-50.36,-16.11,0.987
76945,235.67098805,-34.71033325,4.75,8.24,-23.96,-30.43,-0.151
76952,235.68599269,26.29551419,3.81,22.48,-112.52,50.70,0.020
76957,235.71176316,52.36083046,5.48,10.30,-66.30,29.68,-0.042
76996,235.81708657,-84.46550807,5.57,15.02,137.01,96.74,0.118
77048,235.99716849,32.51582804,5.57,13.11,-28.80,-8.69,1.076
77052,236.00769128,2.51552506,5.86,68.16,-44.96,-144.73,0.684
77055,236.01443312,77.79449901,4.29,8.68,20.07,-2.50,0.038
77060,236.01841829,-15.67267949,5.41,22.21,-34.49,-63.48,0.238
77070,236.06664914,6.42551971,2.63,44.54,134.66,44.14,1.167
77086,236.09453394,-41.81901826,5.93,7.07,-17.70,-28.98,-0.007
77163,236.34778279,5.44732255,5.57,8.49,27.17,-3.19,0.035
77227,236.52354097,-1.80411556,5.39,7.99,-21.84,-31.77,-0.035
77233,236.54672877,15.42192602,3.65,21.31,68.54,-41.31,0.073
77257,236.61144121,7.35323973,4.42,85.08,-225.51,-68.52,0.604
77272,236.64534336,55.47460243,5.94,3.13,-120.14,77.50,1.404
77277,236.66647764,62.59969448,5.19,12.00,40.00,-56.54,0.062
77286,236.68429408,-34.68238898,5.61,8.40,-19.83,-26.63,-0.117
77336,236.82230086,14.11527157,5.71,12.95,-54.99,31.57,0.094
77370,236.90797351,55.37661523,5.85,12.56,12.64,4.82,0.249
77390,236.97123090,-65.44218988,5.54,8.03,-27.98,-41.74,0.231
77412,237.05546553,13.78933425,5.98,7.41,-8.84,-105.44,1.272
77442,237.14340120,28.15677692,5.89,0.54,-2.10,-11.52,0.608
77450,237.18503586,18.14177930,4.09,9.36,-51.78,-88.72,1.616
77464,237.23672761,-3.81852811,5.53,20.34,-29.12,6.18,0.120
77512,237.39874182,26.06854936,4.59,19.71,-79.85,-63.78,0.794
77516,237.40527375,-3.43014112,3.54,20.94,-98.07,-27.41,-0.036
77541,237.48967022,-48.91238226,5.86,16.82,-27.63,-10.43,0.068
77562,237.52962796,-53.20967534,5.78,9.00,-27.60,-39.07,-0.076
77578,237.57303895,2.19662489,5.21,12.40,30.15,-47.62,1.019
77622,237.70371344,4.47757980,3.71,46.39,127.98,61.87,0.147
77634,237.73975730,-33.62710488,3.97,15.86,-5.92,-24.91,-0.045
77635,237.74480683,-25.75123489,4.63,6.25,-13.64,-24.91,-0.072
77645,237.77836547,-55.05552532,5.74,0.89,-2.95,-3.08,0.017
77655,237.80807231,35.65822638,4.79,32.13,-8.07,-347.41,0.996
77660,237.81519764,-3.09042957,5.09,20.47,-92.51,-27.56,0.135
77661,237.81642977,20.97787548,4.74,8.26,-54.70,17.99,1.534
77738,238.06909055,55.82658167,5.81,9.09,-23.82,54.06,0.972
77760,238.16747684,42.44998796,4.60,63.08,438.97,629.52,0.563
77811,238.33358671,-20.16699405,5.04,9.15,-3.61,-19.00,-0.014
77840,238.40303498,-25.32708018,4.59,7.52,-14.42,-25.40,-0.073
77853,238.45615438,-16.72962230,4.13,20.02,100.12,135.27,1.003
77858,238.47467996,-24.53309547,5.38,7.87,-13.51,-25.42,-0.011
77859,238.48280036,-23.97803598,5.41,8.30,-12.88,-24.06,-0.033
77902,238.64443288,20.31086363,5.45,5.42,-83.83,43.04,1.588
77907,238.65782130,43.13840642,5.35,5.21,-33.32,66.12,1.645
77909,238.66474184,-25.24367939,5.87,7.16,-12.29,-25.45,-0.065
77939,238.75154369,-19.38288098,5.95,5.23,-10.63,-18.38,-0.013
77952,238.78670013,-63.42974973,2.83,81.24,-188.45,-401.92,0.315
77982,238.87338903,-68.60298616,5.11,1.09,-8.90,-6.27,1.108
77984,238.87542764,-26.26592073,5.63,7.55,-34.96,-29.93,0.141
77986,238.87754361,42.56615229,5.73,6.77,-23.28,16.79,-0.102
77990,238.88508797,-60.17747419,5.78,19.09,-47.33,-71.19,0.355
78012,238.94818797,37.94676324,5.43,24.12,29.45,80.08,0.352
78045,239.02482214,-60.48230498,5.76,15.15,-36.48,-70.88,0.087
78072,239.11247598,15.66473327,3.85,89.92,311.20,-1282.17,0.478
78104,239.22119438,-29.21401221,3.87,7.97,-15.20,-25.10,-0.199
78105,239.22283960,-33.96602225,5.14,16.35,23.80,-45.97,0.129
78106,239.22543843,-33.96415999,5.59,16.64,20.26,-49.68,0.072
78132,239.31101948,14.41426805,5.54,14.36,-120.83,87.25,1.141
78142,239.33888563,-36.18531380,5.78,3.51,-9.83,-12.37,1.095
78159,239.39709121,26.87802632,4.14,14.20,-76.55,-60.24,1.231
78168,239.41862315,-20.98302564,5.84,7.16,-10.00,-22.35,0.012
78180,239.44830388,54.74950359,4.96,29.57,-150.18,106.47,0.269
78207,239.54740116,-14.27931773,4.95,6.36,-12.29,-16.77,-0.080
78246,239.64530965,-24.83142974,5.43,6.68,-11.41,-24.06,-0.092
78265,239.71300283,-26.11404280,2.89,7.10,-12.00,-25.71,-0.180
78276,239.74039750,36.64370627,5.61,3.63,25.20,27.65,1.529
78279,239.74233223,-65.03756903,5.74,4.33,-9.49,-6.78,-0.066
78323,239.87623269,-41.74439602,4.99,8.59,-37.76,-16.51,0.988
78384,240.03058543,-38.39664079,3.42,6.61,-16.58,-27.06,-0.206
78400,240.08324525,-16.53238334,5.47,30.49,-636.53,-397.92,0.517
78401,240.08338225,-22.62162024,2.29,8.12,-8.67,-36.90,-0.117
78436,240.19850629,-8.41132413,5.53,7.10,-15.05,-11.99,0.043
78442,240.21316189,4.42718026,5.82,13.62,-43.01,75.24,1.003
78459,240.26166247,33.30538815,5.39,57.38,-196.89,-773.01,0.612
78481,240.30977487,17.81802578,5.10,10.58,-46.09,152.84,0.992
78493,240.36079431,29.85107821,4.98,9.29,-38.20,-6.90,-0.050
78527,240.47376560,58.56443739,4.01,47.79,-320.07,334.96,0.528
78542,240.52315266,52.91600607,5.93,3.98,1.80,-36.56,1.498
78554,240.57370453,22.80439543,4.82,18.42,4.57,24.04,0.066
78592,240.69937951,46.03685378,4.72,8.68,56.01,-61.25,-0.094
78639,240.80358419,-49.22972074,4.65,14.97,41.18,10.39,0.902
78649,240.83066182,36.63181986,5.79,4.72,8.03,-13.52,0.586
78650,240.83611243,-25.86514891,4.96,15.39,-67.89,-37.57,1.234
78655,240.85084398,-38.60247122,4.90,6.19,-17.68,-28.54,-0.146
78661,240.88081682,76.79388926,5.73,5.61,-17.52,20.44,0.051
78662,240.88425437,-57.77487351,4.63,23.26,-118.32,-78.34,0.252
78747,241.15379632,-37.86266825,5.91,25.10,-128.48,-116.19,0.409
78820,241.35931206,-19.80539286,2.56,6.15,-6.75,-24.89,-0.065
78821,241.36073017,-19.80184191,4.90,2.88,-34.59,-7.47,-0.024
78868,241.48284121,-72.40107181,5.70,11.31,-33.29,71.48,1.169
78877,241.52660087,-23.60624433,5.90,6.70,-10.98,-29.18,-0.071
78893,241.58221690,67.80998136,5.44,11.92,-35.94,62.65,-0.019
78914,241.62259840,-45.17327517,4.73,26.41,17.47,37.03,0.230
78918,241.64815129,-36.80221297,4.22,7.94,-15.84,-31.06,-0.184
78933,241.70180197,-20.66913479,3.93,7.70,-10.55,-23.73,-0.046
78970,241.81739481,-36.75553887,5.72,19.22,52.54,-56.45,0.298
78990,241.85125058,-20.86865410,4.31,12.32,43.68,-45.30,0.831
79005,241.90183590,-12.74534315,5.75,7.66,-41.67,-27.64,0.018
79007,241.90646234,9.89176025,5.63,12.12,-20.84,-7.13,0.200
79043,242.01894370,17.04699349,5.00,8.40,-34.29,-5.46,0.931
79050,242.03133733,-26.32666483,5.35,7.67,99.72,-5.78,1.643
79072,242.11701282,8.53432477,5.69,5.74,-13.62,-6.16,1.575
79098,242.18219664,-23.68535317,5.86,7.65,-10.21,-25.79,0.020
79101,242.19249715,44.93481883,4.23,14.27,-25.98,35.86,-0.045
79119,242.24303566,36.49010935,4.73,28.84,-40.71,343.47,1.015
79120,242.24541959,3.45444515,5.93,7.58,-36.32,12.17,1.471
79137,242.29609713,6.38050993,5.93,32.84,258.17,-746.68,0.988
79153,242.32734737,-57.93417299,5.57,12.02,-13.19,-59.65,-0.024
79195,242.46055144,-3.46673076,5.39,6.60,-24.27,0.64,1.446
79199,242.46919686,-33.54569572,5.50,7.53,-25.69,-44.91,-0.075
79280,242.70636884,75.87753079,5.48,4.90,-1.38,13.19,-0.093
79302,242.75886281,-29.41600661,5.09,12.77,-85.58,-87.92,1.131
79320,242.82403118,-41.11949816,5.86,14.44,-79.37,-125.52,0.273
79349,242.90853829,23.49482992,5.74,5.76,-21.23,-11.72,1.519
79357,242.94835302,42.37450876,5.89,3.49,-6.95,24.71,1.464
79358,242.95025417,36.42516245,5.62,5.34,-8.89,-28.00,1.352
79374,242.99891879,-19.46064684,4.00,7.47,-9.70,-25.25,0.076
79375,243.00000648,-10.06418514,4.93,19.79,-21.92,-27.95,0.087
79387,243.03037216,-8.54757943,5.43,13.05,44.39,1.45,0.118
79399,243.06689523,-28.41720570,5.67,10.94,-22.99,-40.90,0.012
79404,243.07588221,-27.92631564,4.58,6.97,-10.31,-23.17,-0.172
79488,243.31420074,5.02109890,5.46,7.68,36.31,-5.11,1.472
79497,243.34499914,-55.54084556,5.78,14.13,-100.49,-41.91,0.365
79509,243.36972631,-54.63041289,4.95,7.45,-5.33,-22.48,1.017
79540,243.46211879,-11.83772219,5.24,7.43,-5.96,-10.11,1.394
79593,243.58652601,-3.69397562,2.73,19.16,-45.83,-142.91,1.584
79596,243.59321316,-33.01104217,5.91,5.07,-8.41,-18.79,1.021
79607,243.67100328,33.85882404,5.23,46.11,-266.47,-86.88,0.599
79653,243.81394732,-47.37190984,5.13,11.06,-36.77,-45.86,-0.114
79664,243.85944228,-63.68564897,3.86,5.25,3.51,-13.49,1.105
79666,243.86948873,18.80829264,5.72,10.31,-68.39,-84.77,1.126
79672,243.90472242,-8.36823651,5.49,71.30,232.16,-495.84,0.652
79689,243.95754643,-57.91222851,5.61,8.82,-12.12,-49.86,0.137
79754,244.18029083,-53.81110764,5.45,4.05,8.62,-0.67,1.696
79757,244.18654828,29.15030220,5.80,3.95,23.60,-17.05,0.063
79790,244.25389798,-50.06811224,4.97,2.27,-2.24,-3.96,0.788
79797,244.27284183,-67.94107968,5.95,18.13,-44.74,-84.65,0.159
79804,244.31391116,59.75496116,5.37,4.96,6.81,25.56,1.551
79822,244.37708768,75.75470385,4.95,33.52,-89.94,257.80,0.393
79881,244.57467023,-28.61377598,4.80,23.23,-33.79,-100.59,0.008
79882,244.58016994,-4.69260809,3.23,30.34,82.39,40.08,0.966
79938,244.75180357,-14.87282262,5.97,3.77,-21.18,-1.13,1.475
79953,244.79680216,49.03807805,5.93,5.11,-21.35,33.40,1.369
79963,244.82350183,-42.67394008,5.44,6.97,6.62,-10.28,0.099
79980,244.88617634,-30.90676896,5.53,24.10,82.88,21.81,0.466
79992,244.93519958,46.31327084,3.91,10.37,-13.15,39.31,-0.151
80000,244.96069832,-50.15537923,4.01,25.58,-159.36,-52.84,1.080
80008,244.98017016,39.70859042,5.48,37.29,-129.35,-2.49,0.410
80047,245.08681283,-78.69565609,4.68,4.26,-9.91,-36.59,1.680
80054,245.10512753,-55.13967135,5.76,8.98,19.61,-14.30,0.970
80057,245.11193231,-78.66742066,5.27,4.92,-1.67,-30.98,1.413
80079,245.15909758,-24.16928427,4.55,2.77,-4.23,-14.71,0.758
80112,245.29717718,-25.59275259,2.90,4.44,-10.03,-18.03,0.299
80161,245.45308916,69.10941712,5.26,11.09,-18.48,-10.59,1.115
80170,245.48018203,19.15302185,3.74,16.69,-47.44,44.61,0.299
80179,245.51850007,1.02892219,4.82,36.56,-156.01,48.09,0.338
80181,245.52454222,30.89173424,4.86,17.76,-97.35,107.68,0.970
80197,245.58925615,33.79914473,5.20,5.87,5.52,-38.25,1.631
80208,245.61669217,-49.57229123,5.32,5.86,-12.32,-26.01,-0.047
80212,245.62114131,-43.91202357,5.89,3.13,-8.44,-11.32,1.121
80214,245.62175969,33.70335685,5.40,5.98,-5.22,50.03,1.523
80309,245.94662440,61.69637867,5.67,7.91,-29.54,33.99,0.956
80331,245.99794523,61.51407536,2.73,37.18,-16.98,56.68,0.910
80337,246.00514651,-39.19298857,5.37,77.69,72.64,3.41,0.625
80343,246.02582204,-20.03721137,4.48,18.32,-21.48,-47.53,0.996
80351,246.04511352,6.94817146,5.83,9.55,4.57,14.72,0.018
80375,246.10552808,55.20504560,5.75,8.90,11.87,20.67,0.001
80390,246.13235569,-37.56597007,5.42,6.97,-14.06,-30.44,-0.104
80399,246.16552568,-29.70446361,5.40,31.82,69.27,-82.06,0.625
80460,246.35069083,37.39407872,5.53,12.73,2.63,0.18,0.174
80463,246.35387324,14.03341514,4.57,13.87,39.39,-59.89,0.002
80473,246.39633811,-23.44711764,4.57,8.27,-5.61,-25.04,0.227
80480,246.43136816,78.96360053,5.55,23.61,-113.04,104.23,0.249
80569,246.75599294,-18.45619698,4.22,6.67,-5.58,-22.22,0.217
80582,246.79603256,-47.55473590,4.46,8.16,-13.72,-20.63,-0.070
80620,246.93107061,-7.59755617,5.24,6.43,-0.95,-153.41,1.721
80628,246.95094563,-8.37170055,4.62,26.67,-67.26,-12.60,0.185
80645,246.98864198,-64.05800515,5.28,24.75,52.71,26.08,0.383
80650,246.99605488,68.76805491,4.94,6.64,-24.53,33.82,-0.051
80672,247.06024024,-37.17981606,5.79,10.22,15.06,-26.90,1.104
80675,247.06326516,-58.59970914,5.67,4.80,-22.18,-35.34,0.008
80686,247.11583852,-70.08467012,4.90,82.61,199.89,110.77,0.555
80693,247.14157201,0.66516717,5.41,7.72,6.97,-67.95,1.461
80704,247.16052050,41.88169065,4.83,9.03,29.15,-5.51,1.289
80763,247.35194804,-26.43194608,1.06,5.40,-10.16,-23.21,1.865
80782,247.42637688,-46.24321937,5.35,2.73,-3.42,-3.81,0.488
80793,247.44542879,-14.55089750,5.66,12.18,33.75,7.57,0.823
80815,247.55199128,-25.11515935,4.79,8.30,-3.42,-26.52,-0.116
80816,247.55525697,21.48964850,2.78,22.07,-98.43,-14.49,0.947
80843,247.64001746,20.47934589,5.24,4.30,-89.48,-64.94,1.274
80874,247.70572277,-61.63348127,5.19,4.87,-11.39,-8.99,1.236
80883,247.72850509,1.98410056,3.82,19.63,-31.37,-73.00,0.022
80894,247.78497886,-16.61264015,4.29,15.53,-44.57,-38.04,0.924
80898,247.80599042,22.19543891,5.76,3.52,-10.21,7.76,1.605
80911,247.84558957,-34.70432087,4.24,4.37,-11.51,-18.56,-0.168
80945,247.92404718,-41.81714208,5.31,0.38,-3.45,-1.06,0.299
80953,247.94681111,45.59818403,5.61,14.48,-7.89,39.89,0.125
80975,248.03411079,-21.46647783,4.45,18.66,20.21,36.23,0.130
80991,248.10689767,60.82334694,5.92,9.72,20.65,-9.79,0.039
81007,248.14865065,5.52122134,5.63,10.12,15.55,-0.41,-0.044
81008,248.15165942,11.48823391,4.84,10.29,-178.38,-79.16,1.495
81065,248.36443409,-78.89695917,3.86,20.44,-125.68,-77.59,0.923
81122,248.52091772,-44.04530868,4.86,0.70,0.52,-2.53,0.045
81126,248.52578863,42.43689565,4.20,10.79,-9.03,59.80,-0.013
81141,248.58070589,-70.98806509,5.50,3.46,-16.37,-13.31,1.235
81252,248.93654572,-65.49532908,5.50,9.94,33.92,-28.75,0.949
81266,248.97066423,-28.21596156,2.82,7.59,-8.59,-22.50,-0.206
81289,249.04671628,46.61332505,5.83,3.71,-11.23,3.31,1.044
81290,249.04763676,52.89997858,5.53,8.16,-12.94,28.67,-0.060
81292,249.05721668,52.92435554,5.07,8.22,-12.28,27.38,-0.027
81300,249.08826456,-2.32383592,5.77,102.27,455.22,-307.63,0.827
81304,249.09358718,-35.25535553,4.18,9.63,14.72,12.14,1.535
81305,249.09402476,-42.85885401,5.46,1.07,-4.34,-3.04,0.338
81377,249.28970847,-10.56715180,2.54,7.12,13.07,25.44,0.038
81437,249.50191391,56.01538883,5.28,12.60,6.08,62.10,1.055
81472,249.60958867,-43.39837584,5.83,4.75,-11.68,-20.60,-0.053
81497,249.68703338,48.92827739,4.86,8.67,-48.10,26.81,1.562
81523,249.77181329,-37.21726333,5.93,7.51,-11.77,-43.93,-0.035
81641,250.16119601,4.21981484,5.77,10.76,-0.23,-10.70,-0.004
81660,250.22966425,64.58908555,4.84,4.79,-0.04,-16.18,1.212
81693,250.32282132,31.60188695,2.81,92.63,-462.58,345.05,0.650
81702,250.33506617,-48.76296994,5.57,-1.86,-1.14,5.49,0.169
81710,250.34637667,-68.29609440,5.89,4.74,-14.06,-11.79,-0.078
81724,250.39331786,-17.74216462,4.91,8.34,-21.66,-0.92,1.095
81729,250.40291009,26.91698945,5.92,23.35,0.89,-44.83,0.402
81733,250.41761484,-49.65154575,5.62,1.00,-2.79,-2.74,-0.043
81734,250.42725289,1.18110145,5.74,19.70,-101.96,53.42,0.336
81741,250.43956303,-33.14562113,5.84,11.16,-58.83,-56.81,0.653
81754,250.47364200,-19.92447879,5.55,23.50,28.16,41.95,0.436
81833,250.72391068,38.92246103,3.48,29.11,35.58,-84.98,0.916
81852,250.77258180,-77.51657182,4.23,20.69,-282.83,-355.03,1.060
81854,250.77557016,77.51347098,5.99,27.78,56.38,206.46,0.430
81966,251.16564097,-53.15228963,5.96,4.74,-10.74,-9.66,1.230
81972,251.17750890,-40.83962254,5.64,6.62,-11.52,-21.63,-0.093
81992,251.25086797,-28.50965621,5.99,4.32,-28.20,-0.47,0.103
82020,251.32412380,56.78168723,4.84,37.41,26.31,69.96,0.375
82028,251.34377167,15.74541189,5.60,6.31,24.04,-50.64,1.637
82073,251.45788751,8.58257816,5.15,9.30,-2.86,15.67,1.535
82080,251.49233961,82.03725071,4.21,9.41,19.54,4.67,0.897
82110,251.58844780,-58.50356849,5.74,3.89,-2.22,-10.78,-0.101
82129,251.66672526,-67.10965828,5.10,5.21,-15.20,-13.34,-0.080
82135,251.69988126,-39.37689836,5.48,8.83,-17.66,-26.16,0.975
82171,251.83193375,-58.34139234,5.55,1.56,-5.77,-20.09,-0.096
82172,251.83227018,42.23897955,5.86,4.39,2.29,-25.31,1.504
82216,251.94346342,5.24684013,5.22,7.09,-21.75,-38.74,-0.001
82273,252.16610742,-69.02763503,1.91,7.85,17.85,-32.92,1.447
82321,252.30916380,45.98344780,4.82,18.62,22.78,-51.37,0.087
82350,252.39447601,13.26119970,5.91,11.34,-29.03,-24.26,0.015
82363,252.44629764,-59.04131648,3.77,10.41,39.59,-25.28,1.562
82369,252.45822137,-10.78280069,4.64,27.04,93.70,-81.94,0.478
82396,252.54268738,-34.29260982,2.29,49.85,-611.83,-255.87,1.144
82402,252.58062783,7.24770528,5.48,17.30,51.83,-8.98,0.108
82422,252.66234241,29.80654506,5.73,3.53,-5.54,-2.99,1.626
82480,252.85391115,1.21598136,5.51,9.45,-17.20,-14.02,0.055
82493,252.89050874,-41.23053288,5.23,0.48,0.55,-0.44,0.047
82504,252.93856397,24.65641963,5.03,4.30,10.30,5.45,1.246
82514,252.96766195,-38.04732717,3.00,3.97,-8.84,-21.60,-0.200
82545,253.08397295,-38.01747781,3.56,6.31,-12.92,-23.80,-0.210
82587,253.24216797,31.70171538,5.34,33.30,-91.15,-17.10,0.319
82611,253.32330049,47.41649815,5.99,5.34,-40.83,93.55,1.325
82621,253.35523754,-20.41548861,5.86,35.73,-58.05,-27.26,0.685
82650,253.42682079,-43.05089096,5.95,2.81,-15.13,-31.80,1.643
82671,253.49886366,-42.36201968,4.70,-1.13,-0.48,-2.17,0.444
82672,253.50168481,-57.90920925,5.91,4.74,-40.80,-122.49,1.592
82673,253.50209743,10.16544339,4.39,13.95,-53.75,-34.68,-0.088
82676,253.50765901,-41.80638305,5.46,0.55,-1.75,-2.47,0.176
82716,253.61225569,-42.47887550,5.84,-0.27,0.57,-6.33,0.626
82729,253.64627156,-42.36075916,3.62,21.67,-126.55,-227.77,1.393
82730,253.64879810,-6.15392897,5.23,13.14,-30.23,-21.86,1.100
82764,253.72973020,20.95848435,5.39,12.80,56.33,1.50,0.966
82775,253.74377203,-41.15085448,5.78,0.34,-0.16,-1.36,0.132
82802,253.84265772,18.43318381,5.35,9.19,-114.79,11.85,1.407
82806,253.85282694,-63.26962566,5.99,7.27,7.66,-13.72,0.059
82860,254.00566477,65.13467204,4.88,66.28,238.05,50.84,0.481
82902,254.12000822,-52.28364331,5.94,10.35,-35.74,-42.44,-0.069
82925,254.20015918,-23.15032178,5.57,8.99,-2.29,-9.89,-0.018
82960,254.29655015,-33.25946890,5.48,4.50,5.93,-9.61,1.606
83000,254.41779418,9.37505626,3.19,37.99,-293.03,-9.70,1.160
83057,254.57478718,-50.64109176,5.53,6.23,-10.20,-38.25,0.016
83081,254.65512817,-55.99005508,3.12,5.68,-18.31,-35.29,1.552
83150,254.89159236,-69.26813178,5.79,3.32,-13.94,-13.12,-0.103
83153,254.89602773,-53.16049005,4.06,10.72,1.12,21.53,1.452
83176,254.99043286,-25.09216189,5.88,6.76,2.68,-15.00,1.607
83187,255.02619645,-54.59700158,5.64,19.74,-7.69,-73.04,0.194
83196,255.03949377,-24.98893659,5.74,30.05,49.14,-54.89,0.407
83207,255.07252582,30.92633926,3.92,20.04,-47.68,26.89,-0.018
83216,255.11239709,-48.64756342,5.98,8.39,-16.98,-80.41,0.883
83235,255.15413916,-35.93397620,5.95,11.18,-8.01,-64.36,1.161
83254,255.24225416,22.63215190,5.69,1.07,-8.70,-23.29,1.332
83262,255.26510631,-4.22245426,4.82,8.11,-40.28,-77.92,1.483
83313,255.40149728,33.56826922,5.27,11.05,2.46,0.25,0.028
83336,255.46937192,-32.14340148,5.03,6.64,-9.64,-48.35,-0.100
83367,255.57775223,25.50537839,5.76,8.84,55.19,99.25,1.018
83430,255.78273333,14.09210030,4.97,7.97,25.96,-63.21,1.600
83431,255.78628886,-53.23662642,5.27,37.97,1.16,-165.10,0.498
83478,255.91381185,13.60542885,5.91,12.38,-21.43,-33.96,0.010
83491,255.96197569,-38.15248750,5.91,15.61,90.49,-34.72,0.409
83535,256.10302112,-57.71210729,5.73,4.51,-3.54,-24.38,-0.097
83574,256.20562945,-34.12292247,4.83,1.22,1.98,-3.20,0.257
83608,256.33409280,54.46986308,4.91,37.08,-66.00,73.86,0.471
83613,256.34441753,12.74085469,4.89,22.68,50.63,-11.02,0.125
83635,256.38440349,-0.89206540,5.63,4.26,4.34,-1.91,0.104
83692,256.57545246,22.08424707,5.56,9.11,-97.78,-38.65,1.299
83693,256.58414643,-37.22753062,5.98,7.73,-7.95,-24.42,0.076
83838,257.00867045,35.93521504,5.41,18.55,-24.25,-17.05,0.309
83854,257.06188469,-17.60896664,5.98,8.13,4.62,-34.99,1.011
83895,257.19677111,65.71463676,3.17,9.60,-20.76,19.15,-0.120
83896,257.19810689,-30.40356872,5.93,12.21,-11.89,-66.39,0.276
83947,257.38867303,40.77701519,5.07,11.73,-43.78,7.37,1.275
83962,257.44965775,-10.52303750,5.43,24.79,54.71,-108.57,0.465
84012,257.59442659,-15.72514757,2.43,38.77,41.16,97.65,0.059
84033,257.67646022,-44.55755110,5.06,10.87,-33.25,-69.11,0.867
84105,257.91114525,-48.87338828,5.94,3.93,5.94,-4.36,1.786
84143,258.03823300,-43.23849039,3.32,45.56,22.01,-287.41,0.441
84150,258.06756446,-39.50677484,5.66,15.46,-13.81,-71.78,0.042
84177,258.11585728,10.58522897,5.32,4.20,6.06,-25.22,1.593
84183,258.13566410,62.87422062,5.54,24.01,15.91,48.03,0.216
84226,258.24398720,-32.43832730,5.95,0.87,1.98,-1.99,0.071
84248,258.32546891,-67.19637197,5.87,9.98,-156.26,-90.10,1.070
84345,258.66192687,14.39025314,2.78,8.53,-6.71,32.78,1.164
84379,258.75801735,24.83958739,3.12,41.55,-21.14,-157.68,0.080
84380,258.76189282,36.80915527,3.16,8.89,-27.35,2.70,1.437
84401,258.83019699,-33.54841317,5.60,0.73,0.10,-2.98,-0.056
84402,258.83456460,-14.58412556,5.98,10.63,-18.86,-5.88,1.096
84405,258.83869698,-26.60004896,4.33,167.08,-473.69,-1143.93,0.855
84425,258.90032398,-38.59295116,5.95,32.60,-169.82,-388.80,0.580
84431,258.92290165,23.74270442,5.99,4.37,-41.52,23.17,1.335
84500,259.13216019,1.21058377,5.89,5.38,-4.39,-15.73,0.023
84514,259.15294004,-0.44514192,4.72,14.97,-33.09,-63.92,1.119
84551,259.26547645,-32.66270528,5.53,19.80,-99.18,-55.48,0.514
84573,259.33154372,33.10011419,4.80,3.77,-3.68,-5.74,-0.166
84606,259.41785775,37.29134328,4.64,18.34,-42.74,63.76,0.043
84626,259.50298647,-24.28688289,5.14,8.98,-59.49,-7.69,1.046
84656,259.59700051,38.81121445,5.97,10.20,-12.39,74.11,1.011
84671,259.65410656,10.86471277,5.03,4.72,8.08,-97.65,1.539
84690,259.69932810,-44.12970725,5.76,9.62,-11.78,-16.14,-0.049
84691,259.70206340,28.82298375,5.68,10.24,47.98,-6.63,0.981
84709,259.73483426,-34.98957161,5.91,143.45,1149.24,-90.80,1.082
84720,259.76230946,-46.63650010,5.47,113.81,1035.25,109.22,0.764
84731,259.80212875,-59.69459145,5.93,1.59,-1.74,-8.39,1.389
84769,259.90436303,80.13639898,5.74,3.29,18.49,0.16,1.499
84821,260.04094409,25.53764398,5.36,6.49,13.13,-16.91,0.063
84833,260.07860691,18.05721601,5.01,6.90,8.99,-55.69,1.654
84835,260.08811224,46.24068047,5.51,5.66,-29.83,40.92,1.586
84862,260.16447313,32.47027246,5.38,69.48,135.40,-1040.55,0.619
84880,260.20681480,-12.84688200,4.32,16.86,42.75,2.72,0.037
84887,260.22591010,24.49943984,5.13,7.05,-19.36,-1.91,0.000
84893,260.25087615,-21.11243499,4.39,57.48,262.01,-204.74,0.394
84949,260.43172028,39.97480822,5.55,15.53,5.67,-65.62,0.667
84950,260.43895966,53.42042212,5.69,5.52,18.54,2.60,1.463
84969,260.49806157,-67.77064960,4.76,10.46,-37.10,-7.78,1.194
84970,260.50243371,-24.99948797,3.27,5.79,-8.84,-23.64,-0.186
84979,260.52449572,-70.12317887,5.39,2.85,-1.73,-12.04,-0.042
85048,260.72806023,-37.22069314,5.91,7.75,19.96,-38.37,1.075
85049,260.73011706,-58.01028930,5.86,4.15,-5.59,-15.56,1.075
85068,260.77963562,-56.52555632,5.76,7.98,7.48,3.75,0.994
85079,260.81700400,-47.46815380,5.21,4.52,-6.66,-17.63,-0.097
85084,260.83996212,-28.14276032,5.30,5.44,0.37,-29.26,1.549
85112,260.92072033,37.14592396,4.15,8.12,-38.58,9.19,-0.011
85139,260.99005723,8.85258733,5.77,3.03,4.22,-6.91,1.251
85147,261.00448429,-62.86413165,5.69,1.99,0.66,-8.95,-0.147
85157,261.02756159,22.96037466,5.70,23.37,-43.53,-36.77,0.229
85162,261.05455256,-44.16250170,5.10,4.31,-6.87,-30.41,-0.052
85169,261.07831712,-60.67376920,5.76,4.62,0.52,-12.29,-0.067
85185,261.13137304,16.30107639,5.75,7.55,12.58,-28.83,0.074
85207,261.17516721,-21.44141348,5.82,10.81,-14.94,-27.00,0.939
85258,261.32498828,-55.52982397,2.84,5.41,-8.23,-24.71,1.479
85267,261.34858274,-56.37768824,3.31,2.87,-0.77,-15.85,-0.150
85290,261.42234840,60.04834069,5.65,9.58,-8.10,23.57,0.024
85312,261.50012163,-50.63353205,5.19,8.19,15.80,9.18,1.055
85340,261.59257241,-24.17502346,4.16,38.96,-1.97,-117.69,0.283
85355,261.62866503,4.14034239,4.34,2.78,1.25,7.09,1.480
85365,261.65806271,-5.08649188,4.53,33.28,-91.53,-42.75,0.385
85379,261.68434277,48.26007218,5.83,8.98,0.22,-3.02,0.121
85382,261.69235534,34.69569698,5.94,11.63,-27.61,43.04,-0.017
85385,261.70469683,20.08093784,5.52,6.94,0.16,16.11,-0.119
85389,261.71659776,-45.84296289,5.28,5.44,-6.43,-27.58,-0.058
85409,261.80191959,-50.63036560,5.90,1.95,3.04,-1.93,0.063
85423,261.83860010,-29.86669942,4.28,29.26,14.38,-137.41,0.402
85442,261.90648805,-29.72448960,5.98,5.44,-8.10,-31.72,0.010
85470,261.99006555,-52.29702909,5.72,10.44,-15.57,-57.04,1.169
85520,262.16213171,-55.16966503,5.93,3.63,3.08,-8.76,1.113
85537,262.20705273,0.33057703,5.41,15.86,-64.73,19.86,0.237
85543,262.23370580,-36.77826780,5.98,5.12,-3.09,-5.04,1.112
85667,262.59946496,-1.06250365,5.31,60.80,-126.64,-172.00,0.715
85670,262.60823708,52.30135901,2.79,9.02,-15.59,11.57,0.954
85693,262.68457505,26.11060450,4.41,8.88,18.39,16.78,1.434
85696,262.69099501,-37.29574016,2.70,6.29,-4.19,-29.14,-0.179
85699,262.69570753,86.96802383,5.78,20.88,56.09,9.68,0.239
85715,262.73071285,31.15810073,5.63,8.65,3.81,15.59,0.960
85727,262.77490395,-60.68360667,3.60,17.42,-53.65,-99.37,-0.104
85749,262.83893822,2.72446012,5.57,8.75,-19.25,19.22,0.844
85751,262.84701749,-56.92095404,5.99,1.52,-0.85,-4.16,-0.045
85755,262.85396193,-23.96258036,4.78,7.65,4.91,-25.90,0.016
85760,262.86447140,-80.85902834,5.83,4.02,-2.27,-43.34,1.617
85790,262.95655998,28.40743646,5.66,11.86,7.46,25.64,-0.001
85792,262.96050661,-49.87598159,2.84,13.46,-31.27,-67.15,-0.136
85805,262.99120820,68.13470186,5.07,15.02,-13.56,132.70,1.077
85819,263.04340826,55.18411077,4.89,32.96,148.53,54.24,0.251
85822,263.05373826,86.58632924,4.35,17.85,10.54,53.97,0.021
85829,263.06616249,55.17280674,4.86,32.64,143.71,62.46,0.279
85888,263.28045982,41.24359953,5.72,8.62,-67.50,-62.08,1.089
85889,263.28077941,-41.17305756,5.84,3.32,2.43,-3.60,0.041
85912,263.34517510,19.25689917,5.65,27.26,-29.48,-91.32,0.505
85922,263.37445668,-5.74457168,5.61,20.66,-42.20,-95.38,0.187
85927,263.40219373,-37.10374835,1.62,4.64,-8.90,-29.95,-0.231
85930,263.41413313,16.31770553,5.68,10.20,-5.67,-62.67,1.002
85998,263.65287832,9.58672378,5.80,9.54,6.63,-9.77,0.040
86011,263.67704498,-32.58165772,5.69,0.96,3.68,-1.68,0.045
86019,263.69312162,-11.24200693,5.54,8.65,3.02,3.24,0.013
86032,263.73335321,12.56057584,2.08,69.84,110.08,-222.61,0.155
86036,263.74687828,61.87583150,5.23,70.98,277.38,-525.62,0.602
86092,263.91504719,-46.50559076,4.56,8.46,-25.13,-38.32,-0.020
86170,264.13686148,-38.63486521,4.26,22.64,-18.47,-182.29,1.075
86182,264.15677461,48.58547866,5.35,9.91,31.75,64.13,1.142
86201,264.23787472,68.75718933,4.77,42.62,1.34,321.05,0.430
86219,264.28682150,72.45575693,5.87,10.17,24.06,15.34,1.016
86228,264.32969072,-42.99782155,1.86,11.99,6.06,-0.95,0.406
86248,264.36379930,-50.05948478,5.89,9.43,0.84,-89.48,1.109
86254,264.37957747,24.30996890,5.76,13.59,-6.19,9.29,0.114
86263,264.39677181,-15.39840835,3.54,30.93,-39.30,-61.27,0.262
86266,264.40085142,-15.57103656,5.94,1.22,0.99,-0.64,0.357
86284,264.46133236,-8.11872126,4.58,5.94,-11.70,-20.38,0.132
86305,264.52319296,-54.50007025,5.25,23.71,-49.68,-149.54,0.195
86313,264.53963734,-10.92624683,5.74,7.67,-14.40,-8.61,1.228
86414,264.86621847,46.00632216,3.82,6.58,-7.17,3.97,-0.179
86486,265.09888468,-49.41515481,4.76,45.72,104.28,-177.67,0.415
86552,265.31763202,-46.92181116,5.78,4.94,10.77,-7.68,-0.004
86565,265.35381884,-12.87517268,4.24,19.41,-72.16,-55.22,0.086
86575,265.38468625,6.31316423,5.97,2.63,-2.97,-3.22,1.271
86614,265.48461270,72.14949916,4.57,45.38,26.60,-269.77,0.434
86620,265.49182676,72.15757591,5.81,44.80,34.97,-273.61,0.530
86623,265.49432602,15.95217942,5.54,28.15,-6.99,103.01,0.387
86667,265.61832228,24.56431006,5.56,8.92,-55.19,-103.84,1.436
86670,265.62199908,-39.02992092,2.39,7.03,-6.49,-25.55,-0.171
86698,265.71288389,-36.94550742,5.53,6.02,8.42,-23.50,1.553
86731,265.84016161,24.32764591,5.73,26.13,-116.66,72.26,0.683
86736,265.85772897,-21.68308566,4.86,57.00,-97.93,-44.57,0.469
86742,265.86823714,4.56691684,2.76,39.78,-40.67,158.80,1.168
86782,265.99651272,53.80175482,5.75,7.90,13.32,-16.35,0.017
86796,266.03632110,-51.83358836,5.12,65.46,-15.06,-191.17,0.694
86847,266.17502411,-42.72930009,5.87,12.12,5.18,-0.97,0.163
86871,266.23268300,-57.54551015,5.97,8.03,18.09,-12.25,0.912
86929,266.43334347,-64.72373450,3.61,8.79,-11.08,-56.37,1.161
86974,266.61549553,27.72249917,3.42,119.05,-291.42,-750.00,0.750
87044,266.78349746,17.69704078,5.61,8.86,11.07,-11.19,0.036
87072,266.89011276,-27.83076255,4.53,3.03,-3.62,-10.67,0.600
87073,266.89617137,-40.12698197,2.99,1.82,0.44,-6.40,0.509
87074,266.90330267,-14.72578118,5.93,6.39,-22.19,-17.58,0.009
87108,266.97322515,2.70745875,3.75,34.42,-23.15,-75.12,0.043
87158,267.10313561,20.56542749,5.69,13.04,25.03,5.52,0.938
87194,267.20478791,25.62296216,5.09,15.94,-3.67,-38.51,1.141
87212,267.26805764,50.78054478,5.02,15.03,-51.89,218.15,0.043
87220,267.29363880,-31.70318435,4.79,5.37,4.22,-7.89,-0.028
87234,267.36223704,76.96227797,5.02,31.13,37.33,247.98,0.518
87261,267.46438020,-37.04337105,3.19,25.71,42.09,27.77,1.192
87294,267.54629170,-40.09042823,4.78,0.88,3.63,-2.73,0.259
87308,267.59529976,29.32202669,5.51,12.23,30.88,47.88,1.071
87314,267.61829297,-53.61238082,5.68,3.96,2.43,-10.42,-0.099
87390,267.88572115,-40.77232768,5.94,4.42,-51.34,-55.00,1.572
87393,267.89779898,-60.16401809,5.78,8.79,-0.14,-15.69,1.008
87460,268.05691299,-34.79918358,5.88,3.93,3.29,-5.35,-0.111
87472,268.08233216,-34.41683044,5.84,4.38,3.35,-4.86,1.129
87491,268.14776351,1.30504981,5.91,9.30,-32.72,-14.91,1.573
87558,268.30941640,6.10125423,5.77,31.87,-127.82,69.89,0.425
87563,268.32509092,40.00783707,5.17,8.97,7.85,50.36,1.166
87569,268.34779437,-34.89510976,5.58,3.09,2.38,-6.15,1.098
87585,268.38178961,56.87245216,3.73,29.26,93.65,78.44,1.177
87728,268.79640765,72.00513388,5.43,4.51,8.03,-2.92,0.340
87747,268.85494207,26.04997848,5.47,1.02,4.39,4.97,0.341
87777,268.96171591,22.46422113,5.62,6.67,-2.11,-0.17,1.249
87808,269.06324389,37.25052158,3.86,4.87,2.74,7.24,1.350
87812,269.07667921,0.67035571,5.82,3.93,-3.72,-0.36,0.058
87813,269.07933864,-15.81236072,5.93,13.11,-9.61,-66.17,0.024
87833,269.15157439,51.48895101,2.24,22.10,-8.52,-23.05,1.521
87836,269.17424596,-28.06534940,5.76,19.87,31.86,-18.17,0.207
87846,269.19760682,-44.34219871,4.85,9.39,-3.19,-19.50,1.176
87847,269.19895085,-4.08180189,5.44,7.66,-5.52,-8.86,1.162
87875,269.26792871,0.06668731,5.95,10.46,20.54,-9.23,0.110
87933,269.44096106,29.24792527,3.70,24.12,82.33,-18.73,0.935
87936,269.44919385,-41.71625842,4.88,5.96,-1.71,-15.14,1.617
87998,269.62562385,30.18926892,4.41,4.10,-0.48,3.23,0.380
88012,269.66270935,-28.75907603,5.99,2.45,-0.82,-5.21,-0.077
88038,269.73199696,-36.85840855,5.74,8.93,12.10,13.51,0.915
88048,269.75665662,-9.77334973,3.32,21.35,-10.31,-116.12,0.987
88060,269.77199900,-30.25300479,5.00,3.49,2.51,-8.30,1.654
88101,269.90318648,-4.82091169,5.86,5.90,-2.50,-88.30,1.561
88116,269.94815306,-23.81601126,4.74,7.47,-5.40,-50.30,-0.030
88122,269.98417988,45.50146059,5.69,5.34,3.89,-34.03,1.562
88128,270.01425282,16.75094481,4.67,4.97,-7.53,-10.61,1.254
88136,270.03777781,80.00379394,5.74,18.84,46.91,124.03,0.516
88149,270.06582324,4.36864674,4.79,4.82,1.78,-12.95,-0.100
88175,270.12050178,-3.69016112,4.62,43.11,154.17,-44.43,0.390
88192,270.16131466,2.93158759,3.93,2.30,0.41,-8.22,0.029
88267,270.37667886,21.59568814,4.26,6.93,7.55,38.79,0.406
88290,270.43828967,1.30510936,4.42,12.31,15.43,-13.61,0.046
88298,270.47658742,-22.78029065,5.72,-0.14,-0.49,-2.95,-0.030
88331,270.59604036,20.83364838,5.25,3.17,-1.85,-6.91,-0.100
88380,270.71290783,-24.28242475,5.37,2.95,0.69,-17.70,0.495
88404,270.77046145,-8.18025785,4.77,19.22,15.11,-37.61,0.410
88469,270.96851862,-24.36072589,5.89,0.66,0.64,-1.71,0.031
88550,271.20995733,-35.90136032,5.98,9.18,-14.00,-33.55,1.160
88567,271.25509380,-29.58007620,4.66,1.57,4.03,-4.61,0.774
88601,271.36338682,2.50243928,4.03,196.62,124.56,-962.66,0.860
88635,271.45218586,-30.42365007,2.98,33.94,-55.75,-181.53,0.981
88636,271.45665820,32.23072212,5.72,4.69,19.10,-19.96,1.179
88657,271.50795297,22.21889206,4.96,5.30,-13.33,-5.26,1.656
88670,271.53083743,-8.32391503,5.84,5.72,-2.45,-16.72,0.184
88684,271.56297335,-4.75117796,5.74,28.61,142.64,-30.41,0.968
88694,271.59851342,-36.01980798,5.94,57.58,105.44,7.99,0.615
88714,271.65782832,-50.09145462,3.65,3.22,-8.43,-9.26,-0.101
88726,271.70785224,-43.42496169,4.92,22.79,9.49,-104.72,0.255
88745,271.75669828,30.56186809,5.05,63.88,-100.93,111.70,0.528
88765,271.82647643,8.73379361,4.64,13.71,9.79,30.24,0.951
88771,271.83758610,9.56365345,3.71,39.40,-61.60,79.71,0.159
88788,271.86974331,43.46203247,5.00,8.98,1.94,-58.00,0.913
88794,271.88562824,28.76247025,3.84,9.39,-0.17,7.51,-0.018
88816,271.95168241,-17.15430069,5.52,13.08,-103.48,58.14,1.132
88817,271.95628810,26.09726716,5.79,19.65,-10.47,29.79,0.127
88818,271.95651031,26.10122114,5.83,14.27,-1.92,24.37,0.158
88836,272.00961362,36.40171633,5.49,15.66,-95.00,-186.09,1.161
88839,272.02067917,-28.45701627,4.55,9.38,24.77,-31.59,0.938
88866,272.14496186,-63.66804844,4.33,23.55,17.45,-207.64,0.228
88886,272.18955260,20.81457203,4.37,2.14,-2.71,-6.20,-0.164
88899,272.22024304,20.04528382,5.10,10.16,8.45,-21.05,0.176
88964,272.39110031,3.99328654,5.71,19.62,50.07,-4.47,0.363
89000,272.47502296,3.12029682,5.67,21.30,13.68,-193.49,0.490
89008,272.49577622,36.46625671,5.57,7.52,13.14,11.20,0.915
89020,272.52418933,-30.72859747,5.53,9.05,12.57,-28.23,0.979
89042,272.60941453,-62.00276787,5.47,56.32,-77.60,234.68,0.592
89047,272.63138418,54.28595220,5.97,20.00,108.16,246.87,0.943
89065,272.66786991,3.32426855,5.50,7.91,18.87,-5.34,1.204
89099,272.77306755,-41.35902019,5.86,12.13,32.46,-38.30,0.295
89112,272.80740093,-45.95432704,4.52,7.98,-16.28,-37.26,1.009
89115,272.81567436,-75.89079431,5.86,12.88,16.71,-294.43,1.253
89153,272.93053328,-23.70116777,4.96,13.35,7.82,-27.75,1.055
89156,272.93796497,33.44702748,5.98,4.27,13.52,12.14,0.045
89172,272.97569523,31.40528840,4.96,5.42,-14.46,25.21,1.643
89234,273.14235762,-73.67177867,5.86,24.48,-54.84,-262.65,0.464
89290,273.30291529,-41.33609648,5.47,1.97,-3.29,-5.94,-0.155
89341,273.44086963,-21.05883031,3.84,0.11,1.72,-1.39,0.195
89348,273.47232710,64.39719935,4.99,42.56,351.62,36.05,0.440
89369,273.56629234,-21.71310708,5.49,6.45,-15.00,-23.40,1.528
89439,273.80377287,-20.72826670,5.29,-0.33,2.90,-1.26,0.007
89440,273.80403819,-20.38796936,5.96,-0.22,2.83,-1.90,-0.023
89448,273.82103715,68.75596485,5.96,11.48,17.17,-63.73,1.055
89482,273.91158071,42.15934312,5.56,6.04,-2.93,0.95,-0.111
89487,273.91942956,-63.05530804,5.58,11.02,-35.71,-23.95,0.944
89507,273.97247295,-44.20649632,5.45,12.16,69.29,14.67,0.962
89587,274.22121187,-3.00673658,5.99,9.91,18.11,-273.27,0.890
89605,274.28140609,-56.02331993,5.36,4.39,-5.36,-12.99,-0.050
89609,274.29845504,-17.37385188,5.81,3.12,-1.78,-14.18,1.569
89642,274.40720490,-36.76128103,3.10,21.87,-129.27,-166.61,1.582
89678,274.51328312,-27.04263452,4.66,4.66,4.48,-2.76,1.629
89772,274.78984693,7.25976189,5.41,22.24,-45.38,1.96,1.084
89773,274.79447741,24.44604619,5.30,2.55,8.40,5.41,1.508
89826,274.96550503,36.06444696,4.33,13.71,-16.14,41.32,1.162
89851,275.03653519,-15.83160305,5.39,6.93,40.03,-38.66,1.473
89861,275.07459830,21.96144090,4.92,7.66,17.51,-59.29,1.594
89908,275.18933831,71.33772734,4.22,11.28,-5.91,35.79,-0.093
89918,275.21692548,3.37714467,4.85,12.11,1.71,8.45,0.911
89925,275.23737263,29.85879387,5.61,17.36,0.69,54.10,0.231
89931,275.24842337,-29.82803914,2.72,10.67,29.96,-26.38,1.380
89935,275.25423981,28.86983516,5.12,11.79,4.01,48.81,0.212
89937,275.25974572,72.73369763,3.55,124.11,531.08,-351.59,0.489
89962,275.32883578,-2.89712200,3.23,52.81,-547.57,-700.72,0.941
89968,275.34578527,-18.85998365,5.76,2.52,-2.76,-6.48,0.670
89981,275.38618655,49.12146945,5.02,4.32,-24.18,51.06,1.619
90023,275.53622172,23.28498721,5.41,4.82,11.61,77.88,1.633
90037,275.57751714,-38.65682498,5.09,6.48,-42.28,-28.28,1.498
90052,275.64713837,12.02964433,5.99,6.81,8.90,14.61,0.056
90067,275.70414875,17.82657724,5.25,7.48,72.52,16.06,1.250
90074,275.72115824,-36.66949254,5.33,5.27,-1.69,-25.97,-0.121
90096,275.80069792,-12.01470763,5.71,5.33,-8.14,-19.62,0.006
90098,275.80675239,-61.49390506,4.35,7.76,0.53,1.70,1.462
90124,275.87008800,-36.23800004,5.52,10.21,7.61,5.34,1.015
90133,275.90182621,-75.04432557,5.47,16.59,4.48,20.06,0.043
90135,275.91480755,-8.93451038,4.66,17.08,51.89,52.29,0.932
90139,275.92402821,21.77034249,3.85,25.40,195.54,-242.92,1.168
90156,275.97770388,58.80058520,4.98,17.31,-37.64,62.08,0.082
90185,276.04310967,-34.38431460,1.79,22.55,-39.61,-124.05,-0.031
90191,276.05750733,39.50724983,5.11,7.39,-21.31,-4.56,0.047
90200,276.07600345,-44.11020130,5.24,6.22,1.11,-22.55,-0.163
90260,276.25630334,-30.75640093,5.58,4.99,-127.97,-69.59,1.138
90289,276.33764809,-20.54160918,4.81,5.46,8.26,-28.72,1.310
90313,276.41167222,8.03202440,5.64,4.04,-4.24,-7.39,0.884
90342,276.49488169,29.82898959,5.81,7.63,23.23,-24.45,0.068
90344,276.49578299,65.56354628,4.82,10.28,106.52,-27.07,1.179
90414,276.72503769,-48.11710875,5.44,6.16,3.74,-55.09,0.855
90422,276.74345947,-45.96832919,3.49,13.08,-16.68,-53.33,-0.179
90441,276.80212484,0.19612982,5.20,6.81,-2.64,-8.79,0.487
90485,276.95618477,-29.81690216,5.90,27.53,-0.84,15.16,0.517
90496,276.99278955,-25.42124732,2.82,42.20,-44.81,-186.29,1.025
90497,276.99489066,6.19416039,5.71,4.41,-1.25,-23.26,-0.034
90541,277.11297477,-38.99556950,5.63,6.54,-0.21,-41.67,0.140
90568,277.20723319,-49.07003097,4.10,25.60,137.90,-229.14,0.995
90595,277.29938301,-14.56580499,4.67,11.19,3.07,-3.48,0.076
90606,277.33342045,-80.23255408,5.95,9.36,-23.34,-63.39,1.173
90637,277.39879328,23.86620645,5.87,2.21,0.05,-1.95,-0.096
90642,277.42067689,-1.98522563,5.38,13.81,29.75,-33.81,0.961
90647,277.43734872,77.54706964,5.65,6.87,1.59,-0.70,1.192
90662,277.48298947,-47.22051319,5.69,5.49,29.59,-13.41,1.258
90664,277.48615404,-57.52308279,5.74,9.12,56.44,-24.91,0.987
90687,277.54934640,-18.72857432,5.63,11.13,33.67,-90.48,1.057
90762,277.76861912,16.92860639,5.76,7.88,-33.04,-20.79,0.053
90763,277.77018839,-32.98900140,5.37,9.32,-1.48,-46.53,0.182
90797,277.84344394,-62.27819116,4.63,6.81,-0.96,-45.59,-0.116
90804,277.85705350,-10.79579343,5.77,4.70,1.67,-17.60,0.379
90806,277.85958633,-18.40264541,5.12,15.30,-6.98,-21.43,0.016
90830,277.93931691,-45.91474360,4.92,4.10,-3.77,-28.80,-0.101
90842,277.98426606,-43.50736445,5.71,2.62,-1.04,-7.50,1.322
90844,277.98745241,-1.00296614,5.93,5.72,10.03,-4.63,0.170
90853,278.00810133,-45.75735390,5.07,2.92,1.26,-11.55,-0.127
90887,278.08877815,-39.70390941,5.16,14.83,31.98,-37.62,0.079
90905,278.14384287,57.04561627,4.77,1.13,0.32,-7.09,0.611
90913,278.18050927,-14.86565430,5.47,2.57,0.15,-3.37,1.998
90915,278.19227861,23.61677633,5.88,4.11,13.32,10.21,1.490
90923,278.20812019,30.55418062,5.47,8.92,13.40,11.61,-0.077
90930,278.23053953,-73.96538378,5.88,9.16,6.89,-87.25,0.992
90968,278.34638866,-38.72593259,5.67,1.90,-0.60,-21.79,-0.060
90982,278.37566714,-42.31245871,4.62,3.76,32.48,-21.03,0.994
90991,278.41251698,-14.85359142,5.74,15.42,27.26,-9.49,0.043
91004,278.47286565,-24.03226534,5.49,0.95,-2.99,-7.10,1.795
91013,278.48624439,52.35350951,5.38,4.10,-3.26,3.03,1.091
91014,278.49068660,-33.01653262,5.28,1.46,2.35,-11.19,-0.115
91105,278.75984804,-10.97719406,5.12,11.25,49.10,-5.04,0.926
91117,278.80182442,-8.24330819,3.85,18.72,-18.98,-314.63,1.317
91118,278.80245637,18.20339202,5.79,4.82,21.25,7.46,0.006
91139,278.87664511,23.60552870,5.62,6.70,3.31,0.73,1.015
91217,279.11598380,9.12281663,5.38,25.75,-6.29,-133.88,0.387
91235,279.15562439,33.46903738,5.41,6.25,-9.01,-0.39,-0.101
91237,279.16288632,6.67215598,5.43,31.53,-30.62,-144.29,0.386
91262,279.23410832,38.78299311,0.03,128.93,201.02,287.46,-0.001
91315,279.38963009,62.52646287,5.74,7.66,-8.40,52.56,-0.045
91322,279.39981039,-0.30942411,5.76,5.06,11.74,-19.83,0.067
91347,279.47678201,-21.39756504,5.93,10.38,-2.57,-65.66,0.189
91405,279.62798112,-23.50484560,5.78,7.01,-0.53,-19.60,-0.018
91438,279.72269706,-21.05150199,5.85,77.02,-74.88,-151.87,0.673
91461,279.80946248,-47.90980354,5.84,9.91,26.39,14.85,0.233
91494,279.89660339,-43.18577561,5.42,3.99,-31.47,-42.22,1.654
91532,280.00166783,-7.79070788,5.82,6.19,-21.13,-37.30,1.536
91726,280.56842553,-9.05255357,4.70,17.44,7.87,2.02,0.358
91755,280.65815094,55.53940044,5.03,8.96,-2.65,23.36,-0.070
91792,280.75889095,-71.42772867,4.01,15.55,1.25,-158.29,1.134
91845,280.88016751,-8.27524299,4.88,6.24,21.29,11.58,1.112
91854,280.90549491,-64.55131121,5.76,7.96,14.53,-46.80,0.967
91875,280.94558795,-38.32331062,5.11,16.15,1.12,-53.81,0.075
91883,280.96505950,31.92691949,5.68,19.27,-33.00,-126.13,0.360
91918,281.08066463,-35.64192109,4.86,7.23,1.21,-26.98,-0.168
91919,281.08473883,39.66997686,4.67,20.10,10.55,60.23,0.170
91926,281.09489936,39.61259557,4.59,20.34,5.83,51.83,0.180
91971,281.19306613,37.60505025,4.34,21.23,29.26,26.57,0.192
91973,281.20079095,37.59456466,5.73,21.72,19.23,20.65,0.285
91974,281.20667981,-25.01086335,5.82,4.11,-1.21,-20.86,0.033
91975,281.20805403,2.06007487,5.02,6.91,8.80,-15.06,-0.055
91989,281.23812444,-39.68617292,5.40,2.47,8.61,-6.29,0.850
92024,281.36190079,-64.87089771,4.78,34.21,32.67,-148.72,0.199
92027,281.36814952,5.50012301,5.82,4.60,15.54,1.96,0.041
92041,281.41397083,-26.99077940,3.17,14.14,51.15,0.45,-0.107
92043,281.41554660,20.54712356,4.19,52.37,-9.25,-335.65,0.483
92056,281.44481933,74.08535352,5.25,9.74,5.13,81.98,0.953
92088,281.51861708,26.66207055,4.83,12.96,18.68,24.39,1.199
92111,281.58578518,-22.39218449,5.37,2.55,32.04,3.45,1.591
92112,281.59276611,75.43379735,5.37,10.73,-12.19,68.62,0.049
92117,281.61909463,-0.96163956,5.89,12.62,20.00,-21.79,0.131
92133,281.67949234,52.98797002,5.91,1.50,10.13,-3.99,-0.096
92136,281.68051716,-10.12503854,5.69,-0.07,0.37,-3.91,0.584
92161,281.75509317,18.18122968,4.34,35.17,83.74,119.01,0.148
92175,281.79365558,-4.74782871,4.22,4.73,-7.71,-15.89,1.087
92202,281.87073367,-5.70507074,5.38,2.32,-44.09,-31.36,1.280
92226,281.93583145,-40.40612167,5.20,8.30,24.64,-18.57,0.781
92294,282.15815797,-65.07748945,5.71,14.45,-38.07,-78.20,0.268
92308,282.21029394,-43.67999681,5.46,9.40,24.39,-20.84,0.133
92312,282.22240149,19.32877145,5.89,11.63,15.96,-21.00,0.022
92367,282.36367328,-45.81023948,5.80,7.59,74.90,57.31,0.891
92382,282.39582542,-43.43404010,5.60,5.37,-2.88,-25.39,-0.077
92390,282.41711408,-20.32474038,5.22,4.35,-1.82,34.70,1.404
92391,282.42064627,-5.91283415,5.99,2.19,0.23,-11.69,1.568
92398,282.44130295,32.81283298,5.93,3.23,1.87,-5.19,-0.154
92405,282.47052043,32.55108873,5.22,13.70,-11.76,-12.76,0.100
92420,282.51997462,33.36267788,3.52,3.70,1.10,-4.46,0.003
92488,282.74377104,-9.77410171,5.82,2.16,6.33,2.54,0.594
92512,282.80002755,59.38828895,4.63,10.12,77.56,25.43,1.185
92549,282.89583932,52.97452091,5.51,38.32,-65.14,245.24,0.843
92609,283.05431892,-62.18756062,4.22,1.80,-1.33,-13.53,-0.150
92614,283.06846943,21.42516648,5.43,7.10,-7.25,-10.12,-0.068
92630,283.11335813,-46.59511945,5.51,3.41,29.04,0.14,1.641
92646,283.16502568,-52.10713766,5.18,11.13,38.43,-95.69,0.962
92689,283.30642219,50.70828894,4.92,9.67,4.54,-27.75,0.903
92728,283.43149392,36.97172755,5.58,3.02,1.49,-2.60,-0.138
92747,283.50037663,-21.35979587,5.68,1.88,2.02,-20.25,1.206
92761,283.54239695,-22.74482020,4.86,1.76,2.95,-5.70,1.412
92768,283.55521736,27.90970126,5.64,8.04,-7.54,-71.21,1.361
92782,283.59902616,71.29708956,4.82,9.47,48.59,42.11,1.151
92791,283.62620294,36.89860518,4.22,3.63,-6.73,3.26,1.575
92814,283.67964704,-15.60302217,5.08,1.96,-2.38,-5.64,0.141
92818,283.68700483,22.64507357,4.57,6.71,6.40,1.03,0.782
92822,283.69653895,48.85972353,5.84,18.89,-49.54,-132.66,0.452
92824,283.69853501,-87.60551487,5.29,13.06,-36.69,-135.22,1.304
92831,283.71740921,41.60272814,5.46,12.19,-1.37,-2.30,1.034
92833,283.71883669,33.96858048,5.99,2.45,-5.60,-1.78,0.922
92845,283.77946681,-22.67125323,5.00,12.07,110.34,-30.79,1.348
92855,283.81631956,-26.29659428,2.05,14.54,13.87,-52.65,-0.134
92862,283.83368820,43.94589260,4.08,9.33,19.94,80.60,1.397
92872,283.86434313,6.61550576,5.58,11.14,6.02,-88.83,1.041
92882,283.87925799,-16.37618751,5.56,31.24,-26.33,-183.97,0.445
92931,284.00280341,-23.17371793,5.91,3.66,-1.70,-13.69,-0.021
92937,284.02562647,18.10579902,5.69,11.84,-47.38,-160.08,1.092
92946,284.05483475,4.20352956,4.62,24.73,37.69,26.98,0.161
92951,284.06088696,4.20205672,4.98,22.84,52.42,31.17,0.204
92953,284.07071918,-42.71060161,5.35,10.52,-27.03,-30.48,0.998
92969,284.10725292,65.25815397,5.62,10.39,-15.79,-28.94,0.938
92989,284.16871114,-37.34318339,5.36,7.67,8.79,-23.68,-0.147
92997,284.18783092,57.81499531,5.67,11.40,-26.37,-59.39,1.155
93015,284.23766942,-67.23353511,4.40,6.00,-7.83,16.65,0.530
93017,284.25612303,32.90162351,5.20,66.76,202.85,-143.97,0.594
93026,284.26514217,-5.84621426,4.83,15.77,60.77,-40.90,1.057
93051,284.31913909,2.53537680,5.56,2.96,-4.70,-12.53,0.004
93057,284.33532364,-20.65633439,5.02,0.65,-1.58,-4.75,0.137
93085,284.43241556,-21.10662433,3.52,8.76,34.91,-12.33,1.151
93104,284.50792438,38.26618277,5.89,6.32,-5.25,2.13,-0.090
93124,284.56144717,17.36093633,5.33,1.32,0.08,-9.98,0.731
93148,284.61564682,-52.93860748,4.85,6.14,11.53,-8.81,-0.051
93163,284.65247792,-60.20062859,5.14,6.32,-125.01,32.47,1.355
93174,284.68114151,-37.10708855,4.83,33.43,-132.25,-110.45,0.396
93179,284.69551472,13.90677273,5.91,13.45,0.94,-51.42,0.251
93194,284.73593568,32.68955312,3.25,5.14,-2.76,1.77,-0.049
93203,284.77387015,13.62254853,5.27,20.99,19.49,-124.92,0.573
93225,284.84917715,-12.84046242,5.51,6.34,-1.05,-22.44,-0.038
93244,284.90578844,15.06847757,4.02,21.22,-52.68,-73.81,1.082
93256,284.93928575,26.23043204,5.26,9.36,85.85,-11.33,1.228
93279,285.00342257,32.14549051,4.94,2.12,6.13,9.75,1.465
93287,285.01477683,-66.65351408,5.98,7.43,12.33,-42.60,0.977
93299,285.05696213,50.53345884,5.39,5.23,7.05,3.15,-0.182
93340,285.18111302,55.65831944,5.51,6.59,-11.73,-7.36,0.862
93393,285.32232152,26.29143333,5.69,4.68,-0.74,-9.10,-0.086
93408,285.35983210,46.93502175,5.00,25.54,13.58,-86.10,0.186
93429,285.42017236,-5.73901832,4.02,21.95,-24.15,-39.73,1.079
93498,285.61537869,-24.84639516,5.63,11.81,-22.90,-177.32,1.232
93506,285.65301428,-29.88011429,2.60,36.61,-14.10,3.66,0.062
93526,285.72704960,-3.69900363,5.40,6.53,11.33,6.98,-0.005
93537,285.76584773,-19.24565829,5.96,2.20,2.63,-11.42,1.158
93542,285.77846922,-42.09499443,4.74,17.75,55.74,-45.33,-0.027
93552,285.82369335,-38.25318227,5.73,15.47,13.31,14.51,0.328
93574,285.87367886,-68.75553290,5.89,17.65,-20.83,-4.46,0.553
93580,285.88432906,1.81893472,5.82,18.12,23.71,-68.65,0.182
93624,285.98967365,-51.01824471,5.93,11.17,40.42,-147.68,1.236
93667,286.10439624,-31.04703255,5.49,5.97,2.95,-19.17,0.026
93683,286.17055765,-21.74135451,3.76,23.49,76.26,-58.08,1.012
93713,286.22987335,53.39660317,5.40,9.34,-4.15,21.02,-0.014
93717,286.24024804,-4.03135505,5.40,10.04,20.76,-26.73,1.120
93718,286.24093053,31.74425746,5.63,5.38,75.55,-76.41,1.548
93747,286.35255180,13.86370983,2.99,39.18,-7.04,-95.31,0.014
93763,286.42158090,-15.66039343,5.93,3.75,0.74,-10.36,-0.015
93805,286.56229139,-4.88233456,3.43,26.05,-19.68,-90.37,-0.096
93815,286.58301929,-52.34063012,5.17,19.07,30.63,-115.20,0.532
93825,286.60433158,-37.06275714,4.23,55.89,96.93,-279.67,0.523
93843,286.65701713,28.62838960,5.53,24.50,75.83,84.43,0.296
93845,286.65983699,24.25075812,5.78,9.82,58.30,14.37,0.104
93862,286.73164713,-48.29911462,5.95,9.33,12.70,-12.30,-0.017
93864,286.73517629,-27.66981416,3.32,27.09,-50.79,-250.51,1.169
93867,286.74418054,11.07130501,5.07,6.43,-0.27,-31.47,-0.055
93903,286.82553958,36.10016754,5.25,3.92,-0.64,-4.28,-0.109
93917,286.85623123,32.50166027,5.20,24.64,123.23,32.08,0.367
93996,287.06958032,-19.29028615,5.56,2.13,5.27,-1.14,-0.087
94005,287.08722077,-40.49663760,4.57,18.67,48.05,-26.84,1.070
94013,287.10785255,52.42586424,5.88,14.24,-100.41,-54.95,1.086
94068,287.24965607,6.07339716,5.23,22.96,-9.02,-78.34,0.346
94083,287.29061868,76.56079335,5.11,36.64,51.63,-119.80,0.308
94114,287.36782635,-37.90423953,4.11,25.15,85.73,-96.65,0.042
94141,287.44097404,-21.02352534,2.88,7.41,-1.17,-36.83,0.377
94150,287.46925968,-68.42434424,5.31,27.13,154.94,-42.59,0.901
94157,287.49022490,-41.89222924,5.86,3.99,-0.17,-11.02,-0.080
94160,287.50730185,-39.34070677,4.10,6.42,5.89,-36.78,1.163
94302,287.91883762,56.85909594,5.13,9.57,48.09,48.00,1.008
94311,287.94171276,31.28346360,5.93,3.33,-3.17,-3.16,-0.062
94336,288.02173147,49.85423807,5.85,40.16,-205.02,624.33,0.666
94376,288.13814581,67.66131695,3.07,32.54,94.49,92.30,0.990
94385,288.16959861,-7.93950077,5.35,2.68,12.69,-7.06,0.094
94434,288.30695700,-25.90676384,5.79,1.54,-2.11,-9.21,1.387
94437,288.31464939,-12.28250973,5.51,5.77,12.51,-30.44,1.442
94477,288.42791464,2.29371370,5.14,5.09,5.78,-2.58,-0.071
94481,288.43953645,39.14596968,4.43,3.13,-1.59,-0.61,-0.150
94490,288.47985288,57.70525514,5.00,20.14,-17.10,-63.15,1.156
94556,288.66467390,-45.19343079,5.91,11.03,48.12,-39.61,0.902
94620,288.82224652,21.23209944,5.65,10.26,36.38,7.82,0.121
94624,288.83370710,15.08367864,5.58,5.32,1.04,-11.17,1.067
94630,288.85348310,30.52644519,5.88,2.37,35.18,-26.23,1.665
94643,288.88498822,-25.25660677,4.86,9.89,47.56,-31.16,0.569
94648,288.88872380,73.35521457,4.45,21.73,-116.60,104.25,1.257
94703,289.05433156,21.39044277,4.76,3.58,0.73,-6.12,-0.058
94712,289.09059981,-45.46606262,5.38,6.11,-2.03,12.08,1.349
94713,289.09206426,38.13372778,4.35,4.24,-0.49,1.23,1.258
94720,289.11159428,14.54461509,5.65,8.77,9.15,0.22,-0.020
94727,289.12926242,4.83482079,5.59,5.97,14.77,-10.42,0.101
94779,289.27545794,53.36816064,3.80,26.48,60.22,122.93,0.950
94789,289.30091657,-66.66103756,5.52,11.00,8.89,-4.33,0.170
94820,289.40868994,-18.95288215,4.88,6.09,-10.05,-10.64,1.013
94827,289.43181365,23.02554904,5.46,1.70,1.49,-3.69,0.020
94834,289.45416014,11.59539126,5.28,7.72,0.25,12.62,0.196
94885,289.63537019,1.08508548,5.10,8.56,11.24,17.87,1.143
94982,289.91393971,12.37463918,5.53,9.39,4.28,16.69,0.265
94986,289.91662081,-35.42142487,5.59,1.77,7.04,-11.14,-0.122
95038,290.06668355,57.64511743,5.91,3.70,28.34,4.94,1.626
95066,290.13682588,-5.41587489,4.98,21.17,113.42,44.83,0.937
95073,290.14867994,-0.89216854,5.46,6.40,5.63,3.10,-0.041
95077,290.15898277,-22.40260314,5.59,17.52,-10.44,27.94,0.276
95081,290.16696656,65.71443030,4.60,14.52,14.09,41.61,0.033
95168,290.41823037,-17.84725155,3.92,26.79,-26.95,22.24,0.228
95176,290.43175842,-15.95500233,4.52,1.95,1.79,-6.27,0.079
95188,290.46180286,-18.30816237,5.84,9.09,102.34,-92.96,1.062
95222,290.58962436,-0.25227829,5.81,8.98,60.43,-27.28,1.093
95241,290.65952718,-44.45891013,3.96,8.62,7.31,-22.43,-0.085
95260,290.71202082,26.26242970,5.22,8.10,-1.73,-10.93,-0.119
95261,290.71325245,-54.42372882,5.03,20.98,25.57,-83.03,0.020
95294,290.80441920,-44.79964788,4.27,23.52,92.78,-53.73,0.350
95347,290.97146411,-40.61564629,3.96,19.20,32.67,-120.81,-0.105
95352,290.98536934,43.38823710,5.85,8.06,16.30,-27.36,0.924
95372,291.03154901,29.62131120,4.99,4.21,10.57,10.85,-0.120
95447,291.24070960,11.94285122,5.17,66.01,721.27,643.60,0.761
95456,291.26687908,-29.30920884,5.91,12.07,-13.12,-61.77,1.278
95477,291.31854426,-24.50844892,5.02,14.78,63.61,-51.90,0.235
95485,291.33984203,-13.89726417,5.72,4.51,52.85,55.20,1.372
95498,291.36893140,19.79853912,5.14,13.78,96.65,-71.49,0.999
95503,291.37363116,-23.96242415,5.45,6.45,-18.24,-13.36,1.442
95501,291.37396941,3.11457923,3.36,65.05,253.06,80.67,0.319
95556,291.53801621,36.31786478,5.17,4.99,4.22,12.95,-0.120
95557,291.54596470,-15.05325005,5.71,3.78,17.43,-0.55,0.007
95560,291.55518356,20.09782036,5.60,14.94,3.36,-36.13,-0.006
95564,291.57972363,-21.77668185,5.57,5.86,36.16,-4.55,1.228
95572,291.60052721,13.02365808,5.76,17.96,14.10,59.03,0.456
95582,291.61952782,19.89161003,5.84,7.17,0.64,-48.14,1.558
95585,291.62954029,0.33857566,4.64,0.28,-0.86,-2.30,0.576
95619,291.73529268,-29.74310537,5.66,14.47,17.55,-49.32,-0.014
95656,291.85821062,52.32050263,5.73,9.02,-13.16,-27.58,-0.002
95690,291.95051131,-54.32529723,5.70,5.63,-5.70,10.26,1.406
95732,292.08665305,2.93006720,5.84,3.18,2.66,-15.24,-0.003
95771,292.17671261,24.66516482,4.44,11.00,-126.45,-106.99,1.502
95785,292.23782315,24.76868131,5.82,6.74,8.61,17.03,1.023
95793,292.25411887,1.95052861,5.79,16.95,-0.51,-33.35,0.088
95822,292.34218384,14.59607671,5.57,11.38,50.77,-23.72,1.050
95823,292.34904557,-43.44491571,5.70,17.42,93.03,-114.90,0.214
95853,292.42641389,51.72946747,3.76,26.63,20.92,128.12,0.148
95865,292.46738503,-26.98551060,5.46,12.85,22.16,-42.97,1.120
95937,292.66593316,-2.78886135,5.03,6.49,23.06,-10.53,1.770
95947,292.68035529,27.95969480,3.05,8.46,-7.09,-5.63,1.088
95951,292.68915293,27.96527890,5.12,8.67,-1.95,-0.98,-0.095
95999,292.79559581,-68.43388713,5.98,3.13,17.19,-13.42,1.638
96014,292.83066458,50.30659451,5.55,7.01,-30.60,45.82,1.274
96016,292.84005924,26.61710997,5.89,16.87,11.33,25.23,0.915
96052,292.94300436,34.45297707,4.74,5.20,1.06,-3.58,-0.150
96100,293.08577692,69.66540172,4.67,173.41,598.43,-1738.81,0.786
96141,293.22412548,-53.18560103,5.76,8.05,32.87,-6.87,0.300
96178,293.34014279,-45.27168903,5.59,7.47,-16.24,-24.46,-0.020
96229,293.52178228,7.37931918,4.45,29.50,212.76,-155.39,1.176
96234,293.53534254,-40.03463308,5.89,7.49,4.44,-2.12,0.105
96258,293.58233594,51.23707706,5.71,39.08,31.72,-188.14,0.475
96275,293.64536654,19.77339742,5.00,5.36,13.41,2.22,-0.093
96288,293.67190527,42.41258465,5.34,6.37,2.56,-31.28,0.060
96302,293.71216081,29.46291111,5.39,6.06,15.14,17.81,0.581
96327,293.78022188,-10.56043644,5.12,7.34,6.87,-3.04,1.122
96341,293.80414074,-48.09911061,4.88,8.19,-7.04,-37.43,1.096
96406,294.00687266,-24.71901737,5.64,11.23,6.08,-26.37,0.185
96441,294.11059344,50.22046347,4.49,53.78,-8.15,262.98,0.395
96459,294.15856119,44.69518822,5.17,24.64,-94.61,-103.78,0.928
96465,294.17662107,-24.88356664,4.59,17.24,68.70,-23.19,-0.075
96468,294.18031892,-1.28655047,4.36,10.61,1.89,-20.75,-0.079
96481,294.21852927,11.27319815,5.98,2.86,9.16,3.21,0.881
96483,294.22270240,-7.02747069,4.93,2.24,1.29,-2.69,-0.046
96496,294.26389422,-18.23101861,5.66,7.37,10.54,-13.78,1.237
96516,294.32243004,16.46276921,5.67,6.89,17.24,13.70,1.007
96536,294.39365282,-14.30144432,5.46,32.36,-104.36,-146.68,0.501
96556,294.44690167,-4.64750966,5.45,31.14,104.78,-53.59,0.429
96620,294.67144862,54.97339500,5.89,25.12,35.41,163.89,0.482
96665,294.79850093,5.39778241,5.18,4.78,2.08,-3.78,-0.001
96683,294.84418456,30.15323350,4.68,13.00,1.95,36.07,0.971
96693,294.86027686,42.81821158,5.41,4.76,23.75,27.26,-0.063
96757,295.02409394,18.01393839,4.39,6.89,15.09,-19.72,0.777
96760,295.02977888,-23.42905463,5.97,7.86,29.69,-12.77,1.038
96807,295.18047034,-0.62129280,5.64,11.44,12.59,24.51,0.123
96808,295.18058838,-16.29314555,5.30,13.31,69.65,-50.20,1.109
96825,295.20880618,45.52464940,5.06,20.51,84.06,120.38,0.426
96837,295.26222378,17.47612356,4.39,6.99,9.06,-33.90,1.041
96840,295.27303453,13.81570826,5.98,1.98,0.00,-10.95,-0.078
96895,295.45453769,50.52544635,5.99,46.25,-147.75,-158.85,0.643
96950,295.62955250,-16.12397392,5.06,18.67,67.78,-9.23,0.319
96957,295.64169697,11.82660840,5.28,4.34,3.43,-10.49,0.575
96977,295.68585235,32.42674436,5.93,1.45,2.10,-1.21,0.118
97063,295.88936752,-15.46965541,5.49,27.26,135.55,-185.17,0.460
97077,295.92882357,25.77187257,5.50,9.15,11.60,23.05,0.939
97081,295.93784116,41.77308397,5.86,5.17,19.09,10.07,1.598
97118,296.06896508,37.35426967,4.89,11.70,72.58,35.14,0.948
97122,296.07667340,69.33711857,5.90,7.37,8.78,-22.17,0.072
97165,296.24350878,45.13069195,2.86,19.07,43.22,48.44,-0.002
97229,296.41631572,7.61315784,5.89,18.48,53.84,0.10,0.180
97260,296.50506632,-31.90853854,5.51,5.98,1.49,-13.52,0.024
97278,296.56487567,10.61326869,2.72,7.08,15.72,-3.08,1.507
97290,296.59091351,-19.76089482,4.87,15.92,-128.89,-89.81,1.061
97295,296.60659960,33.72868813,5.00,47.94,23.05,-448.66,0.476
97365,296.84693842,18.53425912,3.68,7.28,-4.58,11.10,1.313
97376,296.86573441,38.40761671,5.83,6.67,4.45,-1.16,-0.087
97421,297.00459018,-56.36227755,5.33,19.19,92.40,-137.40,0.196
97433,297.04255658,70.26783533,3.84,22.40,80.18,39.02,0.888
97473,297.17520021,11.81592014,5.75,5.72,15.95,-9.79,0.546
97496,297.24437005,19.14197806,5.01,9.99,17.91,26.47,0.095
97534,297.35538694,-72.50341408,5.39,24.08,6.91,14.67,0.234
97598,297.55855107,-47.55736033,5.91,2.92,8.52,-12.99,1.678
97630,297.64161019,38.72216211,5.18,5.08,12.65,105.85,1.665
97634,297.65553824,40.59977800,5.68,1.27,-2.19,-7.67,-0.058
97635,297.65722388,52.98816657,5.03,16.96,-10.28,-67.99,1.286
97646,297.68657002,-59.19363715,5.41,12.55,23.09,-12.21,0.082
97649,297.69450860,8.86738491,0.76,194.44,536.82,385.54,0.221
97650,297.69501255,-10.76358902,5.38,37.86,-32.35,31.84,0.402
97675,297.75625098,10.41605390,5.12,51.57,240.09,-134.51,0.563
97679,297.76705681,22.61008676,4.90,5.27,23.35,-16.65,-0.153
97749,297.96079231,-39.87433805,5.32,9.62,19.12,-12.05,-0.045
97757,297.99613200,47.02734867,5.60,0.22,-2.76,-3.99,-0.078
97765,298.00664208,24.99217156,5.54,1.83,-0.15,-3.93,0.680
97774,298.02988134,47.93181856,5.91,1.32,-6.25,-9.81,-0.174
97783,298.05002110,-19.04486185,5.88,10.46,-2.46,-53.25,0.979
97804,298.11818257,1.00567827,3.87,2.78,6.94,-7.30,0.630
97816,298.15709206,-54.97103652,5.76,9.21,20.52,4.41,0.915
97870,298.32237872,57.52346329,5.14,5.11,5.96,7.64,-0.125
97871,298.32801307,-3.11449682,5.63,11.79,21.64,13.62,0.231
97886,298.36533677,24.07952568,4.57,9.08,22.78,36.29,-0.047
97928,298.53446904,-8.57416489,5.76,8.27,7.87,-18.97,1.664
97938,298.56175736,8.46165027,4.71,15.96,101.43,-81.28,1.023
97961,298.62942212,24.31939041,5.56,6.90,23.52,-0.79,-0.018
97966,298.65686507,-8.22722614,5.70,9.74,8.11,-25.71,-0.079
97980,298.68655124,0.27365959,5.60,9.45,42.37,-13.20,0.098
97985,298.70101118,36.99565531,5.79,2.12,11.16,8.54,0.773
98032,298.81532954,-41.86841350,4.12,17.24,23.37,51.60,1.063
98036,298.82819233,6.40793334,3.71,72.95,46.35,-481.32,0.855
98055,298.90759282,52.43902327,4.91,11.30,-36.62,-31.02,0.124
98066,298.95927101,-26.29968718,4.70,42.03,203.96,74.40,0.748
98068,298.96567172,38.48670392,4.95,2.71,1.46,0.60,-0.086
98073,298.98078459,58.84601982,4.98,3.55,-9.00,-20.86,1.584
98085,299.00526400,16.63481590,5.71,0.76,1.00,-6.89,0.903
98103,299.05930285,11.42370978,5.28,15.84,32.40,4.57,0.014
98110,299.07665069,35.08349079,3.89,23.40,-34.00,-27.60,1.019
98162,299.23677038,-27.16986250,4.54,2.70,9.60,-14.95,1.462
98174,299.27618092,-58.90131541,5.24,10.81,23.55,-14.87,0.014
98194,299.30776056,40.36782505,5.46,2.13,7.08,-0.47,-0.090
98234,299.43932749,16.78911537,5.54,8.06,11.52,19.66,-0.048
98258,299.48758471,-15.49126255,5.01,11.18,17.83,-93.66,0.055
98325,299.65816165,30.98367174,5.51,5.99,33.23,-2.60,-0.060
98332,299.67157464,-69.16371251,5.74,14.08,69.18,-100.60,0.224
98337,299.68911516,19.49209287,3.51,11.90,64.37,22.58,1.571
98353,299.73823470,-26.19582739,4.84,9.58,34.50,24.74,0.882
98375,299.79409487,23.10127381,5.68,20.66,-70.78,3.07,0.345
98383,299.83506255,45.77258164,5.92,6.91,11.54,-16.72,0.185
98412,299.93405965,-35.27624433,4.37,5.28,6.02,-25.15,-0.150
98416,299.94787255,-9.95728408,5.87,40.75,-246.73,-392.36,0.598
98421,299.96366659,-34.69763103,5.30,20.81,108.71,-69.13,0.170
98425,299.97997979,37.04288602,5.15,2.07,0.41,-0.24,-0.133
98438,300.01378061,17.51654077,5.33,4.37,1.73,-12.22,1.576
98461,300.06632739,-37.70171669,5.95,10.33,19.54,-1.15,0.989
98470,300.08399517,-33.70274870,5.65,47.90,130.79,-289.30,0.498
98478,300.09627712,-66.94888773,5.75,15.09,-3.67,-194.28,1.033
98495,300.14747226,-72.91018443,3.97,30.73,80.54,-131.34,-0.032
98512,300.20134846,-45.11293250,5.80,9.07,3.39,5.82,0.295
98526,300.24571281,8.55776880,5.90,3.63,11.14,-13.96,1.529
98543,300.27504217,27.75356392,4.66,14.67,57.99,3.76,0.184
98571,300.33978531,50.10467998,5.06,7.60,16.31,6.14,1.122
98583,300.36888221,64.82100457,5.22,5.78,10.01,-12.45,1.598
98609,300.43627799,24.80042535,5.88,4.85,6.72,-0.78,-0.134
98608,300.43634274,-59.37582804,4.95,7.52,19.73,-26.89,1.356
98624,300.46835033,-66.94379223,5.32,13.91,38.48,-71.53,1.218
98633,300.49407171,-13.63724241,5.69,10.54,38.87,10.41,0.079
98636,300.50572521,24.93787365,5.23,15.43,89.69,69.73,0.374
98688,300.66441367,-27.70987972,4.43,7.28,32.28,14.35,1.640
98702,300.70436340,67.87344872,4.51,8.02,16.43,47.80,1.313
98738,300.81830316,18.50104063,5.99,3.84,11.41,-19.67,1.420
98754,300.87505300,16.03127337,5.73,5.12,5.05,-7.73,-0.095
98761,300.88921406,-37.94049103,4.77,8.05,64.71,-85.44,1.417
98767,300.90394052,29.89807932,5.73,62.92,683.32,-524.06,0.749
98819,301.02693796,17.07116105,5.80,56.60,-394.07,-406.42,0.600
98823,301.03461172,7.27793427,5.51,6.19,14.24,12.97,1.063
98842,301.08151239,-32.05626941,4.99,10.05,43.01,-10.78,1.208
98844,301.09647111,-0.70902114,5.67,5.60,-2.21,-118.27,1.301
98863,301.15073631,32.21862467,5.62,0.24,-2.80,-11.12,0.760
98920,301.28947757,19.99087704,5.09,20.17,30.61,79.65,1.058
98962,301.38635475,61.99524822,5.40,18.78,123.82,70.60,1.191
99026,301.55682854,53.16506746,5.81,27.43,212.85,255.21,0.445
99031,301.59137234,35.97353894,5.38,41.34,-224.43,-440.57,0.850
99080,301.72249122,23.61442409,5.08,6.68,15.18,0.45,-0.162
99120,301.84653576,-52.88080972,4.93,2.60,-12.72,6.88,1.591
99171,302.00731244,-0.67802026,5.97,20.89,116.60,-67.94,1.023
99240,302.17441713,-66.17932101,3.55,163.73,1210.29,-1130.34,0.751
99255,302.22215174,77.71136178,4.38,9.97,11.11,23.72,-0.046
99303,302.35673642,36.83959003,4.93,3.79,3.15,12.96,-0.139
99404,302.63968695,26.90413736,5.51,7.77,18.29,12.92,0.087
99461,302.79836763,-36.09738423,5.32,165.24,456.89,-1574.91,0.868
99473,302.82610327,-0.82147569,3.24,11.36,35.48,6.05,-0.066
99500,302.89476753,62.07834754,5.70,20.54,137.31,80.09,0.530
99518,302.94989008,26.80901561,5.51,2.02,1.41,-10.37,1.397
99531,303.00291076,26.47883104,5.91,2.86,4.48,-10.08,-0.107
99572,303.10731366,-12.61702214,5.84,35.65,193.25,-195.60,0.476
99631,303.30778095,-1.00926621,5.44,3.67,24.87,-30.06,1.430
99639,303.32517496,46.81567038,4.80,4.55,13.39,1.93,0.100
99655,303.34917142,56.56752223,4.28,21.41,60.85,82.26,0.114
99663,303.36487180,60.64043320,5.81,5.49,39.03,55.82,1.476
99675,303.40792782,46.74132417,3.80,2.41,4.20,1.87,1.270
99738,303.56050449,28.69486353,5.19,9.97,12.18,-19.01,0.191
99742,303.56910667,15.19746767,4.94,21.24,55.69,57.98,0.072
99747,303.57919847,-52.44564171,5.65,3.56,20.80,-52.67,1.497
99770,303.63326032,36.80613540,4.93,24.37,69.22,68.67,0.151
99824,303.81621226,25.59196924,4.79,2.72,6.90,-5.02,-0.181
99825,303.81907470,-27.03253576,5.73,113.33,1241.35,-181.46,0.878
99841,303.84913091,33.72937020,5.70,10.86,-31.88,-117.82,0.926
99848,303.86799270,47.71420530,3.96,2.94,3.88,1.20,1.451
99853,303.87598846,23.50892242,5.18,0.75,2.66,-6.89,1.016
99874,303.94232258,27.81422850,4.50,9.94,-34.37,5.77,1.258
99889,304.00252971,45.57965867,5.87,28.97,9.25,-54.94,0.447
99951,304.19615246,24.67114227,5.30,6.91,14.41,-16.71,0.951
99968,304.23034999,40.36507960,5.27,3.26,2.01,-1.89,1.650
100017,304.37763542,66.85296587,5.91,56.92,468.52,296.81,0.602
100027,304.41190045,-12.50821403,4.30,4.75,22.24,0.75,0.928
100044,304.44668519,38.03294710,4.77,0.52,-3.53,-6.88,0.377
100062,304.50573017,-21.80990013,5.86,9.55,35.39,-24.74,1.002
100064,304.51341030,-12.54485877,3.58,30.01,61.78,2.85,0.883
100069,304.52912505,40.73209817,5.83,2.10,-2.51,-6.53,0.073
100097,304.60315860,55.39717050,5.76,11.21,-7.58,-31.19,0.118
100108,304.61927485,36.99975390,5.58,16.76,40.35,20.06,0.056
100122,304.66279104,34.98278431,5.14,1.63,0.10,-3.81,0.660
100195,304.84833016,-19.11850680,5.28,4.68,7.96,-10.90,1.394
100221,304.90290698,62.25741351,5.71,8.62,16.74,24.16,-0.043
100256,305.00079670,13.54810109,5.96,11.09,-2.65,-4.03,0.299
100261,305.02493212,68.88025320,5.59,4.79,18.02,26.44,1.472
100276,305.08915240,17.79300261,5.82,6.83,16.32,-30.88,1.500
100310,305.16586145,-12.75904403,4.77,11.98,15.71,-14.63,-0.047
100345,305.25269347,-14.78140119,3.05,9.48,48.42,14.00,0.790
100357,305.29798654,63.98008727,5.69,4.45,6.14,14.52,1.561
100435,305.51428968,24.44611603,5.50,1.81,1.92,-6.89,-0.090
100437,305.52227775,45.79489737,5.58,7.86,25.06,39.70,1.077
100453,305.55708346,40.25668150,2.23,2.14,2.43,-0.93,0.673
100469,305.61449749,-42.04934895,5.60,13.35,32.94,-81.98,0.002
100501,305.68872891,41.02613288,5.95,3.81,1.26,-49.66,1.632
100541,305.79462251,5.34307747,5.30,13.23,-26.89,-37.12,0.983
100574,305.93485540,37.47644822,5.87,3.65,5.09,0.17,-0.173
100587,305.96498335,32.19018607,4.43,12.77,35.71,-5.81,1.331
100591,305.97161225,-42.42290463,5.64,8.80,-11.08,14.99,0.201
100738,306.36175161,-28.66327932,5.86,6.03,11.73,4.05,1.101
100751,306.41187347,-56.73488071,1.94,17.80,7.71,-86.15,-0.118
100754,306.41884950,21.40966274,5.68,6.00,8.88,-8.67,0.921
100859,306.75919090,49.38322449,5.73,26.56,68.79,58.48,0.339
100881,306.83001454,-18.21169433,5.08,4.90,10.32,-10.87,-0.049
100907,306.89281213,38.44052275,5.63,12.07,-22.98,-78.60,0.072
100965,307.06022697,81.42266925,5.38,7.15,33.72,16.19,1.010
101027,307.21509857,-17.81366828,4.77,33.04,-15.79,-7.66,0.386
101067,307.33495238,36.45473284,5.90,1.93,2.58,-1.58,0.407
101076,307.34887900,30.36855661,4.01,4.30,6.87,-0.64,0.404
101084,307.36294172,56.06817898,5.89,3.64,4.57,4.63,-0.052
101082,307.36380725,81.09073843,5.96,15.88,67.05,221.67,0.942
101093,307.39511383,62.99413722,4.21,24.04,45.00,-13.31,0.199
101101,307.41232775,-2.88547630,4.91,17.08,71.88,-22.39,1.160
101123,307.47454931,-18.58298474,5.94,13.65,25.56,-79.45,0.062
101138,307.51471567,48.95155039,4.94,3.75,10.01,7.64,-0.087
101243,307.82836858,49.22037330,5.44,8.07,8.79,-31.28,1.566
101260,307.87666197,74.95465942,5.18,7.82,6.36,-16.47,0.100
101345,308.09797300,-9.85364143,5.66,41.26,307.59,106.07,0.689
101421,308.30318657,11.30333217,4.03,9.09,10.75,-28.54,-0.123
101427,308.32338660,-80.96482633,5.76,6.19,8.35,-14.88,1.122
101474,308.47578431,35.25086482,4.61,3.51,-2.26,-5.35,1.593
101475,308.47848189,46.69386159,5.78,6.78,9.66,1.82,-0.140
101477,308.47942959,-44.51596141,5.12,15.10,11.17,-35.67,0.999
101483,308.48748693,13.02720146,5.39,18.85,76.49,21.89,0.093
101589,308.82711738,14.67418482,4.64,14.36,45.08,11.71,0.120
101612,308.89486744,-60.58129819,4.75,36.27,70.15,-185.58,0.291
101692,309.18177937,-2.54991814,4.91,1.48,9.09,-16.05,1.606
101716,309.26942755,26.46197499,5.59,10.68,16.27,-11.39,-0.050
101769,309.38695734,14.59520289,3.64,33.49,118.28,-47.65,0.425
101772,309.39162365,-47.29166239,3.11,32.21,49.20,66.07,0.998
101773,309.39683225,-61.52974415,4.86,16.73,59.15,-71.70,0.447
101800,309.45456696,11.37769664,5.42,18.40,40.01,-8.51,0.050
101843,309.57752070,-81.28897011,5.89,5.13,0.60,-38.24,1.692
101847,309.58447294,-1.10507951,4.31,8.50,15.66,-17.01,0.949
101867,309.63038481,21.20117964,4.81,15.27,74.38,-2.48,-0.030
101868,309.63295107,24.11597742,5.06,6.61,9.99,-7.80,-0.133
101870,309.64578512,23.68050731,5.91,1.65,4.09,-5.32,0.953
101882,309.68326968,13.31512567,5.69,2.50,2.66,-0.39,1.509
101899,309.74806489,30.33442469,5.68,8.44,-27.45,-65.54,1.088
101909,309.77070250,15.83823558,5.99,2.51,-2.33,-15.14,-0.145
101916,309.78163540,10.08615196,5.07,33.27,323.58,21.07,0.702
101923,309.81798449,-14.95471233,5.24,1.86,2.58,-19.66,-0.129
101936,309.85346440,0.48649190,5.15,13.33,103.00,-19.44,1.060
101958,309.90939395,15.91205270,3.77,13.55,54.14,7.91,-0.057
101983,310.00944347,-60.54750937,5.11,41.33,312.88,-568.99,0.544
101984,310.01232708,-18.13860630,5.15,4.32,-22.73,-21.63,1.647
101986,310.01339893,43.45901630,5.97,6.93,-69.45,-56.74,1.186
102014,310.08255226,-33.43193038,5.47,13.64,22.87,35.93,1.118
102026,310.13566467,-16.12435941,5.79,9.90,-68.21,73.94,0.997
102066,310.26058373,32.30731586,5.53,4.05,2.86,-11.79,0.871
102092,310.34826007,-31.59814237,5.75,7.78,110.84,-60.44,1.551
102098,310.35797270,45.28033423,1.25,1.01,1.56,1.55,0.092
102155,310.48540748,41.71687197,5.68,3.13,4.07,1.12,-0.107
102157,310.48776281,-66.76062542,5.14,3.88,8.89,-23.23,-0.061
102162,310.51050472,-76.18056892,5.99,9.68,190.83,-9.43,0.450
102177,310.55261149,50.34002067,5.41,3.53,1.14,3.71,-0.107
102208,310.64624921,82.53110584,5.75,9.11,30.77,21.68,0.000
102253,310.79576497,66.65736293,5.59,23.49,25.11,34.71,0.218
102281,310.86477381,15.07468224,4.43,16.03,-19.61,-41.74,0.302
102333,311.00911122,-51.92084051,4.51,41.38,155.49,-53.64,0.278
102358,311.09183699,56.48840856,5.91,3.38,9.84,-1.60,1.643
102388,311.21884679,25.27104823,4.92,8.94,-27.74,-177.60,1.183
102395,311.23981530,-66.20323826,3.42,23.71,-42.40,10.57,0.163
102422,311.32195263,61.83679404,3.41,69.73,86.08,817.89,0.912
102431,311.33831928,57.58029799,4.52,36.87,-62.95,-235.56,0.535
102453,311.41566302,30.71965680,4.22,15.84,-8.01,24.04,1.051
102485,311.52402547,-25.27051682,4.13,68.16,-51.38,-156.66,0.426
102487,311.54155712,-21.51399111,5.91,12.09,23.45,-17.01,0.066
102488,311.55180091,33.96945334,2.48,45.26,356.16,330.28,1.021
102497,311.58346515,-39.19918925,5.48,10.19,42.68,-30.14,-0.078
102531,311.66194885,16.12462394,5.15,31.69,-6.10,-201.74,0.495
102532,311.66465833,16.12477326,4.27,32.14,-25.88,-196.27,1.042
102571,311.79468503,34.37410329,4.93,8.18,39.26,8.24,1.294
102589,311.85219564,36.49073658,4.53,3.71,14.93,-8.20,-0.083
102599,311.88981878,80.55235152,5.36,8.12,-28.02,-36.91,1.144
102618,311.91888574,-9.49568988,3.78,14.21,31.89,-35.32,0.000
102624,311.93432462,-5.02760303,4.43,7.33,-3.30,-40.24,1.639
102633,311.95136711,6.00824104,5.57,6.35,8.81,-13.01,-0.010
102635,311.95539218,47.83191224,5.60,6.06,-8.68,-17.58,1.466
102693,312.12083153,-43.98827127,5.11,24.35,175.78,-112.17,0.361
102724,312.23455583,46.11414081,4.81,1.45,-2.92,-2.62,0.571
102772,312.32335608,-25.78119469,5.86,3.58,12.83,-18.62,-0.069
102773,312.32614627,-68.77640032,5.41,10.70,-64.57,-49.78,1.122
102790,312.37053840,-46.22689249,4.90,8.06,37.85,27.28,1.494
102831,312.49199793,-33.77967320,4.89,8.57,3.71,-20.19,1.004
102843,312.52013154,44.05898220,5.06,23.67,122.68,132.30,0.198
102891,312.67375681,-12.54472977,5.87,13.06,127.05,-72.39,1.075
102916,312.75317995,-37.91328991,5.52,5.20,-6.71,-17.22,1.380
102945,312.85705076,-5.62663580,5.99,16.97,95.77,1.25,0.464
102949,312.86764739,28.25051868,5.66,1.95,3.92,-5.48,0.616
102950,312.87520805,-51.60816692,5.06,5.75,-0.24,-4.95,1.125
102962,312.91001311,-62.42921513,5.67,13.67,83.04,-49.38,0.203
102978,312.95540084,-26.91912642,4.12,5.19,-7.97,-2.54,1.633
103004,313.03218980,27.09712771,4.56,15.06,-72.33,-60.95,0.835
103005,313.03622144,-5.50704421,5.55,4.33,1.26,-6.20,-0.076
103045,313.16335749,-8.98323782,4.73,21.01,47.06,-32.91,0.325
103089,313.31143866,44.38726652,4.80,6.51,11.27,-2.44,-0.134
103094,313.32732775,45.18168341,5.48,4.38,8.60,-4.43,1.088
103127,313.41730078,-39.80962825,5.34,7.92,44.22,-97.24,1.318
103145,313.47461043,33.43780855,5.47,5.35,-20.60,34.02,1.522
103200,313.64015502,28.05763154,5.03,4.41,0.12,-4.17,1.481
103219,313.68448128,75.92546706,5.99,7.51,30.92,42.29,0.946
103226,313.69938483,-17.92285285,5.78,8.25,-58.88,-17.03,1.122
103227,313.70241509,-58.45409470,3.67,5.41,21.06,-24.75,1.250
103294,313.90282903,13.72156383,5.19,6.88,18.36,-11.50,1.119
103298,313.91063822,12.56850687,5.54,16.35,31.23,21.10,0.131
103312,313.95752483,47.41766542,5.68,0.35,-2.82,-3.74,0.408
103359,314.10599985,50.72864966,5.83,18.75,40.36,-21.22,0.337
103360,314.10786528,49.19583069,5.92,2.56,11.34,6.78,1.054
103371,314.14490863,44.92472729,5.96,0.83,-0.24,-2.22,0.020
103389,314.19695920,-26.29621951,5.70,47.61,95.07,-65.06,0.507
103401,314.22512443,-9.69751669,5.49,5.42,-3.51,-11.53,1.474
103413,314.29338184,41.16719384,3.94,9.17,8.51,-23.97,0.027
103460,314.41922341,-16.03154355,5.89,17.58,51.27,1.73,0.180
103511,314.56813667,22.32591754,5.30,8.21,-2.60,-4.08,1.419
103519,314.58075681,44.47154114,5.55,12.32,101.62,69.74,0.973
103527,314.60817904,10.83936950,5.51,13.68,-47.95,-34.35,0.934
103530,314.62510662,50.46178308,5.59,2.58,9.80,3.44,-0.144
103545,314.67447074,-14.48308081,5.95,11.83,-54.64,-19.31,0.244
103569,314.76892895,4.29384672,5.30,16.59,-113.43,-150.28,0.464
103571,314.77157032,4.29497561,5.24,16.59,-113.43,-150.28,0.457
103598,314.85555250,59.43855678,5.54,5.56,44.60,15.35,1.411
103632,314.95645946,47.52094507,4.74,2.90,7.25,2.47,-0.084
103652,315.01647457,7.51617986,5.98,13.85,48.10,6.98,0.283
103673,315.08985065,-51.26563421,5.76,35.07,-88.47,132.61,0.480
103675,315.11540786,19.32972583,5.69,5.47,-17.03,-59.66,1.588
103732,315.29551032,46.15576488,5.38,2.39,6.14,3.43,-0.206
103738,315.32275695,-32.25776681,4.67,14.59,-2.09,-0.19,0.890
103810,315.53748512,56.66961137,5.83,4.47,9.75,1.14,-0.058
103836,315.61271790,-38.53055847,5.93,15.21,154.93,-169.51,1.106
103882,315.74156102,-38.63118269,5.32,28.32,-27.86,-108.81,0.424
103956,315.94827016,53.28582252,5.93,8.05,42.14,32.09,1.001
103981,316.01963509,-5.82304908,5.53,6.03,20.90,-7.01,0.683
104019,316.10135259,-19.85493122,4.82,20.64,-39.01,-24.45,0.169
104031,316.14434879,5.50286035,5.63,4.74,14.15,0.49,1.650
104043,316.17928592,-77.02286938,5.13,22.07,13.83,-369.38,0.490
104060,316.23273251,43.92785122,3.72,2.77,8.60,0.35,1.609
104085,316.30930513,-54.72695035,5.17,9.35,16.51,-37.55,1.201
104101,316.36162027,5.95848857,5.94,27.06,-117.36,-119.06,0.538
104105,316.37171122,78.12632222,5.91,7.91,19.04,28.71,-0.065
104139,316.48658082,-17.23271095,4.08,20.61,79.64,-61.64,-0.010
104148,316.50468134,-30.12495361,5.69,9.83,32.50,-68.66,1.047
104171,316.59746974,71.43207905,5.88,20.36,-48.18,-116.00,0.386
104174,316.60283819,-32.34163849,5.20,9.22,-4.96,8.57,1.104
104177,316.60623928,-41.38593603,5.55,3.50,29.24,-11.98,1.350
104185,316.62600709,31.18466842,5.77,1.72,3.98,-4.78,0.554
104194,316.65036722,47.64840597,4.56,3.32,6.51,-0.99,1.569
104214,316.71181258,38.74149446,5.20,287.13,4155.10,3258.90,1.069
104234,316.78202266,-25.00574796,4.49,6.24,-27.19,-43.37,1.604
104364,317.13627084,-63.92827112,5.75,6.67,-6.33,4.50,1.180
104365,317.14005380,-21.19352539,5.30,17.06,18.67,-59.22,0.000
104371,317.16196997,30.20568797,5.60,7.35,25.35,-20.78,-0.048
104382,317.19172547,-88.95651120,5.45,12.07,25.96,5.02,0.283
104440,317.33965419,-73.17226994,5.67,53.38,461.31,-287.24,0.590
104459,317.39830336,-11.37165474,4.50,19.93,92.31,-15.76,0.926
104516,317.56480272,53.56310952,5.75,7.57,22.52,-3.70,-0.111
104521,317.58529617,10.13194861,4.70,28.38,49.07,-151.85,0.262
104642,317.95100195,59.98661923,5.64,0.36,-2.90,-3.58,0.110
104680,318.05695050,-40.26882840,5.83,30.90,57.41,-219.43,0.450
104732,318.23408977,30.22708128,3.21,21.62,6.87,-68.12,0.990
104738,318.26219780,-39.42464394,5.25,29.96,187.36,-114.38,0.460
104750,318.32194676,-27.61905854,5.41,8.33,98.92,-112.77,1.425
104752,318.32890517,-36.42353599,5.97,9.67,34.19,3.61,0.967
104755,318.33516015,-70.12621725,5.06,3.67,41.42,-20.34,1.578
104858,318.61995883,10.00771855,4.47,54.11,42.32,-303.43,0.529
104887,318.69727757,38.04432043,3.74,47.80,195.74,410.02,0.393
104963,318.90787714,-20.65169052,5.17,4.72,15.39,-2.24,1.161
104968,318.92663197,77.01226067,5.92,3.90,22.95,14.63,1.531
104974,318.93678169,-15.17151251,5.31,5.19,24.79,5.06,1.639
104978,318.94098443,-53.26304998,5.73,8.22,35.09,-14.12,0.191
104987,318.95581976,5.24807390,3.92,17.51,59.63,-94.33,0.549
105102,319.35396892,39.39469016,4.22,0.72,0.43,-3.61,0.098
105138,319.47944955,34.89688120,4.41,3.62,11.96,6.85,-0.103
105140,319.48436063,-32.17248551,4.71,19.76,55.46,-22.12,0.070
105143,319.48865236,-17.98513635,5.40,5.63,15.57,-0.68,-0.118
105164,319.54610828,-4.51951158,5.83,3.33,11.82,13.69,-0.130
105186,319.61325695,43.94596690,5.04,-0.05,4.52,-9.07,-0.061
105199,319.64408982,62.58545529,2.45,66.84,149.91,48.27,0.257
105224,319.71672173,11.20333527,5.97,2.60,21.12,15.51,1.612
105259,319.81538311,58.62350994,5.51,0.89,-3.55,-3.28,1.114
105269,319.84241818,38.23748156,5.89,0.93,-0.18,-3.33,0.505
105268,319.84255444,64.87184231,5.19,3.02,5.08,5.31,-0.045
105282,319.86973952,49.51028920,5.75,6.08,14.52,1.98,-0.119
105319,319.96618253,-53.44926434,4.39,33.58,107.37,-67.12,0.191
105382,320.18993153,-40.80950852,4.80,17.49,76.18,17.66,0.029
105411,320.26766229,23.85625829,5.58,11.63,243.57,-120.04,1.057
105412,320.26802428,-4.56015214,5.87,9.69,-12.89,11.04,0.912
105413,320.27000230,7.35454610,5.81,3.08,41.25,-17.88,1.663
105497,320.50160330,49.38869874,5.68,9.93,37.46,61.45,1.100
105502,320.52139118,19.80435581,4.08,21.19,105.94,62.61,1.108
105515,320.56157261,-16.83455521,4.28,15.13,30.83,5.26,0.888
105570,320.72325739,6.81111338,5.16,9.06,52.66,11.15,0.064
105574,320.73446434,-9.31927297,5.99,4.53,-27.44,-23.40,1.516
105576,320.75196452,-22.66904892,5.63,4.89,36.82,0.39,1.641
105652,320.99475047,24.27409155,5.70,18.05,136.43,18.11,0.314
105665,321.03999238,-20.85156019,5.38,14.31,-7.69,-126.94,1.176
105668,321.04766053,-12.87813020,5.48,20.80,91.67,8.96,0.297
105696,321.10332831,-41.00669489,5.76,7.04,26.40,-0.23,-0.036
105703,321.14155670,26.17454472,5.67,14.84,48.93,6.42,0.323
105727,321.20583722,80.52485397,5.97,9.18,42.61,-11.38,0.950
105761,321.30423875,-9.74814011,5.71,11.82,16.65,-169.45,0.208
105767,321.32068720,-3.55657786,5.48,7.99,-12.39,-69.77,1.451
105769,321.33078455,46.71422433,5.59,29.14,188.61,48.20,0.335
105811,321.44591740,36.66740768,5.93,1.18,6.91,-8.89,0.033
105854,321.59479220,-37.82940289,5.64,11.82,167.05,-10.91,1.185
105858,321.61038385,-65.36814438,4.21,108.50,81.08,800.68,0.494
105881,321.66678212,-22.41137838,3.77,8.19,-2.61,18.88,1.002
105898,321.71487481,48.83510521,5.29,8.37,57.95,26.02,0.108
105913,321.75692385,-42.54796563,5.50,18.57,-49.29,14.46,0.392
105928,321.81181113,-21.19612774,5.78,7.05,-24.64,-33.95,1.440
105942,321.83901766,37.11679196,5.30,1.84,2.49,2.66,-0.140
105966,321.91679163,27.60854356,5.39,17.96,41.75,20.44,0.049
105972,321.94232234,66.80914613,5.42,4.23,-10.22,-20.72,-0.099
106003,322.03399511,32.22513677,5.75,22.41,134.05,79.39,0.333
106032,322.16489595,70.56069481,3.23,5.48,12.60,8.73,-0.201
106039,322.18048346,-21.80716659,4.50,18.18,133.97,-5.47,0.889
106044,322.18661378,-69.50527320,5.47,8.23,82.31,-46.41,1.553
106062,322.24898803,22.17940400,5.84,5.41,33.24,13.06,1.370
106093,322.36213795,46.54033179,5.22,14.58,43.33,104.05,0.965
106140,322.48699859,23.63882922,4.52,7.37,24.39,3.52,1.618
106227,322.74705697,60.45944015,5.53,1.36,-1.68,-3.31,0.102
106278,322.88966951,-5.57115593,2.90,5.33,22.79,-6.70,0.828
106327,323.02442135,-41.17933640,5.29,8.51,19.29,10.69,1.109
106340,323.06072952,-33.94461293,5.97,7.92,-5.81,-4.04,0.051
106393,323.23574046,49.97760064,5.77,6.86,15.81,11.86,-0.042
106429,323.34805400,-44.84869460,5.57,5.24,-18.92,-2.29,1.044
106481,323.49530361,45.59206564,3.98,26.20,-24.48,-93.88,0.885
106551,323.69365589,38.53382684,4.87,12.76,116.80,93.30,1.085
106559,323.71278777,-20.08438179,5.70,36.86,-28.98,44.40,0.423
106592,323.82344304,-3.98329291,5.79,7.39,-9.59,-4.80,1.110
106642,324.01017560,45.37458683,5.96,5.28,64.44,1.85,1.341
106654,324.04543329,-26.17145712,5.73,18.57,107.81,-24.30,0.234
106711,324.23740434,40.41349052,5.04,15.79,-1.50,12.47,0.198
106723,324.27009487,-19.46601352,4.51,4.92,13.48,0.81,-0.180
106786,324.43767522,-7.85414212,4.68,18.26,114.29,-24.44,0.175
106787,324.43903480,19.31857481,5.46,10.15,99.51,13.43,0.321
106801,324.48011167,62.08194667,4.76,0.72,-1.90,-2.84,0.246
106856,324.63280732,5.77167281,5.66,18.74,112.64,28.64,0.265
106886,324.74008434,57.48904968,5.74,2.78,-1.71,-5.04,0.200
106897,324.75463604,20.26545357,5.77,25.57,122.57,-1.14,0.314
106944,324.88868707,2.24376298,5.10,13.55,-32.70,-84.17,1.034
106985,325.02225935,-16.66225343,3.69,23.48,187.39,-22.33,0.320
106999,325.04608744,43.27380044,5.09,8.06,60.51,16.08,1.601
107089,325.36863801,-77.38946215,3.73,47.22,64.83,-240.38,1.008
107095,325.38722004,-14.04686040,5.16,30.73,-122.06,-308.64,0.672
107119,325.47948373,71.31118695,4.55,18.55,119.48,94.49,1.108
107128,325.50266207,-23.26262557,5.24,13.18,91.12,-95.50,0.991
107129,325.50450032,35.51019572,5.98,1.63,5.45,1.94,2.500
107136,325.52358201,51.18962710,4.69,1.94,5.25,-2.11,-0.119
107144,325.54214706,1.28527344,5.66,2.06,-5.89,-8.31,1.446
107151,325.56435406,5.68015144,5.30,6.25,11.21,-5.78,1.653
107162,325.59558607,41.07702304,5.73,8.76,23.38,-1.60,0.055
107188,325.66423845,-18.86630105,4.72,11.22,145.90,-9.05,0.868
107230,325.76719016,72.32018258,5.18,13.19,-43.24,-40.59,1.063
107232,325.76833446,-14.39975885,5.88,7.97,-3.75,20.35,0.255
107235,325.77701184,41.15499969,5.51,5.55,-15.96,-12.20,1.615
107253,325.85677886,38.28360055,5.69,11.97,34.65,-4.91,-0.010
107259,325.87689561,58.78005308,4.23,0.62,5.24,-2.88,2.242
107302,326.00407815,-14.74939550,5.96,19.08,-22.48,10.31,0.219
107310,326.03501874,28.74322228,4.49,44.64,260.33,-242.73,0.512
107315,326.04641808,9.87500791,2.38,4.85,30.02,1.38,1.520
107348,326.12787716,17.35004352,4.34,3.62,7.90,-10.75,1.161
107350,326.12996019,14.77221491,5.96,54.37,231.08,-113.45,0.587
107354,326.16126755,25.64500284,4.14,28.34,46.66,13.47,0.425
107374,326.22201408,62.46057429,5.94,1.62,-2.98,-2.80,0.312
107380,326.23661590,-33.02555306,4.35,15.93,31.79,-94.00,-0.053
107382,326.25102876,-9.08242443,5.10,4.08,12.96,-1.65,1.108
107418,326.36220534,61.12081043,4.25,0.64,-3.08,-1.86,0.474
107472,326.51816071,22.94888549,5.29,2.89,9.07,-2.35,1.381
107517,326.63366745,-11.36593201,5.57,11.10,30.36,-9.25,-0.002
107533,326.69835794,49.30957480,4.23,2.82,3.61,-1.86,-0.120
107556,326.75952199,-16.12656595,2.85,84.58,263.26,-296.23,0.180
107575,326.80815996,2.68613092,5.63,6.98,6.28,-2.83,0.012
107586,326.85544759,60.69269363,5.53,6.98,-9.68,-1.84,1.575
107608,326.93405546,-30.89830582,5.02,9.63,-34.53,0.64,0.042
107649,327.06503724,-47.30289790,5.57,63.95,165.64,-295.00,0.601
107763,327.46117477,30.17427852,5.07,10.78,18.89,-26.14,0.010
107773,327.50054328,-64.71244360,5.62,9.77,-3.60,-38.31,1.018
107788,327.53601656,17.28595705,5.34,29.91,91.28,-43.45,0.394
107835,327.69677354,-69.62940458,5.52,5.84,-24.77,-4.73,1.378
107843,327.72603561,-82.71882392,5.27,7.49,68.15,-33.03,0.756
107887,327.89264809,19.82664938,5.78,5.58,20.51,13.33,-0.100
107930,328.00426049,55.79674452,5.70,5.07,18.90,-0.53,-0.081
107975,328.12481712,28.79369216,5.52,36.15,-58.67,-63.26,0.426
108022,328.26567758,25.92513878,5.09,6.37,9.12,0.34,-0.155
108036,328.32326591,-13.55180134,5.08,36.15,313.03,13.67,0.378
108060,328.40569599,19.66838008,5.69,14.18,22.10,23.51,0.011
108085,328.48189202,-37.36482290,3.00,16.07,95.88,-12.10,-0.084
108102,328.54309196,-4.27595735,5.71,11.22,52.23,-91.47,1.185
108165,328.72149220,56.61123260,5.74,1.29,-3.72,-2.20,0.655
108195,328.79724631,-61.88638824,5.92,21.49,43.53,-90.56,0.393
108226,328.87912929,65.32081194,5.84,2.71,5.74,-1.37,-0.037
108294,329.09495119,-37.25363145,5.45,10.35,-25.18,-9.61,0.084
108317,329.16310055,63.62556651,5.11,0.39,-0.33,-3.82,1.547
108339,329.23495325,12.07652564,5.54,7.41,-28.38,-13.92,0.054
108431,329.47929577,-54.99256660,4.40,17.65,43.00,-3.67,0.297
108505,329.72294977,62.69795151,5.96,2.54,12.03,14.14,1.640
108535,329.81293227,73.18028413,5.04,26.67,-68.28,-159.81,0.439
108543,329.82450083,-38.39509330,5.50,8.29,42.47,-0.98,0.996
108661,330.20922938,-28.45373726,5.43,3.22,14.81,0.30,-0.095
108691,330.27087929,0.60474348,5.60,4.93,7.14,-11.60,1.279
108693,330.27214600,13.11996136,5.61,14.30,57.60,-56.74,0.336
108699,330.28849736,8.25717124,5.65,5.35,-7.35,-2.77,1.440
108758,330.46074194,52.88224628,5.79,3.08,9.99,2.67,-0.106
108772,330.51906636,58.00037041,5.55,0.70,-3.47,-1.59,0.017
108845,330.73615775,44.64994158,5.57,6.16,-21.46,-32.32,-0.029
108849,330.76559241,-76.11826634,5.94,16.20,27.81,-66.28,0.399
108868,330.81846358,-6.52242698,5.55,12.02,47.80,8.65,0.959
108870,330.82266498,-56.77980602,4.69,275.76,3959.97,-2538.84,1.056
108874,330.82845686,-2.15533588,4.74,8.56,24.81,-11.14,-0.100
108875,330.82925888,11.38655605,5.83,6.03,16.71,-1.63,-0.050
108917,330.94650782,64.62775425,4.26,32.07,214.46,89.29,0.379
108924,330.97054172,63.11977885,5.26,7.27,36.70,58.29,1.557
108975,331.15316181,-26.82233560,5.97,2.89,12.59,-9.54,-0.167
108991,331.19764106,-0.90623994,5.29,14.10,-20.05,-42.57,0.231
109005,331.25199883,62.78552941,5.27,10.25,14.19,58.43,1.413
109017,331.28663039,62.27982101,5.07,0.60,-1.76,-3.01,0.240
109023,331.29714774,26.67361826,5.75,8.22,28.42,29.23,1.249
109056,331.39439437,28.96400385,5.69,10.71,30.03,-9.48,-0.048
109068,331.41954990,5.05828453,4.86,12.38,101.60,101.19,1.443
109074,331.44593869,-0.31982656,2.95,4.30,17.90,-9.93,0.969
109081,331.46229754,-59.63594171,5.62,6.34,56.46,-53.57,1.468
109102,331.50816631,45.01438566,5.09,5.27,-9.35,-15.36,1.568
109111,331.52876518,-39.54304903,4.47,13.20,-24.16,-125.17,1.349
109139,331.60918894,-13.86954013,4.29,18.90,40.45,-57.16,-0.075
109176,331.75197729,25.34504610,3.77,85.06,296.73,26.93,0.435
109209,331.86882240,19.47543631,5.74,16.39,121.91,36.78,0.331
109240,331.95971953,21.70309155,5.79,4.67,-45.18,-68.26,-0.077
109268,332.05781838,-46.96061593,1.73,32.16,127.60,-147.91,-0.070
109285,332.09563830,-32.98839827,4.50,25.01,80.05,-28.88,0.054
109289,332.10803368,-34.04372111,4.99,6.18,5.98,-49.37,1.499
109332,332.24579432,-18.51957349,5.80,0.48,0.17,-7.47,-0.154
109352,332.30698173,33.17249760,5.58,11.51,-60.00,-65.86,0.985
109400,332.45152906,72.34119936,4.79,8.64,33.39,3.09,0.919
109404,332.48213069,-34.01503553,5.37,15.35,-13.79,28.29,0.241
109410,332.49688603,33.17826747,4.28,12.96,-12.34,-17.94,0.471
109422,332.53534803,-32.54844042,4.94,53.36,428.62,13.83,0.489
109427,332.54924902,6.19778900,3.52,33.77,281.96,31.23,0.086
109466,332.64043335,-4.26686395,5.98,11.57,72.36,3.50,0.981
109471,332.65608471,11.62467170,5.78,5.22,-46.82,-54.38,1.617
109472,332.65610232,-11.56495901,5.43,5.81,29.74,8.02,-0.117
109474,332.66209270,70.13251390,5.52,30.61,-64.78,24.17,0.391
109492,332.71359131,58.20124992,3.39,4.49,13.35,4.49,1.558
109521,332.79073322,50.82328938,5.38,18.24,126.81,42.56,0.152
109556,332.87743467,59.41451451,5.05,1.98,-7.22,-11.06,0.192
109572,332.95214631,56.83904211,5.24,27.03,236.75,129.67,0.534
109577,332.96388678,16.04059653,5.93,17.88,-2.94,-18.79,0.951
109592,333.00839287,60.75907189,5.37,8.74,1.15,9.53,1.184
109602,333.03369809,24.95063700,5.97,1.07,10.24,1.73,1.500
109620,333.09352250,63.29107190,5.76,3.77,3.72,-15.08,1.645
109654,333.19921276,34.60471273,5.34,12.74,19.32,-49.66,1.134
109693,333.29239384,86.10785672,5.27,12.75,51.31,40.32,-0.030
109730,333.41104240,28.60802681,5.87,13.08,74.04,-3.99,1.169
109737,333.43494738,-25.18092537,5.58,14.78,71.18,8.36,0.497
109745,333.45491277,45.44060328,5.53,13.00,73.41,4.01,0.021
109754,333.46958944,39.71488928,4.50,5.79,37.65,15.55,1.385
109786,333.57507383,-21.07470081,5.33,11.59,22.98,55.36,0.812
109789,333.57806796,-27.76691218,5.45,6.42,22.88,1.90,-0.121
109831,333.68471113,42.95396372,5.72,11.67,50.49,-21.96,0.014
109857,333.75699582,57.04346522,4.18,38.86,476.45,50.00,0.278
109908,333.90368669,-41.34675029,4.79,12.44,46.04,20.45,0.790
109937,333.99237570,37.74873483,4.14,5.20,8.74,0.76,1.447
109972,334.11046921,57.22022542,5.88,4.48,47.37,5.36,0.950
109973,334.11070233,-41.62720198,5.11,13.61,-13.56,-9.50,0.930
110000,334.20018136,-12.83144751,5.34,6.74,1.84,4.66,1.132
110003,334.20819329,-7.78323706,4.17,17.04,118.95,-21.91,0.979
110009,334.21916736,-9.04003734,5.80,9.28,-58.02,-12.11,1.158
110023,334.27709235,-5.38721152,5.75,9.56,-4.20,19.51,0.878
110078,334.46123241,-77.51158803,5.49,26.00,-37.28,14.28,0.312
110103,334.55247853,62.80436392,5.75,4.73,42.73,9.80,1.256
110109,334.56326060,-53.62553594,5.36,73.47,439.86,-632.60,0.614
110130,334.62574257,-60.25949486,2.87,16.42,-71.48,-38.15,1.390
110179,334.75290198,-13.30497087,5.96,9.21,72.65,-9.91,1.075
110256,335.00616756,-80.43964301,5.09,12.15,56.36,-42.78,1.276
110273,335.04961499,-7.82110592,5.35,4.39,15.21,1.61,-0.048
110298,335.11485393,5.78949288,5.37,3.55,20.33,2.10,-0.037
110351,335.25636792,46.53656484,4.55,6.40,21.72,1.92,-0.100
110371,335.33053166,28.33051592,4.78,5.37,17.42,5.60,-0.010
110386,335.37946377,12.20517262,4.82,3.36,6.21,5.54,-0.132
110391,335.39823108,-21.59802435,5.12,17.81,-11.34,-84.57,1.057
110395,335.41374983,-1.38735315,3.86,20.67,129.24,8.90,-0.057
110506,335.78246322,-45.92834717,5.62,24.62,233.33,-57.92,0.372
110529,335.87827430,-24.76265507,5.53,12.00,97.60,-2.50,0.979
110532,335.88397901,-7.19444293,5.92,7.10,-6.21,8.95,0.998
110538,335.89015172,52.22949951,4.42,19.21,-13.56,-186.37,1.015
110578,336.02861939,-4.83700102,5.79,7.69,26.35,-7.77,-0.033
110602,336.11262494,-13.52940359,5.76,6.01,50.69,14.24,0.970
110609,336.12914880,49.47640074,4.55,1.54,-5.12,-3.37,0.092
110618,336.14329493,-72.25377388,5.28,34.60,1302.45,-674.12,0.660
110649,336.23413615,-57.79661017,5.31,48.81,180.71,-331.27,0.665
110668,336.29329897,-70.43147060,5.78,19.75,121.79,-62.31,0.396
110672,336.31921857,1.37739245,4.80,2.96,18.38,3.35,-0.171
110725,336.50326220,70.77088542,5.47,6.27,19.69,5.34,1.216
110778,336.64228154,-16.74214759,5.55,49.80,209.77,3.96,0.618
110785,336.65507484,4.39363758,5.76,25.34,286.36,52.92,0.519
110787,336.67685952,78.78594317,5.83,15.98,-14.09,-37.12,0.171
110817,336.77213047,65.13227452,5.52,1.29,-0.74,-1.93,0.302
110838,336.83280453,-64.96637927,4.51,12.21,68.68,10.21,-0.029
110882,336.96448769,4.69641070,4.78,20.39,77.29,-307.36,1.039
110935,337.15600483,-67.48888731,5.56,22.96,151.41,-70.67,0.208
110936,337.16325785,-39.13140099,5.47,12.42,37.24,-160.72,0.959
110960,337.20750231,-0.02006304,3.65,31.53,191.32,37.47,0.406
110986,337.28313545,9.12908395,5.60,5.63,51.63,-20.51,1.578
110992,337.29254382,26.76320924,5.79,2.97,26.09,-4.42,1.252
110991,337.29269975,58.41518990,4.07,3.32,16.47,3.55,0.778
110997,337.31730866,-43.49555433,3.97,11.03,25.62,-4.23,1.022
111022,337.38259473,47.70689488,4.34,2.80,-0.60,-3.37,1.679
111043,337.43935610,-43.74922804,4.12,10.04,-14.93,1.79,1.570
111045,337.44142048,-27.10723481,5.95,23.76,119.31,-20.31,0.362
111056,337.47070072,78.82433733,5.45,13.75,3.47,-21.67,0.093
111062,337.49145207,4.43205725,5.51,18.93,-18.89,-151.08,0.385
111068,337.50746956,32.57267245,5.64,8.01,30.94,-14.03,-0.031
111104,337.62192333,43.12338985,4.52,2.38,-2.05,-5.76,-0.086
111123,337.66172918,-10.67788619,4.82,12.29,1.79,-26.26,-0.053
111169,337.82239898,50.28244976,3.76,31.86,137.22,17.15,0.031
111188,337.87620651,-32.34602798,4.29,21.99,59.64,-18.70,0.011
111196,337.90761619,-85.96740206,5.76,9.88,-37.64,61.25,1.020
111242,338.06781235,76.22646833,5.70,4.43,-19.96,-11.12,0.020
111259,338.10989375,39.77975511,5.88,5.19,4.73,-8.87,0.166
111310,338.25005260,-61.98207300,4.91,11.96,40.82,-20.14,1.612
111362,338.41902799,56.62463722,5.72,9.60,78.48,41.08,0.966
111394,338.51203705,-1.57417924,5.88,7.35,39.70,-37.28,0.977
111449,338.67291135,-20.70785949,5.21,43.97,221.60,-146.58,0.446
111497,338.83887054,-0.11736123,4.04,17.77,88.56,-56.10,-0.083
111515,338.90149675,-23.99107868,5.97,9.66,25.95,-6.34,0.984
111532,338.94073618,73.64312707,5.08,17.70,173.32,25.14,0.395
111546,338.96785192,39.63434136,5.73,5.10,1.11,-4.39,-0.160
111600,339.14778918,-31.66369314,5.82,10.45,-41.23,-39.38,1.074
111643,339.24508293,-40.59086511,5.85,14.86,45.18,-69.65,0.060
111660,339.30359577,75.37179180,5.80,5.23,44.70,7.85,1.594
111674,339.34360749,51.54537399,4.64,18.95,-51.31,-103.34,0.254
111710,339.43925419,-4.22776291,5.04,13.92,-68.36,-120.47,1.140
111795,339.65778029,56.79571012,5.11,7.59,52.42,-32.28,1.537
111797,339.66272750,63.58452120,5.19,10.20,-1.16,-20.23,0.083
111809,339.71443125,-33.08138295,5.66,7.50,4.25,14.57,0.037
111810,339.71924203,19.52249181,5.84,8.55,-45.17,-94.22,0.922
111841,339.81532883,39.05028301,4.89,3.08,-0.29,-5.70,-0.207
111925,340.07667029,53.84597214,5.94,9.49,6.41,-18.33,0.946
111934,340.09324845,-30.65836159,5.88,5.08,-107.65,-209.53,1.297
111944,340.12825981,44.27628068,4.50,10.81,94.18,10.00,1.318
111954,340.16385653,-27.04361480,4.18,4.38,22.01,-0.88,-0.105
111967,340.20357013,-57.42230600,5.98,2.66,56.62,-6.61,1.450
111974,340.21882625,14.54886051,5.72,30.49,272.25,123.47,0.723
112029,340.36531181,10.83139111,3.41,15.64,77.38,-10.98,-0.086
112031,340.36938127,40.22546314,5.25,2.34,-0.75,-5.90,-0.137
112041,340.39975815,41.54897766,5.93,10.08,140.88,59.98,0.998
112051,340.43920724,29.30768920,4.80,10.70,-2.03,-19.96,-0.013
112067,340.48916113,14.51644444,5.92,12.22,94.55,-21.21,1.114
112117,340.65365518,-47.21000778,5.99,42.47,6.15,-331.43,0.584
112122,340.66639531,-46.88456594,2.07,19.17,135.68,-4.51,1.610
112158,340.75053573,30.22130866,2.93,15.18,13.11,-26.11,0.852
112203,340.87486957,-41.41411843,4.84,14.71,10.23,-93.95,1.027
112211,340.89688564,-18.83030716,4.68,6.73,-31.40,-28.02,1.358
112241,341.02171745,39.46541736,5.93,5.04,7.68,-28.38,1.490
112242,341.02285629,41.81922714,5.11,11.89,-8.33,3.11,0.960
112374,341.40771690,-53.50016316,4.84,8.27,30.62,17.34,1.180
112381,341.42003143,-46.54729992,5.52,4.91,-29.41,-11.39,1.302
112405,341.51551393,-81.38161731,4.13,23.23,-55.35,0.88,0.208
112417,341.54210525,44.54597654,5.84,18.79,142.77,32.07,0.358
112440,341.63267663,23.56567939,3.97,8.26,56.99,-10.46,1.070
112447,341.67267295,12.17408381,4.20,61.54,233.06,-492.04,0.502
112519,341.87061429,83.15371558,4.77,10.06,23.65,47.21,1.257
112529,341.88828134,-19.61287445,5.24,12.26,-102.20,-205.95,0.941
112542,341.92812904,-14.05640541,5.68,12.55,29.03,-9.44,-0.016
112590,342.04611234,37.41684226,5.82,8.96,-42.58,-63.48,1.024
112623,342.13832136,-51.31670354,3.49,25.16,108.47,-65.93,0.083
112716,342.39795761,-13.59253756,4.05,8.58,-12.58,-38.80,1.570
112724,342.42046735,66.20071089,3.50,28.27,-66.10,-124.74,1.053
112731,342.44261913,55.90268437,5.43,8.78,83.41,38.00,1.167
112748,342.50041810,24.60168486,3.51,27.95,144.11,-43.44,0.933
112778,342.59070173,41.95340325,5.91,3.00,8.28,-3.93,0.062
112781,342.59477516,-80.12381446,5.32,7.35,20.14,-12.76,-0.126
112832,342.75894036,-39.15681779,5.43,2.95,18.26,-6.50,1.444
112833,342.76223899,85.37346100,5.89,7.14,13.22,114.38,1.340
112862,342.83726823,-29.53627381,5.99,8.80,-7.54,-14.49,0.907
112864,342.84378464,61.69663851,5.61,14.34,97.14,41.95,0.775
112917,343.00811365,43.31236494,4.95,9.99,109.36,21.54,1.559
112935,343.09902715,9.83555733,5.16,37.25,521.86,44.10,0.487
112948,343.13149128,-32.87545019,4.46,14.67,-33.32,-22.15,-0.037
112961,343.15360192,-7.57967878,3.73,8.33,19.51,32.71,1.626
112997,343.25949461,16.84126106,5.86,10.33,-20.97,-27.59,1.132
113031,343.36954639,-11.61651887,5.80,4.96,23.03,1.93,-0.082
113048,343.41732810,44.74920148,5.79,19.22,-2.97,-15.72,0.282
113084,343.52879493,40.37683633,5.82,9.63,97.09,28.91,1.136
113116,343.60160144,84.34611856,4.70,8.35,98.45,23.89,1.418
113136,343.66266350,-15.82075994,3.27,20.44,-44.08,-24.81,0.066
113148,343.69002010,-16.27174207,5.53,23.27,-223.65,-88.58,1.111
113174,343.76076644,37.07680479,5.91,24.24,88.52,9.25,0.397
113184,343.79560112,-4.98787812,5.72,11.13,29.13,-8.54,0.881
113186,343.80676809,8.81609536,4.91,11.55,81.88,29.03,-0.003
113222,343.93538834,36.35139364,5.73,3.90,19.89,-1.54,-0.051
113246,343.98705005,-32.53970196,4.20,19.14,10.84,30.32,0.952
113281,344.09846242,41.60388627,5.60,2.71,-0.99,-4.25,-0.149
113288,344.10832784,49.73355094,4.99,1.74,0.05,-2.87,1.778
113307,344.19925894,-47.96922586,5.72,11.98,-26.30,1.82,0.226
113327,344.26872427,48.68408117,5.34,2.97,9.59,-5.43,-0.102
113357,344.36604441,20.76868410,5.45,65.10,208.06,60.96,0.666
113368,344.41177323,-29.62183701,1.17,130.08,329.22,-164.22,0.145
113503,344.79915676,11.72894102,5.76,12.26,26.84,-40.09,0.293
113521,344.86417726,0.96309154,5.43,11.63,90.06,-67.66,0.982
113532,344.89901144,-29.46232352,5.51,8.90,-6.77,5.15,0.271
113561,345.02126622,56.94538131,5.10,-0.15,-2.94,-3.09,1.011
113562,345.02402543,-25.16398677,5.66,4.62,35.14,-79.51,1.253
113622,345.17873968,3.01200821,5.85,5.96,5.06,-83.58,1.343
113638,345.22030979,-52.75410562,4.11,28.99,-65.09,-12.91,0.960
113657,345.28123580,-50.95002911,5.68,6.78,88.21,0.28,1.411
113669,345.33061462,-28.85390821,5.55,5.58,58.42,-21.46,1.349
113686,345.38209154,-4.71147966,5.94,1.23,14.07,7.55,0.992
113726,345.48019377,42.32597866,3.62,4.71,22.47,0.24,-0.099
113788,345.65140390,42.75780620,5.09,9.33,55.67,-4.77,0.094
113801,345.68453003,-20.87039619,5.97,13.01,-56.81,-129.81,0.946
113860,345.87401266,-34.74961718,5.12,34.98,74.80,84.45,0.305
113864,345.88686782,67.20918487,5.25,8.48,23.13,10.24,1.248
113881,345.94305575,28.08245462,2.44,16.37,187.76,137.61,1.655
113889,345.96919380,3.82006998,4.48,6.62,12.86,-10.13,-0.115
113902,345.99845700,-41.47903194,5.79,10.84,12.25,55.93,1.069
113919,346.04513231,50.05168397,4.64,18.20,166.70,167.30,1.058
113957,346.16487864,-53.96464712,5.37,8.36,56.97,-106.16,1.453
113963,346.19007020,15.20536786,2.49,23.36,61.10,-42.56,-0.002
113969,346.21728516,-68.82037973,5.53,18.08,44.78,63.39,0.395
113996,346.29047874,-7.69381853,5.44,17.31,123.46,7.07,0.312
114104,346.65337433,59.41976474,4.84,2.95,6.77,-1.97,-0.060
114119,346.67003033,-23.74311680,4.48,17.32,59.90,0.53,0.892
114131,346.71986858,-43.52032436,4.28,24.51,-48.35,-13.98,0.423
114132,346.72333274,-38.89230672,5.62,11.09,33.56,5.78,0.006
114144,346.75106602,9.40952259,4.54,10.13,6.73,-12.76,1.559
114155,346.77807997,25.46833959,4.76,6.07,0.26,-33.31,1.285
114167,346.81169415,-50.68662467,5.81,25.15,-37.53,-23.32,0.486
114189,346.86936478,21.13437231,5.97,25.04,107.88,-50.08,0.259
114200,346.91365671,46.38730373,5.30,9.54,-11.87,-29.97,1.409
114210,346.93853339,49.29545491,5.68,29.33,152.15,132.08,0.449
114222,346.97432546,75.38758150,4.41,14.83,5.74,-35.10,0.802
114254,347.08790152,-28.82356853,5.60,11.42,-43.24,-52.69,0.882
114273,347.17017174,2.12761798,5.42,11.64,137.43,108.99,0.908
114341,347.36150879,-21.17248555,3.68,13.96,55.99,31.25,1.202
114347,347.38106177,8.67717165,5.05,4.28,3.71,-4.52,1.484
114365,347.43391042,59.33268922,5.68,1.65,0.14,1.17,0.315
114366,347.43590830,-28.08857609,5.88,4.76,18.93,1.74,1.311
114375,347.47865379,-22.45759248,4.71,6.26,35.92,-7.79,0.674
114382,347.49016985,-42.86116912,5.83,28.87,-348.82,-50.54,0.475
114389,347.50612955,9.82210111,5.39,5.27,-17.77,-7.75,-0.068
114407,347.54049559,-40.59143612,5.90,4.08,22.14,-45.65,1.565
114421,347.58928308,-45.24664747,3.88,17.63,132.42,-26.27,0.998
114430,347.61401487,43.54473662,5.91,35.39,-202.18,-207.65,0.450
114449,347.67759102,17.59443802,5.68,6.45,24.37,-27.28,1.330
114520,347.93414513,8.72012785,5.15,12.89,-8.93,-5.05,0.139
114570,348.13717883,49.40597489,4.53,40.82,89.78,95.57,0.302
114622,348.31143134,57.16763844,5.57,153.24,2074.37,294.97,1.000
114641,348.36045184,11.06501583,5.85,9.72,-9.12,-5.97,1.004
114724,348.58055219,-6.04852680,4.22,14.68,46.22,-195.85,1.545
114745,348.65423592,74.23125488,5.89,7.16,41.34,5.54,-0.010
114775,348.74389520,-41.10512524,5.77,13.95,110.13,-111.80,1.160
114822,348.89277051,-3.49637244,5.56,14.09,-12.43,-3.26,0.062
114831,348.90711543,70.88808538,5.55,9.15,17.04,-2.27,0.263
114855,348.97198728,-9.08769554,4.24,21.97,368.56,-17.02,1.107
114921,349.16578399,-44.48914171,5.92,11.32,3.44,-9.88,1.053
114924,349.17580980,53.21404995,5.58,49.31,111.70,-236.29,0.556
114939,349.21229368,-7.72646619,4.93,5.09,-18.66,-15.43,1.613
114948,349.23945138,-62.00113447,5.64,48.60,176.00,-26.12,0.521
114971,349.28955677,3.28224524,3.70,24.92,760.35,17.96,0.916
114996,349.35755018,-58.23592762,3.99,45.40,-34.93,79.59,0.410
115022,349.43590129,49.01528336,4.82,4.98,34.48,6.74,1.668
115033,349.47584844,-9.18248990,4.41,10.13,19.63,-9.64,-0.144
115054,349.54077554,-40.82406346,5.54,28.89,127.46,-122.41,0.445
115065,349.59721541,41.77370255,5.98,6.90,-9.58,-11.03,0.215
115088,349.65586210,68.11141807,4.75,15.48,54.88,10.91,0.836
115102,349.70594501,-32.53183574,4.41,18.24,19.65,-78.57,1.109
115115,349.74021218,-9.61073100,4.99,13.10,43.47,-7.80,-0.022
115126,349.77712113,-13.45844256,5.20,48.22,265.64,-44.87,0.787
115142,349.84941462,-5.12430243,5.56,28.72,200.98,-20.42,0.386
115144,349.85043968,-18.07539972,5.96,2.92,3.96,9.58,1.534
115152,349.87411644,48.62519601,5.44,9.95,22.98,51.91,1.014
115191,349.96825485,42.07803394,5.81,6.01,47.78,4.25,1.512
115227,350.08557117,5.38145156,5.05,9.56,78.53,-59.35,1.204
115250,350.15926320,23.74035920,4.58,19.50,30.48,-9.14,0.180
115271,350.20626846,30.41508840,5.58,7.49,77.44,-68.83,1.501
115280,350.22153629,38.18247497,5.77,23.59,129.56,-61.21,0.468
115312,350.31462908,-26.98674162,5.65,9.92,-19.59,-11.20,0.817
115355,350.47885850,31.81248117,5.35,3.91,10.27,-6.81,-0.101
115395,350.63551965,60.13348919,5.56,2.20,6.83,-1.59,1.679
115404,350.66291976,-15.03938012,5.19,13.75,119.67,17.49,0.203
115438,350.74292280,-20.10034505,3.96,20.14,-120.27,-96.70,1.082
115444,350.76898818,12.31395190,5.09,9.88,18.98,-17.15,1.315
115537,351.05516142,-51.89108428,5.75,5.91,23.17,-37.03,1.611
115590,351.20936267,62.28283877,4.96,4.23,12.24,-13.25,1.676
115591,351.21175378,32.38487495,5.56,6.44,16.51,2.76,-0.075
115620,351.33072811,-56.84893507,5.60,11.42,85.19,-20.73,1.063
115623,351.34442250,23.40401243,4.42,18.83,193.12,36.47,0.617
115669,351.51173897,-20.64186122,4.38,10.57,-50.13,-62.97,1.460
115713,351.65226789,-52.72191900,5.53,31.28,33.16,130.07,0.409
115738,351.73293881,1.25583758,4.95,20.12,85.60,-94.43,0.036
115746,351.74966274,87.30745696,5.56,10.63,76.90,19.35,0.250
115755,351.78054498,42.91196859,5.75,11.09,87.42,17.07,-0.007
115769,351.81222494,-58.47627854,5.63,10.93,52.45,69.25,0.983
115770,351.81840911,70.35979323,5.60,15.81,120.97,-4.43,0.163
115806,351.91820403,25.16736870,5.99,8.89,27.28,-36.06,-0.066
115830,351.99236589,6.37909727,4.27,20.54,-123.83,-43.26,1.062
115836,352.01486122,-87.48224182,5.50,6.24,16.29,11.48,1.278
115908,352.25387551,-63.11062274,5.66,8.58,39.18,-13.63,-0.142
115919,352.28858456,12.76049243,4.54,18.34,59.62,25.18,0.939
115990,352.50799782,58.54890978,4.89,5.67,18.67,4.22,-0.122
116076,352.82165645,39.23640180,5.22,13.09,287.30,-83.78,1.029
116231,353.24245060,-37.81835895,4.38,18.28,96.39,37.58,-0.095
116247,353.31927128,-20.91452506,4.70,10.18,-2.55,8.64,0.020
116250,353.33143988,-77.38533173,5.82,31.49,15.66,1.79,0.681
116264,353.36703214,22.49881721,5.33,5.67,9.54,-17.48,1.481
116310,353.48813881,31.32532196,4.97,5.95,50.22,-18.45,1.383
116323,353.53731060,-1.24753498,5.91,14.17,107.44,-13.24,0.299
116354,353.65646146,40.23655244,5.55,13.97,-17.71,-45.77,0.096
116355,353.65919426,33.49727590,5.63,10.68,-4.54,21.66,1.042
116368,353.70554420,-15.24579181,5.95,9.29,49.92,-87.88,1.350
116380,353.74596038,71.64204906,5.86,1.14,5.26,-2.44,1.681
116389,353.76887742,-42.61510105,4.69,11.92,42.18,10.78,0.078
116495,354.09727881,2.10207138,5.68,32.27,-104.50,62.11,0.449
116582,354.38346323,44.42903532,5.81,3.96,15.16,-17.00,-0.064
116584,354.39044870,46.45917621,3.81,38.74,159.22,-421.46,0.984
116591,354.41474582,-13.06030596,5.66,11.50,34.83,25.77,1.025
116602,354.46223051,-45.49232134,4.74,16.26,71.36,-12.34,0.082
116611,354.48655342,18.40062425,5.49,13.65,48.52,17.61,0.010
116631,354.53407969,43.26807610,4.29,6.49,27.72,-1.21,-0.083
116653,354.59870499,-76.86950742,5.99,5.22,78.48,-18.47,0.907
116709,354.78478065,50.47173744,5.35,8.36,-16.69,-1.87,-0.061
116714,354.79233254,75.29284842,5.95,12.40,7.09,13.99,0.124
116727,354.83742516,77.63196681,3.21,72.50,-48.85,127.18,1.031
116728,354.83819674,74.00261499,5.98,7.78,-8.53,5.56,0.889
116758,354.94598676,-14.22204281,4.97,24.38,51.80,-55.58,0.257
116768,354.97911505,9.67732079,5.99,17.16,89.12,-11.16,0.212
116771,354.98675133,5.62735374,4.13,72.51,376.32,-437.00,0.507
116805,355.10184089,44.33397776,4.15,19.22,81.33,-18.96,-0.071
116820,355.15921709,-32.07299489,5.30,11.22,-91.41,-53.47,0.965
116853,355.28696291,-11.68066248,5.89,8.60,68.51,3.24,0.984
116889,355.39380754,-18.02690134,5.36,5.58,-40.82,-72.28,1.580
116901,355.44082263,-17.81653327,4.82,5.07,13.93,0.11,0.822
116918,355.48627544,7.25064591,5.89,9.64,-27.64,-40.94,0.101
116928,355.51200741,1.78041720,4.49,32.38,-129.55,-154.87,0.200
116957,355.61588872,-15.44797581,5.27,11.65,16.19,-23.44,1.344
116971,355.68035357,-14.54474243,4.49,21.16,98.35,-66.78,-0.032
117020,355.84315202,10.33150851,5.09,3.99,4.93,11.40,1.692
117073,355.99765846,29.36155278,4.93,13.91,71.44,-40.78,0.935
117088,356.05010877,-64.40453515,5.73,3.71,14.42,34.60,1.393
117089,356.05025914,-18.27692862,5.24,9.84,27.60,-3.76,-0.084
117125,356.16950877,-78.79144467,5.74,5.73,54.95,1.16,1.108
117218,356.50350924,-18.67836913,5.28,15.37,131.86,11.97,0.299
117221,356.50849555,46.42029095,4.97,2.49,9.05,-6.25,1.086
117245,356.59807048,3.48687164,4.95,4.29,-35.00,-25.00,2.508
117265,356.65302168,66.78225128,5.95,1.88,7.50,-2.76,-0.049
117299,356.75797734,57.45137702,5.55,1.95,4.13,-7.45,1.630
117301,356.76411116,58.65185164,4.88,18.88,60.70,56.69,1.122
117314,356.81642211,-11.91089898,5.74,9.42,-48.26,-93.56,1.068
117315,356.81661487,-50.22640416,5.18,5.51,8.99,-23.28,-0.164
117371,356.97811533,67.80681263,5.05,10.96,14.55,-1.89,0.007
117375,356.98536110,-2.76161103,5.49,11.19,96.45,5.50,0.941
117447,357.20906201,62.21451996,5.43,0.20,-2.80,-1.45,0.670
117452,357.23116631,-28.13001480,4.59,22.73,100.03,-104.04,0.001
117491,357.36448204,1.07619547,5.77,12.19,-0.25,-26.32,0.167
117500,357.41396883,28.84232813,5.95,12.22,62.75,25.01,0.187
117503,357.42066699,36.42539712,5.86,7.41,0.20,-47.81,0.806
117541,357.56103429,-9.97432690,5.93,10.63,139.84,78.32,1.133
117567,357.63859626,-14.40143843,5.70,7.09,38.04,-21.27,1.488
117628,357.83856042,9.31350996,5.77,4.04,-9.84,-65.52,1.661
117629,357.83884091,-18.90915459,5.17,10.16,26.60,-3.56,-0.122
117683,357.99095935,2.93041943,5.59,2.76,14.69,-14.42,1.527
117689,358.02789102,-82.01876765,5.10,12.20,-49.07,-20.91,0.934
117718,358.12205065,19.12037002,5.06,7.46,-6.42,-34.22,1.587
117722,358.12520105,-14.25120700,5.85,11.38,-95.97,-4.18,1.252
117730,358.15465752,10.94732837,5.30,17.31,-22.23,-3.51,0.186
117756,358.21038458,-8.99669856,5.76,5.33,61.73,-23.61,1.171
117761,358.23133386,-3.15537813,5.93,6.53,77.52,-42.58,1.069
117863,358.59598888,57.49939052,4.51,0.28,-4.54,-3.45,1.190
117887,358.69436350,0.10934429,5.78,5.07,-40.93,-14.63,1.466
118077,359.28539105,55.70573518,5.57,14.97,-20.44,-12.22,0.478
118092,359.33241721,-62.95661191,5.95,15.91,86.18,11.60,0.101
118114,359.38745413,-82.16974335,5.72,10.38,-26.62,-25.15,1.055
118121,359.39571557,-64.29808259,5.00,20.53,78.86,-61.10,0.060
118131,359.43979002,25.14147936,4.63,7.54,-36.06,-32.25,1.584
118209,359.66837736,-3.55580738,4.88,14.58,-56.52,-72.34,0.930
118234,359.73218118,-52.74595629,5.13,12.70,57.93,61.46,1.121
118243,359.75220729,55.75494069,4.88,2.14,9.26,-5.09,-0.071
118268,359.82750994,6.86359373,4.03,30.78,148.49,-112.16,0.419
118277,359.86625700,-29.48515314,5.59,3.71,-7.86,-5.98,1.599
118281,359.87222432,33.72413297,5.81,34.47,-59.03,-104.99,0.539
118322,359.97879195,-65.57707774,4.49,8.71,48.63,-22.33,-0.075
