ra,dec,z
242.43318,-0.11512,0.00502
227.05148,1.49994,0.00513
217.15767,0.55314,0.00514
217.39419,-0.01827,0.00518
188.11549,0.38552,0.00519
212.90774,-1.15908,0.00520
212.90660,-1.16204,0.00524
228.92850,1.45577,0.00529
190.01199,-1.05077,0.00530
221.54637,-0.22297,0.00554
226.67071,0.07674,0.00555
221.31598,-0.15949,0.00555
190.03691,-0.35035,0.00570
220.09704,-0.56233,0.00595
220.69870,-0.49838,0.00596
163.20268,0.03448,0.00603
220.69560,0.66173,0.00604
226.12564,-0.85132,0.00607
162.25636,-0.64041,0.00615
228.13224,0.81258,0.00615
147.17639,-0.35406,0.00628
220.45285,0.68699,0.00629
178.90387,1.23720,0.00629
175.81716,-1.39470,0.00631
185.27933,0.46134,0.00632
147.63041,0.40751,0.00633
147.46914,0.61811,0.00637
224.00508,-1.38107,0.00638
219.46892,-0.39863,0.00643
186.59411,-1.25501,0.00661
186.59463,-1.25342,0.00665
186.05372,0.56638,0.00676
229.73769,0.51569,0.00695
226.67516,0.63439,0.00754
187.44266,-1.29508,0.00754
160.73099,-0.14028,0.00788
214.83397,1.16526,0.00814
189.21680,-0.58942,0.00853
170.82970,-0.92261,0.00873
170.93679,-0.83644,0.00876
191.58742,-1.25009,0.00927
234.86989,0.94340,0.00994
130.48618,-0.06001,0.01017
133.13101,0.85358,0.01085
134.49949,-0.41003,0.01115
235.12208,0.91039,0.01172
140.15478,-0.68083,0.01185
189.12711,0.22119,0.01242
190.50287,0.75395,0.01248
235.07707,-0.81251,0.01252
190.07571,-0.18507,0.01256
148.64447,1.11406,0.01259
203.64812,-0.35324,0.01264
204.68937,-0.41692,0.01267
205.95126,1.37237,0.01280
167.35544,-0.09773,0.01282
208.83124,1.48929,0.01295
148.33551,0.62869,0.01312
176.35960,0.00406,0.01314
131.21480,1.15561,0.01338
166.25070,0.88517,0.01343
189.51236,0.17707,0.01349
202.33871,-0.94422,0.01362
131.27024,1.40132,0.01371
200.66117,-0.28191,0.01388
173.27532,1.49134,0.01425
131.10373,0.34283,0.01446
204.80526,-1.12097,0.01483
236.80374,-0.99602,0.01498
208.15357,0.02249,0.01502
208.11040,-1.27365,0.01522
208.18381,0.80270,0.01524
190.18170,0.79785,0.01577
190.08397,1.27332,0.01583
190.40032,-0.11838,0.01588
143.54340,0.24120,0.01613
144.16843,0.40746,0.01622
139.37082,-0.62057,0.01658
244.49182,-0.47057,0.01661
172.44860,1.13883,0.01665
190.66967,1.34580,0.01671
139.33882,-0.45419,0.01685
139.56851,0.38504,0.01710
140.13867,0.72104,0.01720
197.26515,-0.76600,0.01721
201.66860,-0.62215,0.01724
191.49062,1.29805,0.01729
139.75688,0.17258,0.01746
168.56178,-0.71663,0.01756
139.77630,0.67766,0.01757
196.96131,-0.86775,0.01769
213.20537,1.48921,0.01779
173.91164,1.35753,0.01785
197.20880,-0.81730,0.01794
181.66410,1.28424,0.01802
170.94194,-1.09983,0.01817
196.95928,-0.86843,0.01819
179.18254,-1.36192,0.01830
201.91883,0.68798,0.01834
196.95785,-0.86843,0.01834
197.20866,1.00226,0.01838
179.38268,-1.25286,0.01841
197.33227,0.88372,0.01847
163.33649,-0.60638,0.01850
197.98248,-0.83647,0.01851
141.59590,-0.71759,0.01860
136.40775,0.00329,0.01864
136.73103,-0.03131,0.01865
159.65878,-0.34498,0.01870
177.40144,-1.45549,0.01872
178.22274,-1.44927,0.01876
164.01094,0.66204,0.01880
170.94494,-1.04162,0.01888
142.95123,-0.40833,0.01890
159.00865,0.98904,0.01894
167.49393,0.18128,0.01895
164.88282,-0.04167,0.01899
160.87882,-0.58411,0.01905
136.33632,-0.03698,0.01905
177.15742,0.02466,0.01914
169.73164,0.08985,0.01924
178.87770,-1.26142,0.01928
177.71326,-0.40764,0.01928
168.70597,0.90563,0.01935
182.36942,0.53330,0.01938
147.37478,-0.85899,0.01947
165.81350,-0.17469,0.01954
172.86789,0.49461,0.01974
177.65142,-1.40959,0.01978
172.12866,0.78251,0.01993
147.30560,0.21758,0.02000
155.91920,-1.23472,0.02002
182.64713,1.02872,0.02017
148.04775,1.09547,0.02021
153.72225,-1.15287,0.02026
182.90434,0.32250,0.02030
182.76692,0.97228,0.02041
180.94629,-0.33659,0.02043
151.38289,0.61105,0.02049
245.13881,-1.09564,0.02052
179.25998,0.49833,0.02056
153.46911,0.55096,0.02065
180.07504,0.29498,0.02066
174.63863,-1.18451,0.02076
148.44366,0.49440,0.02076
148.33526,0.72067,0.02078
183.68935,0.74353,0.02079
180.92611,1.45733,0.02083
232.17069,1.37758,0.02084
183.79883,-0.40009,0.02088
180.20501,-1.25034,0.02098
151.48054,0.65221,0.02106
154.37420,0.20062,0.02113
184.46685,-0.90740,0.02114
151.10907,0.60177,0.02116
183.12847,0.89420,0.02116
152.14978,-0.67685,0.02121
146.71421,-1.04130,0.02122
183.29130,1.19233,0.02131
149.09028,-0.25137,0.02140
184.81743,0.64817,0.02142
202.26346,-0.04359,0.02143
164.54100,-0.77466,0.02143
156.33256,0.63542,0.02143
153.10524,1.24584,0.02146
146.23184,0.06823,0.02161
203.13643,0.06095,0.02166
202.20881,-0.90846,0.02166
154.60586,1.18248,0.02166
151.80956,0.05585,0.02166
204.37530,1.08279,0.02169
151.48371,0.61722,0.02170
146.32316,-0.02999,0.02171
204.24406,0.22567,0.02175
179.98440,-0.54820,0.02176
146.30086,0.03548,0.02176
151.07900,0.12039,0.02187
189.75924,0.25705,0.02191
203.75268,-0.44755,0.02199
204.56412,-0.39855,0.02204
156.91951,1.43721,0.02219
156.67681,1.00469,0.02222
204.88008,-1.27923,0.02224
189.65322,0.62451,0.02243
157.40455,0.95113,0.02251
189.05784,-0.27630,0.02253
203.50674,1.09606,0.02258
188.68754,0.36663,0.02260
196.50647,-0.99779,0.02265
193.90373,-0.88374,0.02268
196.31099,-0.37330,0.02269
195.20470,-1.36013,0.02275
189.96873,0.12547,0.02284
206.31428,-0.52790,0.02285
169.77119,1.25221,0.02286
205.07488,1.29270,0.02287
187.70580,0.74510,0.02287
223.77956,-1.30260,0.02288
187.42103,0.25341,0.02307
188.10703,0.45712,0.02308
170.04149,-0.64793,0.02318
142.18666,-0.32095,0.02321
170.05569,0.94279,0.02321
187.92181,0.95924,0.02322
192.87752,1.19513,0.02324
221.83671,0.01075,0.02338
191.97080,-1.18583,0.02343
143.51725,0.38369,0.02343
191.21242,-0.69607,0.02345
248.91088,0.31180,0.02355
199.68955,1.38624,0.02378
248.99151,0.02694,0.02378
186.02036,1.18979,0.02387
159.11298,-1.14608,0.02396
187.69793,0.63581,0.02399
236.59191,-0.82656,0.02400
210.50855,0.99323,0.02400
198.85721,0.97348,0.02406
246.88813,-0.53633,0.02408
185.97720,0.83052,0.02422
248.36352,0.89396,0.02428
210.44363,1.15681,0.02429
249.82069,0.41029,0.02433
144.78908,0.98449,0.02439
209.57514,-0.92400,0.02441
185.08284,-0.84918,0.02442
197.42118,-1.04827,0.02443
170.63384,-0.84113,0.02445
211.10573,-0.45677,0.02446
242.03277,1.08535,0.02448
208.77881,-1.41203,0.02448
208.30882,0.44727,0.02450
242.01217,0.88839,0.02451
245.66356,1.24762,0.02453
134.45493,1.32295,0.02461
248.92007,0.33138,0.02471
212.48399,-1.23879,0.02477
170.00612,-0.96764,0.02478
183.87771,-0.04939,0.02482
167.16509,0.28432,0.02486
212.93156,0.72074,0.02489
141.44045,-0.11396,0.02491
249.17575,0.43426,0.02491
210.40136,0.79416,0.02491
212.82986,1.30951,0.02492
170.18533,0.31976,0.02493
210.52607,-1.39646,0.02494
211.21967,-0.61582,0.02494
169.64924,0.41977,0.02503
211.38187,-1.36331,0.02503
167.79204,0.62518,0.02505
212.13171,-0.12705,0.02506
167.09645,0.11320,0.02508
167.65884,0.89113,0.02514
205.53276,0.01026,0.02519
147.34549,1.14538,0.02521
145.80019,0.41417,0.02525
186.09893,-0.69301,0.02527
171.39617,-0.76823,0.02530
217.76736,-0.91910,0.02534
149.03429,1.47741,0.02534
205.92553,-0.33743,0.02539
169.70646,0.61931,0.02539
212.61180,-0.83238,0.02540
212.63638,-0.84185,0.02542
210.48812,-1.18586,0.02544
143.66385,0.68807,0.02544
171.36487,-0.97044,0.02545
248.84829,0.28752,0.02547
170.19255,-1.25682,0.02556
214.01856,0.21626,0.02557
210.41870,-0.39549,0.02557
169.01399,-0.53276,0.02559
212.82232,1.35260,0.02564
217.01890,1.00634,0.02567
133.20973,0.15800,0.02569
214.53596,1.22414,0.02570
206.10487,-1.29940,0.02570
189.53027,1.24616,0.02575
166.90524,0.71113,0.02576
169.01516,-0.53339,0.02576
212.55950,-0.57854,0.02577
216.87356,1.05586,0.02577
211.64338,-1.18708,0.02583
214.53660,1.22222,0.02589
218.12684,0.27467,0.02594
212.84806,-0.30052,0.02596
162.15165,-0.23600,0.02601
212.72072,1.36951,0.02604
214.59012,0.94962,0.02610
216.72115,0.96290,0.02617
217.56241,0.62139,0.02623
171.44804,-0.71235,0.02630
160.73255,-0.92814,0.02637
221.10413,0.78285,0.02654
208.64030,-0.77639,0.02676
222.72888,-0.36900,0.02677
146.52027,0.87187,0.02681
174.92475,0.32275,0.02687
185.95558,1.37512,0.02695
222.71808,1.16565,0.02711
136.23527,1.16305,0.02714
248.55046,0.10604,0.02716
146.93180,1.03517,0.02719
139.64139,1.34377,0.02721
147.19636,1.05322,0.02727
245.38187,-0.07236,0.02729
137.82661,-0.79914,0.02733
149.14911,1.42856,0.02747
222.04016,-0.69330,0.02753
175.34083,-0.45678,0.02768
159.05953,-0.15903,0.02771
168.60381,-0.83079,0.02779
175.98673,0.52224,0.02792
175.30473,-0.20120,0.02792
158.95613,-0.23901,0.02795
227.50830,1.36122,0.02803
173.55727,0.30947,0.02806
134.44717,-0.19997,0.02821
133.53548,0.49857,0.02821
158.13885,0.93487,0.02824
230.75661,-1.34719,0.02824
176.24823,0.33721,0.02825
227.43251,1.38994,0.02827
227.41853,1.38622,0.02831
133.47349,0.30422,0.02832
132.11065,1.06612,0.02834
168.86800,0.11797,0.02836
217.00814,1.25162,0.02836
232.30925,-1.15905,0.02836
230.76985,-0.51657,0.02837
157.74521,0.49885,0.02841
220.94328,0.20735,0.02841
134.61916,0.02347,0.02846
157.83991,0.23112,0.02850
230.88230,0.01675,0.02852
168.41619,0.82099,0.02855
175.99750,0.42915,0.02859
221.95490,1.05153,0.02862
163.37610,-1.27641,0.02863
243.62440,1.16761,0.02863
175.02589,-0.90141,0.02869
157.99877,0.22867,0.02876
139.97987,-0.59135,0.02878
230.89160,-0.39592,0.02883
242.97181,-0.25707,0.02885
157.85512,0.43876,0.02886
228.57707,0.29827,0.02889
169.03888,0.57353,0.02892
221.07872,0.04190,0.02893
238.37158,0.60522,0.02901
157.84474,-1.04429,0.02901
226.88238,1.13322,0.02903
222.53064,0.65813,0.02913
158.34029,1.43003,0.02913
173.30740,0.67405,0.02922
159.23906,0.22973,0.02922
228.68322,1.15429,0.02928
158.89364,-0.35451,0.02937
210.67898,-1.19821,0.02938
216.98075,-1.00817,0.02946
211.69443,-1.47829,0.02954
218.83220,0.47574,0.02957
209.42914,-0.76258,0.02961
209.52880,-0.38996,0.02967
172.81940,0.22314,0.02967
148.58493,-0.31147,0.02969
217.38568,1.11724,0.02969
168.49817,-0.76498,0.02971
217.50239,1.04610,0.02972
209.20129,0.62283,0.02977
218.54694,0.61575,0.02992
237.05012,-1.12423,0.02994
207.82367,0.38494,0.02995
233.10371,0.68799,0.02996
171.28687,0.99557,0.03002
217.87849,1.11754,0.03008
209.15398,-0.42216,0.03012
216.83979,-0.79503,0.03013
236.17317,-0.25360,0.03015
185.62719,-0.68273,0.03027
144.95767,-0.56153,0.03029
218.63083,1.18789,0.03033
170.70658,1.21486,0.03037
208.84355,0.22202,0.03044
145.92821,0.53113,0.03048
217.38249,0.73711,0.03051
219.32329,1.20372,0.03051
218.65632,0.66303,0.03053
184.93788,-0.76171,0.03055
209.24238,-1.10170,0.03057
207.39340,-0.22246,0.03058
237.25505,0.51240,0.03064
216.67460,-1.14930,0.03065
244.18151,0.24646,0.03065
146.29988,-0.12001,0.03070
243.70888,-0.91565,0.03077
166.93101,1.36592,0.03079
219.44758,0.94494,0.03083
196.47096,-0.45770,0.03101
216.24269,-0.60796,0.03103
218.14442,0.45552,0.03106
166.57378,-0.76172,0.03107
158.06932,-0.46453,0.03112
188.27518,0.77834,0.03121
241.24640,-0.50982,0.03125
242.46648,0.84913,0.03131
239.28419,-0.86756,0.03134
158.46399,-0.56135,0.03134
188.26716,0.31954,0.03141
151.85576,0.62764,0.03142
187.86402,-0.33699,0.03147
158.43529,-0.30072,0.03164
156.80853,0.81874,0.03168
241.94204,0.90754,0.03172
237.23195,0.09448,0.03188
242.22591,0.01095,0.03190
148.87996,-0.46726,0.03221
151.44636,-1.18057,0.03226
150.93109,0.70469,0.03229
149.95120,1.09513,0.03231
237.49807,0.20195,0.03234
208.26076,-0.23844,0.03235
239.81112,0.45448,0.03242
245.42335,1.04832,0.03243
235.64297,-1.32613,0.03246
239.11886,0.74858,0.03247
185.18526,1.36568,0.03248
211.28889,-0.29432,0.03248
151.53761,1.46497,0.03250
249.79757,0.90281,0.03250
158.31342,0.00084,0.03251
226.69003,1.00277,0.03264
172.52765,-1.27820,0.03275
151.16135,0.42023,0.03276
240.33776,0.45628,0.03277
209.75630,0.24123,0.03277
211.03128,1.29499,0.03278
241.49926,-0.47054,0.03283
209.84218,0.20660,0.03285
236.88159,0.34449,0.03288
226.57287,0.25418,0.03290
149.29310,-1.09091,0.03290
210.41509,1.16452,0.03295
220.69050,1.29319,0.03296
242.91368,0.87654,0.03299
236.29678,0.23763,0.03300
190.69828,1.37816,0.03305
158.02211,-0.71000,0.03308
226.74009,0.06764,0.03316
209.67985,0.31956,0.03320
220.59838,0.90798,0.03322
153.31006,-0.77817,0.03323
224.72674,1.08597,0.03341
153.69121,-0.33934,0.03341
237.39911,0.42689,0.03342
218.26598,-1.40220,0.03346
185.50339,0.31503,0.03350
151.72780,-1.23313,0.03350
235.55894,-1.22903,0.03350
153.63083,-0.25946,0.03351
237.79943,0.29734,0.03354
155.02005,1.26704,0.03356
237.17914,-0.07020,0.03365
219.67913,-0.00774,0.03369
165.59373,-0.81434,0.03373
154.42481,-0.58422,0.03374
154.47414,-0.61481,0.03375
154.57295,-0.72537,0.03382
228.06330,-1.08078,0.03388
199.49269,-0.31416,0.03388
156.76579,-0.58638,0.03399
154.27904,-0.17564,0.03401
158.24230,-0.23286,0.03405
229.36383,0.11941,0.03424
156.43787,1.43700,0.03428
221.02719,-0.00585,0.03429
220.03722,0.90754,0.03433
150.64775,-0.06761,0.03438
150.29948,0.32932,0.03449
227.25439,-0.16587,0.03452
148.55901,0.64236,0.03454
237.26194,0.25981,0.03458
200.46629,0.13937,0.03466
182.57450,-0.51788,0.03487
223.71556,0.08868,0.03487
182.00630,0.46970,0.03497
183.21095,-0.83700,0.03498
157.44400,0.14558,0.03501
149.55064,0.23723,0.03502
156.14977,-0.86297,0.03506
182.89696,-0.69956,0.03511
146.01687,0.71681,0.03517
224.10634,0.86354,0.03533
180.37723,-1.43613,0.03538
149.06118,0.10305,0.03541
180.25114,-1.38948,0.03542
240.92244,0.83679,0.03544
148.92474,0.22253,0.03546
200.18153,-1.45397,0.03562
179.96186,-1.38120,0.03579
233.52856,1.00022,0.03588
145.39106,-0.41560,0.03588
218.47828,-0.41119,0.03588
146.08981,0.65983,0.03610
147.39152,-0.24981,0.03620
202.04986,0.09853,0.03628
214.56875,-0.37872,0.03638
160.44369,-0.60057,0.03642
225.90666,-0.39224,0.03653
228.05274,0.22945,0.03663
147.46024,-0.30103,0.03670
146.05733,-0.09703,0.03673
146.89650,0.54743,0.03680
144.20351,-0.38795,0.03681
233.17511,1.03589,0.03682
232.92499,-1.39345,0.03684
220.44869,1.12960,0.03686
217.27625,0.96419,0.03689
219.56877,-0.34974,0.03690
229.93213,-0.60772,0.03701
221.21718,0.36581,0.03703
233.67846,-0.91200,0.03704
147.83070,-0.17604,0.03704
157.81949,-0.67019,0.03711
230.01607,-0.96745,0.03716
220.12240,0.58410,0.03718
226.06272,-1.05189,0.03722
229.48538,-0.91874,0.03724
168.31000,-0.03666,0.03726
232.99457,-0.71250,0.03727
227.37021,1.00342,0.03727
229.69364,-0.33384,0.03732
232.07316,-0.12794,0.03733
229.16229,-0.04059,0.03733
139.68161,1.39475,0.03736
217.13184,1.12750,0.03740
163.60870,0.66374,0.03743
146.01225,0.76564,0.03745
233.41316,0.71966,0.03746
229.70372,-0.16238,0.03748
233.30893,0.49835,0.03748
162.51064,0.38254,0.03751
233.31380,0.22595,0.03751
202.57950,-0.87065,0.03756
228.80701,1.09270,0.03762
233.51568,0.09645,0.03769
233.36029,0.52054,0.03775
162.90092,0.17801,0.03783
229.17666,1.26215,0.03787
162.62766,0.99035,0.03790
232.06725,-0.10535,0.03790
232.07475,-0.13486,0.03795
232.68816,-0.36985,0.03795
162.47245,-0.39297,0.03807
232.98184,1.07406,0.03808
160.73398,-1.06954,0.03809
162.69805,0.48244,0.03810
220.84274,1.09811,0.03814
165.15011,-0.01242,0.03815
227.68990,1.37899,0.03815
139.05735,0.70064,0.03817
233.56596,-0.09349,0.03819
166.69781,-0.92415,0.03825
161.49685,0.01122,0.03825
213.49563,-1.42683,0.03825
216.08082,1.12438,0.03829
164.63958,-0.95359,0.03834
162.40637,-0.90711,0.03836
213.75718,-0.86024,0.03839
160.88998,-1.09074,0.03839
164.83127,0.79378,0.03845
213.68145,-0.28223,0.03847
168.39629,-0.21124,0.03850
168.79144,-1.08624,0.03856
139.84669,-0.21331,0.03856
164.13266,0.08465,0.03861
198.42827,-0.06986,0.03864
139.88435,-0.41005,0.03866
213.49001,-0.23281,0.03867
163.60870,0.33594,0.03867
161.07380,-0.89274,0.03869
227.71441,0.17392,0.03874
215.68321,-1.02870,0.03877
229.52529,1.16138,0.03877
229.36747,1.02205,0.03877
158.75383,-0.66930,0.03878
162.09566,-1.05564,0.03884
198.74505,-0.54311,0.03892
164.77444,1.18207,0.03894
162.04053,0.45392,0.03896
162.47744,0.15904,0.03896
160.29862,-1.24263,0.03897
162.19973,0.16837,0.03899
162.49522,0.32231,0.03900
235.64047,-0.50478,0.03902
234.23808,-0.08779,0.03904
167.24606,-0.76204,0.03905
167.28776,-0.76815,0.03906
230.72955,0.90414,0.03906
234.59301,-0.46210,0.03910
165.67030,1.06186,0.03914
162.71656,0.58930,0.03916
229.76983,0.41375,0.03916
162.34459,0.39453,0.03917
168.38445,0.00053,0.03917
162.71575,1.16702,0.03926
164.30487,0.63860,0.03928
137.34977,-0.63914,0.03929
179.63288,1.13195,0.03930
163.24084,0.54163,0.03931
198.44860,-0.04557,0.03931
179.23754,1.11589,0.03933
158.17889,-0.85295,0.03934
137.29796,0.83543,0.03937
164.12500,0.98777,0.03943
179.22593,1.09930,0.03944
185.30393,-0.86425,0.03944
185.08172,-0.52423,0.03951
162.46552,0.16419,0.03952
168.27010,-0.09373,0.03956
229.41038,0.94748,0.03959
215.86745,1.10207,0.03963
165.01173,1.03845,0.03963
168.27163,0.00305,0.03964
165.00782,1.09600,0.03967
170.05057,-0.26640,0.03967
160.92550,-0.92176,0.03972
235.76409,1.32030,0.03975
162.29937,0.26782,0.03976
162.34250,-0.63637,0.03982
160.21361,-0.92203,0.03985
173.66328,1.49497,0.03988
173.54818,1.44288,0.03995
171.77902,0.44564,0.03997
163.95298,1.01323,0.04002
223.60815,-1.28404,0.04004
172.48326,1.00320,0.04006
169.83995,0.03593,0.04006
169.30085,-0.18932,0.04007
170.04440,-0.27544,0.04008
164.63169,0.90463,0.04010
168.31290,-0.18293,0.04014
164.64436,1.03709,0.04016
164.96997,1.31502,0.04017
171.27940,-1.03738,0.04017
225.81217,0.83208,0.04018
171.00985,-0.94941,0.04018
162.84458,0.26246,0.04019
225.49433,-0.11428,0.04020
171.32464,0.35050,0.04020
171.41862,-0.86078,0.04026
162.31969,0.32653,0.04027
223.49589,-1.40265,0.04027
169.38707,-0.18750,0.04034
150.45315,-1.14091,0.04036
170.20179,0.58060,0.04037
228.15945,1.28494,0.04037
162.29690,0.37912,0.04038
223.54254,-1.36340,0.04041
222.50902,0.57878,0.04042
237.79684,0.64232,0.04047
162.54787,0.30691,0.04049
172.09265,-1.25910,0.04052
135.59545,0.03925,0.04056
222.51580,-0.19138,0.04061
162.32081,0.32935,0.04061
198.07127,-0.29495,0.04062
181.62543,0.18184,0.04069
238.53215,-0.09596,0.04070
225.15657,-0.45312,0.04076
226.60108,-1.37626,0.04078
225.25076,-0.20833,0.04078
172.27450,-1.46111,0.04079
133.51835,0.85319,0.04081
164.61110,1.38292,0.04084
198.05200,-1.09515,0.04086
132.79081,0.25360,0.04088
225.43850,0.00845,0.04094
168.36649,-0.90265,0.04098
239.02338,-0.35000,0.04098
222.36210,-0.16421,0.04099
195.81666,1.46863,0.04103
224.79112,0.75956,0.04107
169.38860,-0.18772,0.04109
164.66171,1.38188,0.04113
181.69676,1.28605,0.04113
167.86325,-0.28914,0.04115
153.37081,-0.89238,0.04117
222.41492,-0.05467,0.04118
197.68136,-0.10771,0.04126
164.71856,1.15786,0.04127
197.88461,-0.62038,0.04128
212.33464,-1.26707,0.04131
221.38405,-1.15580,0.04136
171.38799,-1.11751,0.04137
225.27108,-1.03014,0.04138
132.64243,0.21459,0.04143
133.94860,0.79428,0.04148
221.07474,-1.08308,0.04159
225.55681,0.11212,0.04160
153.65334,-0.85193,0.04162
133.78093,0.81156,0.04167
241.79515,-1.05693,0.04170
130.28389,0.57605,0.04182
164.75428,1.41243,0.04183
166.69301,0.25667,0.04196
186.54187,-1.15642,0.04202
238.28094,-1.02997,0.04205
225.18212,0.49017,0.04209
132.68863,1.31600,0.04210
175.15948,0.15131,0.04211
132.68365,1.29939,0.04218
164.64563,0.29238,0.04228
187.20290,-1.42427,0.04236
189.49884,0.95281,0.04244
242.54412,0.75345,0.04258
243.18563,0.27828,0.04262
153.49540,-0.95159,0.04265
222.81599,-0.16329,0.04266
224.49524,1.47454,0.04271
210.86401,0.73492,0.04273
238.73869,-0.23542,0.04278
238.73671,-0.20939,0.04280
223.36430,0.32448,0.04283
242.44479,0.68689,0.04283
243.11277,0.30500,0.04290
187.21182,-0.63950,0.04291
210.86605,0.73322,0.04299
201.59344,-0.81655,0.04305
222.67429,0.93240,0.04306
223.42668,-0.01269,0.04310
239.96961,-0.01381,0.04323
222.48811,-0.17591,0.04330
242.55036,0.78371,0.04330
165.43317,-0.82419,0.04335
222.81485,-0.37214,0.04340
222.42374,-1.05779,0.04340
222.75374,0.07609,0.04340
222.29648,-0.70191,0.04342
154.95569,-1.02265,0.04346
187.57338,-0.89921,0.04347
222.80149,-0.06087,0.04349
223.63204,0.79251,0.04352
245.73686,-0.81209,0.04352
165.19460,-0.39698,0.04367
153.16942,-1.20842,0.04373
243.20074,0.37947,0.04374
167.84057,1.43249,0.04378
168.05399,1.39466,0.04390
150.90341,0.37419,0.04391
223.75110,0.79570,0.04392
242.91995,0.32597,0.04395
168.86029,0.26984,0.04395
242.50634,0.86074,0.04395
223.42968,0.03929,0.04396
223.72138,0.64041,0.04398
226.80302,-0.95977,0.04401
226.76803,-1.30082,0.04405
152.67124,-1.02125,0.04429
245.68349,-0.68149,0.04429
174.41350,-0.81512,0.04430
165.36338,-0.71831,0.04432
152.50795,1.19919,0.04437
223.08322,-0.22583,0.04446
153.16802,-1.06167,0.04451
223.81388,1.45795,0.04453
151.17015,0.36990,0.04459
150.61834,0.80120,0.04461
245.47604,-0.85993,0.04462
223.98753,0.90216,0.04465
150.54143,-0.18924,0.04471
223.40848,0.02098,0.04478
211.31529,0.53832,0.04481
189.21411,0.91526,0.04486
151.12187,-0.24098,0.04486
152.52353,1.22090,0.04487
153.50979,-0.89166,0.04487
245.62416,-0.44122,0.04490
153.81368,-0.60265,0.04499
243.81302,1.13363,0.04500
151.62478,1.06992,0.04505
245.45812,-0.52792,0.04510
151.99267,1.26899,0.04516
150.51385,-0.21380,0.04516
154.09520,-1.07339,0.04518
223.42862,0.03009,0.04518
170.26935,-0.81285,0.04521
151.56922,1.23947,0.04525
245.29564,-0.39666,0.04527
150.91993,1.20949,0.04537
153.34833,-0.89277,0.04542
200.64536,-0.67976,0.04545
153.93947,0.27631,0.04547
150.96664,1.09526,0.04558
151.62786,1.14114,0.04560
151.61280,0.96482,0.04561
245.41766,-0.85561,0.04565
152.37688,-0.33389,0.04566
169.05027,1.23849,0.04570
145.59403,0.30938,0.04571
150.24791,0.30668,0.04573
150.91178,-0.86714,0.04575
151.56104,-0.98273,0.04583
151.17115,0.91422,0.04583
189.74919,1.25205,0.04588
143.61184,1.19777,0.04593
246.54901,-0.66054,0.04596
153.54002,-0.86836,0.04597
152.74167,-0.50283,0.04600
151.70223,0.80701,0.04605
162.01346,0.56692,0.04607
236.81042,0.03814,0.04610
168.95747,0.99311,0.04612
150.23189,-0.27778,0.04613
202.22295,-0.32267,0.04614
151.05978,0.50810,0.04614
150.14646,1.24244,0.04615
166.40683,-0.84813,0.04616
149.13964,0.75088,0.04617
173.35782,-1.27270,0.04619
149.77966,0.01068,0.04625
212.66107,1.42495,0.04627
174.79937,-0.95818,0.04632
149.77315,1.20493,0.04632
213.15057,1.05788,0.04634
149.37023,0.58818,0.04639
174.36443,-0.84655,0.04640
173.70481,-1.06331,0.04641
246.01654,-0.76386,0.04644
196.13229,1.15712,0.04645
148.82567,0.38932,0.04647
153.45428,-0.65928,0.04647
148.59859,-0.73223,0.04656
162.75975,0.53149,0.04658
150.99420,0.73665,0.04660
154.60982,0.27063,0.04660
197.94439,0.99018,0.04661
151.11289,0.52401,0.04661
247.91576,-0.16169,0.04667
173.44279,-1.39149,0.04667
204.97454,-0.95473,0.04669
179.34814,0.48300,0.04673
247.96679,-0.09078,0.04673
172.92275,-1.39383,0.04673
150.03877,0.19702,0.04675
204.75299,1.45906,0.04678
213.12388,1.13039,0.04678
169.58289,1.25946,0.04681
169.55345,1.25690,0.04683
177.79223,0.11445,0.04685
145.64953,1.49739,0.04687
176.13659,-0.28875,0.04689
151.62151,-0.96987,0.04692
199.99599,-0.02961,0.04693
157.99322,-0.77789,0.04695
201.91456,0.32171,0.04695
160.81279,0.22059,0.04697
182.83896,1.06361,0.04697
194.35625,-0.57320,0.04699
194.72330,-0.72235,0.04702
154.82788,-0.40688,0.04709
177.26629,1.07847,0.04709
154.86427,-0.03453,0.04714
153.53958,-0.89842,0.04716
199.66978,-0.82295,0.04720
149.00576,0.35802,0.04721
150.55699,-1.13981,0.04723
192.68539,0.40539,0.04726
177.16846,-0.28620,0.04734
201.28137,0.91589,0.04734
201.77987,0.96971,0.04734
154.75668,-1.21695,0.04735
191.62915,0.42458,0.04735
191.21264,-1.48798,0.04737
178.80180,1.29224,0.04738
193.42770,-0.56648,0.04739
154.75502,-1.24354,0.04739
177.30345,-0.56447,0.04739
191.50576,-1.07320,0.04741
178.00822,0.94224,0.04742
173.58453,-1.34885,0.04743
200.52400,0.72218,0.04751
168.65974,-0.61047,0.04754
148.81045,0.61290,0.04755
192.73096,-1.48978,0.04755
199.67907,-0.17890,0.04758
211.71577,0.85014,0.04759
177.55191,-0.46261,0.04761
193.21424,-0.32180,0.04761
193.90940,-0.95823,0.04762
190.65078,-0.74447,0.04762
193.46502,1.36857,0.04762
211.39751,0.18499,0.04767
245.27100,0.89748,0.04768
199.90518,0.84554,0.04769
177.15681,-0.23406,0.04780
247.05739,-0.26790,0.04781
183.15426,1.33506,0.04782
199.65664,-0.22689,0.04782
200.22770,-0.94120,0.04783
199.18202,-0.95743,0.04784
153.40198,-0.98040,0.04785
204.28331,0.45216,0.04789
194.17431,1.14260,0.04791
241.23777,0.40256,0.04794
200.14991,1.24813,0.04795
183.86686,1.01724,0.04795
207.45267,1.02361,0.04796
170.89669,-1.22697,0.04798
210.90651,-0.14001,0.04798
205.88392,1.12663,0.04801
162.98346,-0.41750,0.04805
246.24754,0.19341,0.04807
242.67590,1.25791,0.04807
247.61169,0.90572,0.04808
168.45178,-0.70090,0.04808
147.32951,0.02890,0.04809
203.78493,0.55713,0.04810
246.74466,-0.19353,0.04811
151.09574,0.51824,0.04813
213.36973,1.17029,0.04814
143.60570,1.02007,0.04814
190.85677,-0.08997,0.04815
241.34521,-0.03836,0.04817
246.53285,-0.68443,0.04821
191.28753,-0.21299,0.04821
204.67480,0.77457,0.04822
148.20526,1.05618,0.04824
191.23909,-0.04312,0.04824
189.61091,-0.94399,0.04825
137.46836,-0.50464,0.04825
241.96029,1.03830,0.04826
200.94644,0.32770,0.04828
137.68778,-0.10418,0.04829
191.31452,-1.38015,0.04830
226.45043,-0.00906,0.04831
135.80276,-0.75293,0.04831
142.85293,-0.35277,0.04833
214.65453,-0.89037,0.04834
199.98529,1.47375,0.04835
200.15453,1.23945,0.04836
202.04846,0.05326,0.04837
204.31825,0.53920,0.04839
165.71160,-0.88427,0.04840
193.22118,1.29263,0.04841
190.94601,-0.23587,0.04842
172.44167,-0.68878,0.04843
191.30411,-1.33361,0.04845
154.52778,0.09995,0.04847
189.02255,-0.90006,0.04848
148.26568,-0.96024,0.04852
155.61531,-0.92616,0.04853
204.27985,0.37623,0.04858
222.70352,-1.32240,0.04859
148.24551,-0.97315,0.04863
163.47396,-1.14003,0.04864
202.62972,-0.18306,0.04869
171.10893,-0.42708,0.04873
214.12061,-0.74389,0.04874
148.09525,-1.14318,0.04876
199.55595,-0.14820,0.04877
180.14910,1.20630,0.04881
146.51535,0.16678,0.04892
226.09563,-1.20860,0.04894
205.42577,0.63592,0.04895
226.03320,-1.20211,0.04895
163.06210,-0.95552,0.04899
209.94174,1.07581,0.04901
171.45013,0.84795,0.04903
242.30398,-0.50656,0.04909
152.58468,0.95832,0.04910
226.66386,-1.10637,0.04922
235.82885,-1.22944,0.04925
243.07789,-0.98611,0.04925
181.82410,0.88517,0.04926
221.01144,1.24029,0.04929
154.63553,-0.99232,0.04931
244.55908,0.72967,0.04933
228.00932,0.47725,0.04934
242.50654,-0.32273,0.04938
212.50271,-1.06284,0.04939
154.50652,0.14163,0.04941
224.99033,-1.45091,0.04942
244.96460,-0.69636,0.04944
246.44037,-0.62023,0.04954
214.42138,-0.14420,0.04957
153.58321,-0.85845,0.04957
216.88066,-0.59100,0.04957
171.74890,0.75855,0.04961
170.90109,0.32697,0.04972
165.47954,0.19471,0.04974
165.77745,0.19429,0.04978
220.83067,1.17139,0.04978
213.95529,-1.31607,0.04980
226.66289,-1.09166,0.04982
231.81244,0.36360,0.04987
214.02194,-1.26039,0.04987
161.62160,0.33468,0.04987
232.10170,-0.23875,0.04990
232.36697,0.93886,0.04990
159.79762,-0.01589,0.04991
170.37280,-0.58885,0.04992
160.65700,-0.68594,0.05000
232.17940,0.92536,0.05000
216.42009,-0.66061,0.05002
154.26601,-0.63192,0.05003
216.03202,-1.21514,0.05003
159.95013,-1.21035,0.05004
173.43197,1.03546,0.05006
219.94731,1.31319,0.05008
184.09602,1.27663,0.05011
220.13972,0.63703,0.05012
238.95202,0.97468,0.05016
238.77015,0.89519,0.05017
220.15550,1.32204,0.05017
246.39777,-1.02128,0.05021
173.70055,0.77608,0.05023
169.52349,-1.07967,0.05027
162.58944,0.70943,0.05027
247.39118,-0.79241,0.05027
214.51702,0.27383,0.05027
182.67624,-0.15890,0.05031
162.50755,0.96075,0.05033
230.39740,0.22750,0.05033
130.74364,0.20611,0.05033
214.54441,-0.56746,0.05036
220.94264,0.71790,0.05038
247.70374,-0.81808,0.05042
133.44330,0.21454,0.05042
184.83689,-0.24152,0.05044
216.04581,-0.67891,0.05047
182.46970,-0.54747,0.05048
215.48581,-0.70089,0.05049
164.32075,-0.61398,0.05053
227.50167,0.05491,0.05062
230.67786,-0.85587,0.05067
160.49732,0.96425,0.05068
247.66424,-0.82400,0.05071
178.48215,0.34151,0.05072
157.57832,1.24725,0.05075
130.86215,0.44398,0.05077
229.20676,-1.09368,0.05079
162.17091,1.31886,0.05081
143.19403,0.98516,0.05082
229.09625,-0.30143,0.05090
143.12198,1.10633,0.05093
157.81744,-1.13981,0.05093
240.56802,-0.15093,0.05099
130.85347,-0.05358,0.05100
215.49595,-0.59035,0.05101
144.21588,1.12336,0.05105
175.64528,-1.11058,0.05105
182.09355,-1.24808,0.05107
132.92164,0.57248,0.05109
241.38988,-0.82869,0.05112
143.29564,0.62916,0.05115
214.63131,-0.48519,0.05117
229.44550,-1.01301,0.05119
131.60197,0.02802,0.05122
245.51434,-0.33756,0.05123
132.97351,0.58861,0.05124
133.64997,1.43501,0.05129
233.77843,0.83583,0.05130
132.50669,0.22577,0.05133
177.65911,-0.89072,0.05140
153.95997,-1.18637,0.05141
140.11703,1.37450,0.05141
135.29138,1.37865,0.05141
132.92089,0.41211,0.05143
132.11778,1.39726,0.05145
214.30598,-0.02693,0.05150
161.88434,-0.94449,0.05151
234.40683,0.46556,0.05157
239.67907,-0.44876,0.05161
232.63065,0.69136,0.05162
178.46783,-0.52923,0.05168
230.10513,1.41210,0.05169
216.43017,-0.93004,0.05175
248.65669,-1.24692,0.05179
229.80035,1.22967,0.05180
229.95013,1.31222,0.05184
157.30362,-1.04447,0.05188
145.32060,-0.25286,0.05195
215.42208,-0.36603,0.05199
135.54493,1.17511,0.05201
179.73350,-1.43040,0.05205
231.05384,-0.69964,0.05208
132.71127,0.37330,0.05209
229.94222,1.13035,0.05212
233.06679,-0.02086,0.05212
131.58167,-0.09595,0.05218
136.46464,1.13054,0.05220
216.00782,-0.77357,0.05223
233.34078,0.77868,0.05226
132.81014,0.30374,0.05227
229.39296,0.64038,0.05231
248.25968,-1.02451,0.05232
240.11770,-1.08379,0.05234
136.53720,1.13039,0.05237
214.25699,0.47709,0.05245
134.46525,1.46275,0.05247
132.90222,0.27313,0.05248
146.36539,-0.34352,0.05248
240.19035,-0.87912,0.05249
131.02624,-0.42260,0.05252
212.08021,-0.64828,0.05252
147.73590,-0.31801,0.05253
132.66341,0.46016,0.05253
230.59141,0.52878,0.05258
135.19089,0.07113,0.05259
218.03498,0.41116,0.05261
214.32786,0.09457,0.05264
214.46360,0.31953,0.05265
146.63167,-0.98828,0.05265
124.58149,1.07508,0.05268
214.28214,-0.01520,0.05273
138.57992,0.38487,0.05274
134.95831,0.80742,0.05274
155.35982,-0.87736,0.05276
134.20130,0.69211,0.05277
229.67852,0.44681,0.05281
213.24638,1.01410,0.05283
175.06172,-1.20528,0.05283
135.42351,0.58275,0.05283
216.89581,-0.27756,0.05287
132.85366,0.02460,0.05288
214.48346,0.67665,0.05289
135.36399,-0.41843,0.05290
146.37378,-0.36839,0.05291
135.21857,0.09682,0.05291
212.79367,0.57880,0.05292
134.29868,1.40974,0.05292
229.79064,1.06311,0.05295
230.44799,1.16690,0.05298
132.19010,0.29154,0.05299
140.62156,-0.41116,0.05304
238.71444,0.04455,0.05309
215.29851,-0.37270,0.05311
213.48567,0.89642,0.05311
240.92201,0.15294,0.05311
175.09795,-1.34121,0.05312
211.79627,-0.87861,0.05312
241.80142,0.25111,0.05312
212.19240,0.07203,0.05313
133.64390,0.48504,0.05317
213.06529,0.52321,0.05319
228.93504,1.07922,0.05327
132.63207,0.31909,0.05329
199.06364,1.40183,0.05332
214.46515,0.23337,0.05336
214.34242,0.02372,0.05339
136.83985,0.49512,0.05341
137.24588,0.63398,0.05341
134.49798,0.17120,0.05341
211.11297,-1.27488,0.05345
236.58120,0.47075,0.05346
138.06175,0.31178,0.05347
212.32854,-0.07846,0.05350
240.75025,0.01707,0.05351
240.65367,-0.15190,0.05353
212.02417,-0.19416,0.05359
125.98764,-0.11211,0.05359
139.43115,1.49239,0.05362
217.45755,0.66482,0.05365
240.72139,0.01277,0.05367
212.60992,-0.58856,0.05369
199.90169,0.18166,0.05369
137.02441,0.57333,0.05370
199.60082,0.94949,0.05374
217.42429,0.36901,0.05375
137.33521,0.73875,0.05376
217.66293,0.26013,0.05377
228.80217,-1.17063,0.05380
138.30621,0.14923,0.05388
138.77628,-0.71839,0.05392
148.69761,1.36983,0.05392
213.10581,0.90752,0.05392
232.90701,-0.89587,0.05394
217.44701,0.68802,0.05397
164.35813,-0.71444,0.05399
140.65240,-0.40903,0.05401
227.28673,0.25347,0.05402
249.50429,-0.85341,0.05402
212.64099,-0.98835,0.05403
215.60461,1.19757,0.05403
210.63114,-0.96786,0.05404
139.34147,0.32191,0.05405
215.54901,-0.13128,0.05409
211.12920,-0.75622,0.05410
212.37280,0.14367,0.05410
214.04999,1.38057,0.05413
245.95180,0.79682,0.05413
234.69038,-0.95945,0.05414
212.18306,-0.57386,0.05415
227.70238,-1.06250,0.05415
139.88495,-0.29991,0.05418
137.88050,0.40191,0.05418
144.05370,1.02154,0.05418
212.50760,-1.10775,0.05421
140.68638,-0.31460,0.05426
236.46135,0.79759,0.05427
163.85478,1.09574,0.05430
214.38310,1.14086,0.05432
210.68384,-0.58758,0.05433
216.57480,0.15433,0.05433
238.12295,-0.47254,0.05434
214.31264,1.22939,0.05436
235.87283,0.40811,0.05438
214.33317,1.17351,0.05439
138.15124,0.30949,0.05441
228.15374,-0.79418,0.05441
213.10118,-0.73205,0.05442
212.87795,-0.08306,0.05444
212.93950,-0.90427,0.05444
211.81047,-1.19536,0.05445
209.92530,1.04176,0.05445
138.02438,0.44889,0.05446
215.50187,0.64990,0.05446
212.69764,-1.31421,0.05449
236.44524,-0.50629,0.05451
201.52259,-1.25349,0.05455
214.47574,0.46145,0.05455
138.76168,1.44525,0.05457
241.92423,1.00089,0.05460
217.92681,-1.18601,0.05461
215.25917,-0.86197,0.05461
200.82637,-0.25244,0.05464
138.01796,0.42180,0.05465
217.43418,0.08126,0.05466
137.39785,-0.66289,0.05469
227.86040,-1.09660,0.05470
139.39643,0.32517,0.05473
237.51414,0.98358,0.05474
212.00217,-0.82182,0.05475
212.16110,-1.46875,0.05476
240.18544,-0.56878,0.05479
138.68357,-0.86021,0.05484
235.62608,-0.44839,0.05484
227.11633,-1.20789,0.05488
217.07668,1.12959,0.05488
120.33629,-0.28348,0.05492
215.53302,1.16991,0.05493
215.45734,-0.77750,0.05495
215.07206,0.75857,0.05496
140.62890,-0.85951,0.05499
215.63190,-0.65533,0.05506
214.96662,-0.56125,0.05507
235.34090,-1.03387,0.05508
201.44735,-0.70676,0.05512
230.57927,-1.33877,0.05516
217.04388,-0.68462,0.05517
203.70454,-1.39391,0.05518
230.48383,-1.36431,0.05520
218.18518,-0.78833,0.05520
216.39776,-1.00599,0.05522
216.09052,0.88863,0.05524
234.83255,0.97027,0.05526
239.88785,-1.09893,0.05526
138.56308,0.87912,0.05526
218.09196,-0.22671,0.05534
216.30423,-0.52135,0.05537
244.16318,1.20777,0.05537
214.75439,1.41184,0.05540
140.97500,-0.68264,0.05540
241.57954,0.73863,0.05541
236.84840,-1.00673,0.05542
246.11752,-0.32338,0.05546
234.99072,-0.90939,0.05547
217.38595,0.49381,0.05553
216.30761,-1.09946,0.05555
140.68150,-0.37748,0.05556
146.61407,1.46973,0.05557
246.44679,-0.58537,0.05561
169.90559,-0.25640,0.05561
140.78946,-0.41686,0.05562
124.16142,-0.31877,0.05565
201.48376,-0.70239,0.05567
214.30662,1.30191,0.05567
240.27356,-0.70744,0.05574
242.10389,1.13532,0.05574
139.74622,-0.21644,0.05575
158.45503,0.16152,0.05581
221.76674,0.47906,0.05581
217.62064,0.30643,0.05589
222.04452,-0.81648,0.05591
218.37556,-0.83115,0.05591
218.99785,-0.12305,0.05597
146.96390,-0.54500,0.05598
239.63857,-1.19398,0.05599
156.78767,-0.03770,0.05607
140.93666,-0.51796,0.05610
217.36668,0.71654,0.05612
243.95882,0.83486,0.05615
240.33623,-0.67414,0.05616
235.22069,-1.37533,0.05617
244.41426,1.02398,0.05619
245.02092,0.79144,0.05619
219.18606,0.71005,0.05620
140.72566,-0.34797,0.05623
139.89953,-0.45185,0.05628
140.82469,-0.56844,0.05628
139.23479,0.28597,0.05629
245.86293,0.82649,0.05630
162.88524,-0.28007,0.05633
218.72674,-1.27168,0.05634
217.43824,0.25301,0.05636
135.52084,0.40606,0.05640
244.80469,0.89863,0.05645
139.86925,0.70466,0.05646
229.44669,1.40539,0.05649
217.37955,0.54872,0.05651
135.49058,0.28417,0.05652
235.17538,-0.76384,0.05656
235.26838,-1.27052,0.05657
240.35887,-0.51114,0.05658
229.81807,1.01900,0.05661
243.55885,-1.02842,0.05662
201.13208,0.78536,0.05665
146.72901,0.02697,0.05666
216.99156,0.71502,0.05667
239.47551,-0.77878,0.05668
139.71220,0.63994,0.05670
218.91788,-1.49229,0.05675
219.00383,-0.11046,0.05678
245.51805,-0.62769,0.05686
179.63444,0.05416,0.05694
218.92895,-0.29287,0.05694
220.19866,-0.96815,0.05696
135.53946,1.22606,0.05696
245.69443,0.77679,0.05696
139.21764,0.52057,0.05699
156.61116,1.42709,0.05699
232.57756,1.34912,0.05703
155.39165,0.07435,0.05704
244.47955,0.89534,0.05708
230.33947,-0.05342,0.05709
235.25107,-1.26250,0.05711
201.25442,1.15014,0.05718
128.25694,1.20702,0.05730
244.73262,0.50639,0.05731
244.79848,1.15101,0.05731
245.37432,1.07849,0.05735
241.91804,0.76051,0.05735
134.12788,1.02596,0.05737
243.47612,-0.61506,0.05740
146.58882,0.17260,0.05743
245.89464,0.34410,0.05746
245.14760,1.00066,0.05747
240.51010,-1.15834,0.05753
155.70224,1.40027,0.05758
241.88070,0.83328,0.05759
133.11185,0.74880,0.05763
212.34019,1.02775,0.05765
142.77064,0.53064,0.05768
243.80471,0.14494,0.05772
241.73653,0.71254,0.05774
240.29664,-0.82616,0.05777
241.16393,-0.09166,0.05781
245.96548,1.11594,0.05782
221.03406,-0.28225,0.05782
243.01968,-0.27954,0.05784
192.35532,0.36213,0.05784
240.47556,-1.21921,0.05787
242.76481,-0.84821,0.05789
194.36379,-1.44427,0.05791
240.67122,0.59567,0.05792
135.88657,1.21012,0.05796
243.03871,0.05920,0.05801
228.09611,-0.34913,0.05805
163.20038,0.18722,0.05810
241.26091,-0.42662,0.05812
204.33024,-1.29563,0.05813
244.69346,1.20069,0.05814
241.58499,0.11228,0.05831
241.06472,0.09700,0.05832
248.03383,-0.07865,0.05834
241.60599,-0.35162,0.05837
140.03526,0.67066,0.05838
242.01079,0.15649,0.05838
231.69195,-1.10224,0.05839
241.57819,-0.03590,0.05840
152.52743,-0.26844,0.05843
140.01003,0.84420,0.05844
169.82028,-0.38730,0.05846
240.21490,-0.81197,0.05849
131.97908,0.56667,0.05850
244.40545,-0.86224,0.05859
137.16999,0.19596,0.05863
248.36816,-0.21471,0.05867
155.07391,0.52856,0.05874
231.33865,-0.43003,0.05882
136.50004,0.00904,0.05885
249.49655,-0.49847,0.05894
236.80167,-0.97683,0.05895
232.09265,-0.44246,0.05897
248.44263,-1.02623,0.05899
233.86903,1.37779,0.05899
211.64491,-1.21983,0.05900
232.87506,-0.51478,0.05903
161.24630,0.81192,0.05904
133.10292,0.89338,0.05907
245.62867,0.90571,0.05911
231.54530,-0.45422,0.05912
240.93649,-0.31873,0.05913
159.60406,1.11388,0.05915
231.71140,-1.05174,0.05915
195.27184,1.13331,0.05917
231.53710,-0.44049,0.05918
232.88778,-0.52465,0.05919
232.45729,-0.50224,0.05919
233.08170,0.19325,0.05920
247.84973,-0.03602,0.05921
178.01373,0.04678,0.05923
171.15718,0.57828,0.05924
153.95489,-0.17988,0.05924
211.47468,-0.74543,0.05926
177.76357,-0.21049,0.05926
235.77949,-1.13444,0.05929
143.43254,0.98026,0.05930
211.00856,-0.04615,0.05930
195.12901,0.95392,0.05930
169.25230,1.15633,0.05932
241.06911,0.04374,0.05932
244.93558,-0.47924,0.05937
230.64391,1.30662,0.05941
182.50861,-1.22264,0.05949
232.54428,-0.05185,0.05951
160.38305,0.79327,0.05951
245.96117,0.71561,0.05954
160.99135,-0.50748,0.05956
187.85645,-1.41814,0.05959
130.41351,0.97409,0.05969
153.62650,-1.10748,0.05974
162.77616,-0.95523,0.05975
233.01926,0.02185,0.05978
150.83604,0.01032,0.05990
230.50013,-1.39654,0.05993
177.93723,0.10941,0.05996
153.48517,1.29560,0.06001
231.06110,-1.43732,0.06003
181.51272,0.48779,0.06004
160.31954,0.46560,0.06015
201.22605,0.49517,0.06028
177.97938,0.11129,0.06031
240.79934,-1.19714,0.06032
174.98643,-0.28720,0.06034
240.87797,-0.43791,0.06036
203.22489,0.90664,0.06039
201.00074,0.33616,0.06041
241.01691,0.11936,0.06042
174.97336,-0.82851,0.06047
178.10641,-1.26746,0.06049
149.64646,-0.91597,0.06054
140.53061,0.39903,0.06056
146.57273,-1.06084,0.06061
175.19712,-0.36031,0.06064
241.31527,0.13810,0.06065
227.13459,0.67644,0.06067
160.99676,-0.58825,0.06067
200.99123,1.22601,0.06069
174.75369,-0.51187,0.06069
153.04913,0.69594,0.06071
143.97191,0.87598,0.06072
198.31889,0.99170,0.06078
203.94963,-0.02915,0.06082
145.48725,-0.80693,0.06084
191.53413,-0.95226,0.06092
241.44466,0.13353,0.06095
196.08742,1.15098,0.06105
143.64179,-0.54576,0.06108
133.39702,-0.71000,0.06110
172.79299,0.24158,0.06122
166.95256,0.92432,0.06123
171.98045,-0.30169,0.06137
172.23266,0.74132,0.06142
146.39189,0.97823,0.06154
204.96905,-0.61130,0.06154
242.17269,-0.23357,0.06154
171.93974,-0.25150,0.06160
241.15651,0.12258,0.06162
153.86592,-1.20389,0.06162
241.84393,-0.37969,0.06163
236.67372,-0.61938,0.06164
180.27368,0.45974,0.06171
144.26671,0.04897,0.06178
149.22744,1.28893,0.06179
241.74397,-0.59565,0.06179
146.91732,0.69489,0.06182
149.61404,-0.85494,0.06188
150.37208,-0.21492,0.06191
144.66829,0.64618,0.06200
144.49045,0.95300,0.06203
175.78070,1.45451,0.06204
147.98555,1.11100,0.06204
242.67265,0.27652,0.06206
180.37592,0.40813,0.06207
143.90917,-0.13819,0.06210
186.03797,0.17036,0.06211
171.98052,-0.47253,0.06211
145.04753,0.23776,0.06213
169.64170,1.01172,0.06213
146.81199,-0.19005,0.06215
237.43272,-0.06741,0.06218
242.68334,0.24844,0.06218
241.85445,-0.16615,0.06219
150.45620,-0.30860,0.06222
195.43302,-0.68528,0.06222
145.32998,0.17547,0.06222
146.34706,0.07542,0.06228
154.18087,1.09471,0.06234
237.12540,-0.36706,0.06234
146.84077,0.88627,0.06234
152.05541,0.38315,0.06238
184.26027,-0.31760,0.06241
242.61168,-0.43936,0.06242
241.04046,0.47406,0.06242
193.58634,1.28443,0.06244
151.30126,0.63219,0.06245
148.98243,0.22985,0.06247
152.03854,0.38824,0.06249
145.89059,-1.09762,0.06249
208.46131,0.84536,0.06250
145.76792,-1.07473,0.06250
150.49508,0.71524,0.06251
156.31920,-0.26634,0.06251
154.35286,-0.72352,0.06254
195.92200,-0.55278,0.06255
155.68866,-0.00308,0.06256
151.92267,0.44724,0.06256
154.68807,0.39077,0.06256
206.95444,0.46994,0.06257
145.74475,-0.07635,0.06259
147.17998,0.49299,0.06260
153.82979,-0.64991,0.06260
149.19459,0.81658,0.06261
147.47985,0.32339,0.06262
149.03396,-1.20527,0.06263
226.71793,1.24974,0.06263
241.19246,0.89872,0.06264
150.53582,0.71706,0.06266
237.54357,0.63723,0.06267
195.39637,-0.85030,0.06268
150.35680,-0.69634,0.06271
155.75117,-0.05997,0.06272
145.81392,0.48851,0.06278
182.29066,-1.32354,0.06278
147.28297,1.41963,0.06281
182.07108,-0.46203,0.06284
154.83497,-0.78639,0.06286
197.96084,0.68701,0.06286
154.25641,0.10371,0.06291
148.75745,0.96953,0.06295
240.98326,0.94323,0.06296
146.88773,0.21746,0.06297
167.45284,0.80438,0.06297
146.81624,0.94411,0.06298
154.33510,-0.15004,0.06298
157.03618,-0.85375,0.06299
232.05343,-0.15819,0.06299
181.81602,-0.51788,0.06300
147.94235,1.14232,0.06301
145.99396,-0.13585,0.06305
201.00784,-0.62100,0.06306
149.10100,1.23195,0.06314
181.58326,-0.42999,0.06317
197.93016,0.61700,0.06318
184.67286,0.91674,0.06318
191.73973,0.64177,0.06319
154.41219,-0.12244,0.06320
146.16563,-0.06417,0.06321
154.70998,0.55881,0.06324
147.91272,1.28374,0.06330
154.45765,-0.82924,0.06334
169.13764,0.92843,0.06335
170.80562,-1.18218,0.06337
170.65887,-0.69097,0.06338
149.18442,1.29863,0.06345
170.34519,0.29170,0.06355
161.38651,0.29194,0.06355
149.19776,1.25664,0.06356
224.32814,1.43452,0.06357
154.55743,0.06578,0.06357
246.31429,-0.54096,0.06361
236.57247,1.38020,0.06365
155.73604,-0.38422,0.06365
170.60336,-0.06126,0.06372
197.64108,-0.50365,0.06373
150.67113,-0.42390,0.06377
160.45719,1.23694,0.06379
160.62850,1.22633,0.06380
232.00342,-0.35979,0.06381
198.11081,0.41032,0.06382
184.68922,0.77291,0.06383
154.60093,0.08685,0.06385
190.91114,0.54712,0.06389
172.82315,-0.97470,0.06390
226.84839,0.54635,0.06390
197.82936,0.03741,0.06395
189.04927,-0.20961,0.06397
167.89507,-0.90152,0.06398
167.82045,-0.82417,0.06399
191.12392,1.14468,0.06399
222.89801,0.09789,0.06399
154.64983,0.17471,0.06401
217.52769,-0.05776,0.06403
148.94690,0.77314,0.06403
197.89193,0.84992,0.06407
148.01580,1.14844,0.06410
179.51257,1.09060,0.06413
191.13178,0.85592,0.06414
191.21182,0.99198,0.06419
149.46087,0.79536,0.06423
190.88987,0.49295,0.06425
167.83796,0.40956,0.06425
231.97216,-0.38445,0.06432
183.41488,0.97765,0.06433
168.12784,-1.04927,0.06438
147.95673,1.14282,0.06442
167.34479,1.14903,0.06444
167.91396,-0.89238,0.06445
167.48669,-0.57424,0.06450
154.44687,-0.05451,0.06452
168.53920,-1.24466,0.06454
179.11863,0.06386,0.06454
178.90828,-0.77061,0.06456
160.52660,0.89852,0.06456
243.58814,0.44641,0.06457
145.28856,0.34651,0.06460
232.47000,-1.27858,0.06463
154.40642,-0.20170,0.06464
178.95095,-0.54866,0.06467
167.38907,-0.60143,0.06482
167.39542,1.19191,0.06485
158.53131,-0.04817,0.06490
172.14896,-0.18495,0.06491
149.04620,-0.07764,0.06492
149.90931,0.51314,0.06493
165.42662,0.12476,0.06493
197.79583,1.21448,0.06494
149.48430,0.20642,0.06500
160.18628,0.78720,0.06504
149.21414,0.20883,0.06505
165.62373,-0.40014,0.06507
158.13045,-0.10658,0.06510
149.88692,0.58596,0.06516
146.57134,-0.95721,0.06518
179.45899,0.82375,0.06520
150.31186,0.60073,0.06523
164.75833,1.17643,0.06526
173.98927,-0.27322,0.06533
215.54737,0.57264,0.06545
157.92874,0.29013,0.06545
223.60824,-1.18831,0.06547
154.84991,1.05230,0.06556
167.39749,-0.83169,0.06561
195.92939,-0.47112,0.06564
181.26087,1.17656,0.06565
150.82018,-0.00458,0.06567
152.74365,-0.80387,0.06567
154.61836,-0.07062,0.06571
149.15897,0.15321,0.06573
149.30677,0.19870,0.06575
158.38811,1.10977,0.06575
223.47698,-0.31628,0.06575
132.34992,0.89943,0.06579
195.61362,-1.42037,0.06580
166.92478,0.43569,0.06587
146.09344,-1.00817,0.06589
150.81911,0.49056,0.06590
232.77105,1.05027,0.06594
151.15529,0.82932,0.06595
173.97174,0.18322,0.06601
150.93945,0.02998,0.06605
201.12775,-0.07384,0.06608
150.48578,0.18780,0.06621
233.02063,0.71297,0.06622
148.06820,-0.70478,0.06630
132.87676,0.42847,0.06632
200.41310,-1.12496,0.06633
132.08883,1.40262,0.06638
185.68663,-1.13705,0.06638
159.50329,1.46433,0.06644
132.91707,0.34853,0.06651
234.63049,1.24239,0.06657
233.81141,-0.53467,0.06657
226.74994,-1.22554,0.06659
132.07634,1.38641,0.06664
248.12880,1.11070,0.06667
173.40151,0.63446,0.06667
152.40433,-0.32703,0.06671
149.13175,1.25023,0.06672
161.44903,0.75444,0.06681
161.06946,0.02723,0.06685
147.47438,-0.80833,0.06685
173.26097,0.55941,0.06685
155.35366,1.45565,0.06685
145.37411,-1.24932,0.06687
224.12647,-0.85251,0.06688
166.90574,-0.02723,0.06692
166.79008,1.17376,0.06694
195.10968,1.17250,0.06695
160.55437,1.19362,0.06697
223.69211,0.27535,0.06702
195.16001,1.01236,0.06702
201.64612,-0.76830,0.06704
132.06994,1.35811,0.06704
195.95992,-0.13624,0.06710
233.64749,-0.47903,0.06711
152.26061,0.87281,0.06714
160.59095,1.18852,0.06717
195.65719,0.39343,0.06720
146.00363,-0.85001,0.06721
132.58240,0.56616,0.06722
224.25679,-0.13989,0.06730
195.68927,0.48978,0.06744
166.85831,0.16506,0.06746
140.13190,-0.82726,0.06748
162.69804,0.90627,0.06748
229.85274,-1.22804,0.06751
247.93688,0.24890,0.06757
166.38800,0.94606,0.06757
195.60246,0.47674,0.06761
145.75973,-0.81389,0.06763
165.27204,1.46996,0.06764
132.03494,1.35795,0.06765
160.06558,0.84854,0.06765
195.64436,0.34859,0.06775
224.65051,-0.46140,0.06776
170.09845,-0.79992,0.06786
195.58269,0.29110,0.06788
195.63525,0.34516,0.06792
166.81835,0.86317,0.06793
195.73009,0.71523,0.06795
172.67936,0.83956,0.06796
132.04655,1.35067,0.06812
163.41666,0.91618,0.06818
191.03043,-1.05282,0.06824
233.28602,-1.42836,0.06824
232.96571,-1.29026,0.06832
236.24299,-1.42793,0.06832
226.72288,-1.17918,0.06833
168.32642,-1.04403,0.06834
240.59702,1.19665,0.06837
196.28858,1.29432,0.06849
170.34344,-0.44673,0.06850
196.05580,1.23567,0.06850
195.57298,0.28887,0.06857
195.67970,0.81317,0.06858
184.83987,-0.68939,0.06859
240.96262,0.78965,0.06859
170.76350,0.05742,0.06859
205.73554,-1.09050,0.06863
148.58445,-0.33558,0.06882
175.33816,-0.81421,0.06882
176.16031,-1.06725,0.06886
226.84845,-1.26602,0.06889
208.79985,0.10038,0.06895
151.41752,1.20013,0.06897
142.39681,-0.90114,0.06903
164.66409,1.32259,0.06904
194.47805,-0.65216,0.06905
222.76293,0.68299,0.06906
222.55483,1.35673,0.06912
147.69322,0.13054,0.06914
134.29293,1.41382,0.06916
194.19778,0.48384,0.06916
204.74244,0.75006,0.06919
171.72114,0.27329,0.06920
168.64726,-0.86755,0.06923
196.03704,1.27816,0.06923
152.32516,-0.45038,0.06925
151.96578,-0.27193,0.06926
153.97781,-0.32417,0.06926
152.34149,-0.29426,0.06926
146.66136,-0.10337,0.06934
213.83329,0.94143,0.06936
209.26584,-0.81466,0.06943
151.65476,-0.42077,0.06944
152.33467,-0.31506,0.06946
224.34718,-1.12286,0.06948
242.64573,-1.22895,0.06949
233.31023,0.15794,0.06950
176.43731,-1.18012,0.06950
213.82111,1.28001,0.06951
170.58232,1.17034,0.06955
152.26775,-0.37920,0.06957
227.27847,-0.80694,0.06966
137.29665,0.39853,0.06967
154.21880,-0.77498,0.06973
136.25363,0.86931,0.06975
152.35985,1.28080,0.06979
227.10642,-1.48014,0.06981
169.89235,0.73811,0.06982
131.50742,0.50775,0.06982
226.65055,-1.29820,0.06983
229.71563,-0.66019,0.06983
136.66610,-0.41378,0.06984
147.12832,0.36923,0.06984
153.86695,0.46030,0.06984
238.88985,1.20231,0.06985
192.02153,0.30832,0.06986
165.61464,-0.08009,0.06987
136.88448,0.33136,0.06990
232.59282,-0.36901,0.06991
191.81419,0.50371,0.06996
146.78230,0.79441,0.06999
225.96439,0.27858,0.07000
170.63557,0.73969,0.07005
135.62048,0.78327,0.07005
229.82437,-1.15790,0.07006
138.69655,-0.47947,0.07008
193.30824,0.52524,0.07009
137.40515,0.31613,0.07010
153.52397,0.27321,0.07010
210.95178,0.90748,0.07011
192.31637,0.61795,0.07011
207.13957,1.39921,0.07011
198.18442,1.15565,0.07015
183.55299,-1.26349,0.07016
242.84429,-1.23168,0.07017
134.49636,1.17415,0.07020
190.44103,-1.10006,0.07020
137.90992,-0.71500,0.07020
153.96562,-0.97409,0.07022
138.97646,0.23869,0.07022
132.43161,1.01139,0.07023
224.37236,1.35194,0.07025
224.37332,1.35219,0.07025
211.38893,-0.61514,0.07029
139.12105,0.60351,0.07029
192.75352,-0.03375,0.07031
208.78581,0.16286,0.07031
244.06279,-0.41265,0.07032
132.30881,0.98540,0.07033
169.88113,0.73521,0.07034
153.87495,0.51045,0.07035
135.11913,1.21370,0.07036
142.43062,-0.30449,0.07036
154.25099,0.31025,0.07039
184.37997,-0.80954,0.07039
211.15819,-0.17636,0.07041
198.21887,1.01983,0.07043
241.71928,-0.00410,0.07045
149.66742,-0.25836,0.07046
134.25805,1.44514,0.07055
142.47967,-0.64238,0.07057
183.52620,-1.16402,0.07057
135.53483,0.59558,0.07058
193.08231,-0.97995,0.07059
221.42309,1.02241,0.07060
221.96186,0.70102,0.07062
134.58583,-0.39617,0.07063
134.56504,-0.48832,0.07066
242.09979,0.42512,0.07066
153.90664,0.52533,0.07068
134.78843,-0.16841,0.07069
142.02492,-0.44415,0.07071
170.33446,0.77741,0.07072
172.77922,0.43856,0.07073
153.85713,0.70430,0.07073
248.48509,0.64355,0.07074
134.84090,0.87613,0.07076
154.10987,-0.24299,0.07077
204.85031,-1.10618,0.07080
232.75500,-0.09347,0.07080
132.75410,1.05664,0.07081
242.82905,-1.22212,0.07083
225.16388,1.03095,0.07083
165.87433,1.27883,0.07084
227.54740,-1.19532,0.07084
192.90120,-0.40249,0.07085
134.56245,-0.46783,0.07086
227.52563,-1.19883,0.07087
206.51423,-0.20717,0.07087
135.89726,1.35348,0.07088
227.38966,-0.33855,0.07091
154.70007,0.38518,0.07095
232.59935,-0.33895,0.07096
207.17427,1.05669,0.07096
232.48429,-0.13624,0.07097
141.99878,-0.38019,0.07098
242.50160,-1.09522,0.07098
141.78837,-0.21150,0.07098
225.01697,-1.45719,0.07100
227.39876,-0.39424,0.07107
190.25425,0.20260,0.07112
142.53512,-0.32730,0.07112
233.15663,-1.39768,0.07115
134.48741,1.19940,0.07117
232.52610,-0.05456,0.07119
190.02913,1.23466,0.07121
155.22774,0.15022,0.07121
136.59265,1.00417,0.07122
203.31194,1.10123,0.07123
134.52059,1.15374,0.07123
190.51321,0.69462,0.07124
155.96296,0.84532,0.07125
232.65674,0.09145,0.07125
166.56560,-0.18207,0.07126
142.64170,-0.64721,0.07128
184.14200,-0.20142,0.07134
208.81454,0.05866,0.07135
155.23896,1.23756,0.07139
208.40596,0.71097,0.07140
190.81797,1.08091,0.07140
153.21139,1.04650,0.07140
218.06440,0.76721,0.07144
184.49717,-0.33308,0.07144
218.22881,1.41840,0.07145
244.28194,0.30476,0.07146
155.54894,0.23463,0.07146
170.04074,0.31998,0.07146
142.88587,0.66139,0.07147
226.66009,-1.34083,0.07147
190.28182,-1.36779,0.07148
134.61348,1.07381,0.07149
193.14975,-0.86791,0.07150
233.56014,-0.87113,0.07150
187.53173,-1.15969,0.07150
196.24446,-0.38098,0.07151
154.22061,0.00192,0.07151
193.11104,-0.23474,0.07152
157.35092,1.36092,0.07153
148.80535,0.48844,0.07153
184.25238,-0.16355,0.07154
154.78674,0.09275,0.07155
134.55365,1.36728,0.07155
213.62264,-0.64043,0.07157
145.87447,-0.60875,0.07159
228.90959,0.17561,0.07159
233.82026,-0.79001,0.07160
228.69287,0.05622,0.07162
188.38394,-0.69206,0.07163
153.82950,0.99121,0.07165
237.58163,0.90497,0.07166
241.65095,0.22240,0.07167
207.09196,-1.33567,0.07167
161.47650,0.60238,0.07168
187.55452,-1.12719,0.07170
238.98158,0.52825,0.07173
236.28971,0.60638,0.07174
153.80190,0.96143,0.07174
236.81057,-0.94397,0.07178
187.93312,-1.00538,0.07180
167.40265,-0.87184,0.07181
241.71857,-0.25634,0.07185
207.07252,-0.16755,0.07186
143.08757,0.50656,0.07186
188.95881,-0.89413,0.07187
135.25395,1.37261,0.07188
227.70522,-0.12815,0.07189
227.11419,-1.46594,0.07189
198.22809,1.03598,0.07191
184.17762,-0.79648,0.07192
174.66602,-0.14509,0.07192
220.36688,-1.26264,0.07193
226.68307,-1.26779,0.07194
232.62779,-0.34417,0.07195
239.11361,0.51958,0.07197
147.90447,1.32024,0.07197
228.44842,0.34310,0.07198
158.33553,0.37003,0.07198
207.46370,1.25618,0.07198
157.30456,1.44819,0.07199
236.68910,-0.85957,0.07200
228.57151,0.33750,0.07201
189.75322,0.12483,0.07201
208.87056,-0.17064,0.07202
205.93941,0.46675,0.07204
235.41754,0.49045,0.07207
185.16770,-0.69333,0.07207
142.82851,0.56515,0.07208
219.80702,-0.92616,0.07209
191.69709,0.65118,0.07210
171.91441,1.34273,0.07213
189.73077,-0.46830,0.07215
203.87154,-0.93490,0.07216
242.05998,-0.03919,0.07220
242.29700,-0.48936,0.07220
122.99326,-0.60067,0.07221
219.13763,0.43286,0.07221
197.83740,0.06167,0.07222
170.58797,1.12272,0.07223
227.43482,1.40771,0.07224
191.82986,0.53344,0.07224
226.83174,0.59535,0.07224
191.04114,-0.23329,0.07225
233.06815,0.63231,0.07226
162.22112,1.37422,0.07229
142.92817,0.59355,0.07230
189.88288,-0.38607,0.07231
149.45970,-0.77901,0.07232
198.34754,0.98065,0.07232
156.72609,0.62027,0.07233
170.51576,0.13436,0.07233
168.19825,-0.07452,0.07236
231.60729,1.45059,0.07238
134.62360,1.03597,0.07238
158.46579,0.41494,0.07238
187.61440,-1.43172,0.07239
188.78090,0.62168,0.07240
219.15064,0.81835,0.07243
171.28287,0.41353,0.07243
160.77127,1.24348,0.07243
246.94019,0.34358,0.07244
188.72881,-0.30659,0.07245
168.16258,0.06621,0.07245
234.59816,0.70626,0.07246
231.83174,1.40706,0.07247
170.89199,0.77839,0.07247
168.50886,-0.00696,0.07248
233.26395,1.05978,0.07248
189.75134,0.06978,0.07249
242.11027,-0.72146,0.07250
227.67449,0.46154,0.07254
227.57621,1.02406,0.07256
198.43927,-1.02024,0.07257
170.03709,0.22357,0.07258
156.72698,0.63217,0.07261
227.02347,-0.36161,0.07262
207.62819,1.46798,0.07263
199.14911,0.75758,0.07264
232.52668,-0.32348,0.07264
142.90606,0.57313,0.07264
249.92469,0.56999,0.07265
162.93785,-0.43799,0.07266
202.13090,-0.95649,0.07268
187.04757,-0.63603,0.07269
241.96186,1.01426,0.07274
174.18493,0.70906,0.07275
227.17177,-0.17821,0.07277
231.84625,1.39411,0.07279
232.17100,1.38695,0.07280
239.15027,0.08142,0.07280
149.84503,-0.01646,0.07280
191.81379,0.63523,0.07282
170.35976,1.00767,0.07284
169.16794,-0.21103,0.07286
149.76349,0.03707,0.07287
242.31728,-0.48186,0.07289
216.72045,-0.73442,0.07289
147.49091,0.53099,0.07290
173.87200,0.95257,0.07294
147.30934,0.34427,0.07295
169.96620,0.07187,0.07297
188.91306,0.53228,0.07298
172.21442,0.91859,0.07299
162.52784,-0.52958,0.07299
227.60155,0.34672,0.07300
234.64018,0.59857,0.07300
247.22175,0.59927,0.07303
203.05493,1.12836,0.07304
186.86542,-0.09399,0.07305
208.28998,-1.22089,0.07308
226.61883,-1.46578,0.07310
184.03134,0.65633,0.07313
134.58210,1.06442,0.07313
171.42127,1.40604,0.07315
161.32347,0.66979,0.07315
160.40663,1.41797,0.07317
216.61776,-0.57027,0.07317
181.06501,0.11717,0.07318
172.67871,1.07475,0.07321
168.52342,0.00929,0.07323
190.10830,0.43562,0.07323
220.98623,-0.40838,0.07324
173.84952,0.86477,0.07324
226.26669,0.37980,0.07326
205.68068,0.76567,0.07327
221.01972,0.05114,0.07327
216.88346,-0.60726,0.07331
227.41321,1.45154,0.07332
189.76762,0.97114,0.07334
199.02153,-0.62396,0.07336
198.27903,0.98285,0.07337
209.13459,-1.42352,0.07337
205.56049,0.47193,0.07337
169.15851,-1.06831,0.07338
230.42468,0.17572,0.07339
142.86205,0.59693,0.07340
160.45035,1.34325,0.07341
185.54784,-0.14588,0.07341
170.01410,0.27512,0.07342
225.28219,-0.44120,0.07343
170.51631,-1.01151,0.07345
231.80868,1.46153,0.07345
227.52391,1.24430,0.07345
170.68406,0.88440,0.07347
233.71731,0.88353,0.07348
166.25952,-0.91118,0.07349
140.92484,0.32469,0.07349
140.30458,0.42708,0.07350
199.58968,0.34897,0.07352
204.35510,0.23115,0.07355
164.19001,-0.87837,0.07356
227.22836,0.80952,0.07357
232.89998,-0.08675,0.07359
173.77276,1.21192,0.07360
158.14997,-0.76007,0.07360
170.82331,1.21037,0.07360
164.81100,-0.69274,0.07362
241.67119,0.01483,0.07363
170.83926,1.20855,0.07364
169.23975,-1.00129,0.07366
189.39581,1.00904,0.07367
162.51748,-0.25030,0.07369
169.93542,-1.03622,0.07373
160.41975,1.29085,0.07374
228.34009,1.10207,0.07379
210.27184,-1.14170,0.07379
210.42795,0.57746,0.07380
240.88282,-0.14909,0.07383
134.68403,0.91408,0.07385
184.65040,0.89376,0.07387
163.07001,-0.83481,0.07388
241.60527,-1.05146,0.07389
204.24254,0.44309,0.07390
202.85887,0.91085,0.07391
141.05222,-1.48012,0.07396
157.52936,-0.17620,0.07396
154.82519,1.14262,0.07397
201.79768,-0.92792,0.07398
163.61790,-1.14612,0.07398
165.66948,-1.16477,0.07401
174.65538,1.13893,0.07401
185.53257,1.03913,0.07405
171.83282,1.47301,0.07406
170.80531,1.08776,0.07408
139.70752,-0.78408,0.07409
170.14656,-0.88219,0.07410
247.39162,-0.17885,0.07411
169.85064,-0.21299,0.07411
232.79921,0.51712,0.07413
142.15899,0.32183,0.07414
201.81986,-0.87631,0.07414
171.75130,1.38561,0.07415
171.49331,-1.14837,0.07417
248.14735,0.11720,0.07422
142.04856,0.36562,0.07423
232.37875,1.46504,0.07423
233.18433,0.99663,0.07424
142.17742,0.69382,0.07428
185.61899,1.05706,0.07429
171.03154,0.97187,0.07429
149.21884,0.09895,0.07429
171.46989,-1.20328,0.07430
185.71560,1.03314,0.07431
141.97340,0.15023,0.07431
201.05875,-0.50728,0.07435
216.15626,1.31815,0.07436
169.14183,-1.02803,0.07437
168.46984,0.00400,0.07438
170.77398,1.24790,0.07438
174.03570,-1.06914,0.07441
171.35307,1.41989,0.07442
171.81405,1.32738,0.07442
170.76705,1.20132,0.07444
170.30230,-0.90569,0.07445
174.11702,1.30646,0.07448
147.85775,-0.04388,0.07448
201.76406,-0.81364,0.07450
168.76389,-0.72284,0.07452
241.66370,0.03297,0.07452
171.94188,1.41242,0.07454
183.59342,0.80671,0.07455
232.25664,1.38264,0.07455
184.20994,1.36070,0.07459
175.11691,1.00644,0.07459
227.33928,0.85855,0.07460
183.74396,-0.07659,0.07460
167.50236,-0.19543,0.07461
202.86267,0.88302,0.07461
169.12115,-0.93810,0.07464
183.42228,0.19649,0.07464
179.88472,-0.99605,0.07465
232.22929,1.47364,0.07466
166.54908,0.73882,0.07466
232.58938,-0.74355,0.07467
165.47724,0.76932,0.07468
241.88252,-0.49873,0.07468
170.41249,-0.88978,0.07471
160.88892,-0.27000,0.07471
183.51922,0.44635,0.07471
227.37193,1.06755,0.07473
170.63801,1.12562,0.07475
175.11244,0.86501,0.07480
142.10498,0.29251,0.07481
199.91299,0.41942,0.07481
224.08281,-0.95717,0.07489
171.15511,1.30727,0.07490
164.71332,-0.80678,0.07491
248.20542,0.27707,0.07491
201.20743,-0.24874,0.07497
199.51047,0.61761,0.07499
203.06440,0.57156,0.07499
183.23198,-0.59975,0.07500
215.30314,0.82436,0.07501
175.64546,1.25183,0.07504
231.92188,0.42543,0.07505
229.98607,1.27882,0.07506
235.41028,0.14373,0.07506
164.27588,-0.91445,0.07507
169.07290,-0.90517,0.07510
240.23183,-0.08139,0.07510
170.76266,0.87162,0.07511
167.02411,1.30975,0.07513
202.67050,0.63992,0.07513
183.99514,1.36477,0.07515
163.67951,-0.87506,0.07515
167.21732,1.49914,0.07515
183.25256,-0.93858,0.07516
189.62771,-0.82575,0.07517
202.16679,-0.74770,0.07521
199.80054,0.48891,0.07521
172.57453,-0.97925,0.07530
169.12384,-0.86718,0.07537
234.78455,0.24248,0.07541
201.25935,-0.37843,0.07545
210.63549,-1.27143,0.07549
247.07835,-1.20279,0.07550
199.54354,0.57818,0.07550
174.92191,1.33937,0.07550
183.68236,-1.38121,0.07551
170.54156,1.02078,0.07551
172.38497,-1.15152,0.07552
204.45293,-0.09999,0.07555
171.70667,-1.44426,0.07555
179.71931,-0.75354,0.07556
164.31563,-0.98056,0.07556
162.31531,-0.05240,0.07558
174.63462,0.19405,0.07560
192.95575,0.56149,0.07560
200.52313,-0.25711,0.07563
169.03697,0.11353,0.07563
201.93228,0.39535,0.07568
143.05211,-0.69303,0.07574
237.27936,0.98902,0.07578
162.58621,-0.14838,0.07579
173.08434,0.37717,0.07580
234.06613,-1.29208,0.07581
197.18952,0.02209,0.07582
168.96462,0.13133,0.07582
230.85873,1.41211,0.07583
163.26275,-0.68531,0.07583
230.88755,1.40309,0.07586
169.00093,0.15019,0.07591
168.92264,-0.05997,0.07592
206.41863,-0.16340,0.07592
243.54938,0.15618,0.07593
183.82603,-1.10985,0.07594
238.15463,-0.54447,0.07596
232.56865,1.26765,0.07596
231.75494,1.43591,0.07600
206.24202,-1.49633,0.07601
232.53636,-0.13328,0.07604
161.42755,1.30407,0.07604
149.99906,-0.86914,0.07604
162.11201,0.55532,0.07604
174.90445,-1.04588,0.07604
206.14856,-0.55996,0.07606
189.12453,0.69077,0.07607
183.85941,0.52636,0.07607
232.55631,1.27578,0.07612
206.59690,-1.05992,0.07619
206.39486,-1.08284,0.07620
230.67581,0.69171,0.07620
243.18132,-0.40771,0.07623
232.35814,1.39826,0.07623
178.24169,0.64805,0.07625
174.97395,1.46117,0.07626
170.58549,1.06009,0.07626
173.55178,1.49338,0.07627
205.64512,0.42835,0.07628
206.20567,1.40988,0.07635
232.29951,-0.22683,0.07635
162.20399,-0.67294,0.07635
206.34570,-0.92237,0.07640
179.59746,0.55189,0.07641
179.73956,0.42557,0.07641
147.99765,0.45431,0.07642
174.49025,-0.30124,0.07642
230.90403,0.90164,0.07645
137.31654,0.03328,0.07645
170.87509,1.03639,0.07646
167.90500,0.02885,0.07648
231.15539,1.19420,0.07649
191.47746,1.03718,0.07651
164.78232,-0.06300,0.07651
179.24127,0.71170,0.07653
221.05566,-1.45791,0.07653
180.18942,-0.86274,0.07653
185.36339,1.35865,0.07653
203.49767,-1.09053,0.07654
169.02704,0.21877,0.07656
170.21653,-1.22918,0.07658
130.57762,0.94160,0.07658
168.88971,-0.24226,0.07658
179.88092,-1.14650,0.07658
200.82215,-0.91464,0.07660
230.41509,0.26642,0.07661
179.49952,0.14509,0.07662
222.41454,-1.28878,0.07664
205.94433,-0.16266,0.07665
163.64468,0.34365,0.07666
155.19844,-0.96180,0.07666
175.97819,-1.26129,0.07668
170.83487,1.12334,0.07673
180.05646,-0.42184,0.07674
206.37774,-0.58902,0.07674
163.72447,1.05083,0.07678
148.77557,-0.14121,0.07679
170.56677,-0.86010,0.07680
202.74373,0.59394,0.07681
206.59067,-0.87448,0.07684
179.59680,0.40758,0.07685
168.85763,0.63545,0.07686
189.31987,1.22194,0.07687
173.84076,-0.99919,0.07687
206.39109,-0.21561,0.07689
231.94915,-0.36415,0.07689
136.17377,0.70049,0.07690
201.75652,1.33919,0.07690
164.44031,0.41050,0.07692
177.88065,-0.63936,0.07693
177.51156,-0.82634,0.07697
170.94005,-1.27431,0.07697
222.99057,-1.11543,0.07699
164.53910,0.76516,0.07701
193.78661,-0.71764,0.07702
143.83569,1.09925,0.07704
178.68894,-1.42966,0.07705
213.03389,-1.00499,0.07705
206.21244,1.21676,0.07705
161.45921,0.45962,0.07706
213.85046,0.24780,0.07706
175.05143,-1.34659,0.07707
179.82552,0.85378,0.07708
178.32969,1.21763,0.07709
161.60882,0.23057,0.07710
205.54926,0.82355,0.07710
199.52513,0.37427,0.07711
178.00506,-0.47033,0.07711
188.17021,1.26019,0.07712
181.26223,0.95906,0.07714
205.89425,-0.25371,0.07714
180.90664,1.20570,0.07714
169.53593,0.01393,0.07716
206.01836,-1.12356,0.07720
170.40309,-1.10598,0.07721
179.01349,-0.04347,0.07724
214.60652,-0.15723,0.07724
231.48375,0.56368,0.07724
238.36279,-0.46030,0.07725
182.45974,0.88311,0.07727
169.27388,-1.22804,0.07727
236.04652,0.99750,0.07728
206.15584,0.56154,0.07728
178.72735,1.37270,0.07730
130.63865,1.14943,0.07730
205.47834,1.16891,0.07730
186.12032,1.09016,0.07731
173.55905,1.46675,0.07732
213.30458,1.45595,0.07734
131.59537,-0.37171,0.07734
164.26362,1.33911,0.07735
204.69793,1.39346,0.07736
175.39331,-1.20012,0.07737
180.09393,1.43476,0.07739
213.69414,-0.07152,0.07739
186.20628,1.07848,0.07740
206.29851,-0.62148,0.07741
214.28323,0.67850,0.07741
170.43156,-1.19847,0.07742
236.65660,0.60504,0.07744
175.39579,-0.59967,0.07744
161.21438,1.15997,0.07748
203.16521,0.94254,0.07749
214.08153,-0.43102,0.07752
173.20855,-0.71950,0.07753
186.56400,0.88386,0.07755
239.01841,-0.09228,0.07758
130.77145,1.14880,0.07760
201.77952,1.35818,0.07760
170.64629,1.02258,0.07762
169.58771,-0.08661,0.07762
185.62929,1.01518,0.07762
231.55577,1.41007,0.07766
168.74673,-0.59809,0.07768
130.51184,0.85607,0.07771
210.52332,1.35470,0.07773
179.29281,1.04958,0.07773
182.88109,0.22879,0.07774
238.61646,-0.32754,0.07777
223.92021,0.10666,0.07779
185.20009,1.17384,0.07780
181.13178,1.12970,0.07783
177.68795,1.15360,0.07783
181.39331,1.02954,0.07784
180.81089,0.87245,0.07784
187.53352,1.03376,0.07786
182.92524,-1.09234,0.07786
178.35627,1.20285,0.07788
226.29565,1.31016,0.07789
183.35344,-0.63135,0.07789
230.85822,1.31610,0.07790
203.99951,0.04082,0.07790
148.16746,0.53039,0.07790
185.86703,1.29350,0.07791
236.28685,-0.51796,0.07791
180.54871,0.55858,0.07793
199.09094,0.88601,0.07793
235.44244,-0.08270,0.07794
236.00645,0.96672,0.07794
184.38804,-1.19311,0.07794
235.43653,-0.20099,0.07795
181.46039,-0.51342,0.07795
175.46395,-1.21289,0.07795
133.45370,0.33248,0.07798
218.36659,0.77249,0.07800
199.60471,0.36767,0.07800
203.11432,1.09213,0.07802
224.37147,0.59526,0.07802
179.57186,0.76728,0.07802
199.89299,-0.85846,0.07803
174.93343,-1.02956,0.07805
154.32461,1.11575,0.07808
238.19631,-0.50172,0.07808
141.87751,0.80181,0.07808
206.05226,0.97845,0.07809
129.63253,0.01242,0.07810
184.21145,0.60671,0.07811
202.32228,0.76398,0.07812
244.59537,-0.74405,0.07812
154.25795,1.10101,0.07814
234.74608,-0.42489,0.07815
180.88040,0.85089,0.07816
240.17267,0.55523,0.07816
215.66809,1.40840,0.07816
240.21145,0.31676,0.07817
238.62177,-0.69228,0.07817
228.53566,1.35043,0.07817
185.74577,1.34819,0.07818
219.29697,0.82899,0.07819
215.46594,1.02522,0.07819
187.42597,1.08227,0.07819
187.38464,1.10250,0.07820
217.96087,1.07684,0.07820
130.70953,0.16280,0.07820
235.60903,-0.42853,0.07821
204.75379,0.88424,0.07823
186.71703,1.28067,0.07823
214.17081,-0.30157,0.07824
130.76057,0.40116,0.07824
182.85652,0.02307,0.07825
236.25428,-0.10779,0.07827
176.26439,-1.28856,0.07828
176.10548,-1.13478,0.07828
180.82353,0.89918,0.07829
180.73214,0.39924,0.07831
202.10855,1.45080,0.07832
235.12452,-0.90519,0.07832
207.60274,-1.19696,0.07835
154.55359,1.21964,0.07836
200.88344,0.07180,0.07836
177.63644,0.98068,0.07838
236.34918,0.29439,0.07839
195.16850,1.04690,0.07841
161.13861,0.19628,0.07842
241.11228,0.84194,0.07842
168.97847,0.57566,0.07843
200.81761,0.96705,0.07846
234.54123,-0.63856,0.07848
239.29117,-1.17203,0.07848
182.61856,0.06013,0.07848
205.03414,1.29049,0.07849
184.47703,0.69332,0.07851
155.41170,0.13399,0.07852
180.74850,0.86464,0.07852
194.48262,0.50461,0.07852
180.21030,1.15763,0.07853
207.44508,-0.74194,0.07855
154.61195,1.38508,0.07855
197.79937,1.09899,0.07855
181.49560,1.48579,0.07856
155.53399,-0.30393,0.07856
188.06012,0.55442,0.07858
218.38747,0.51486,0.07858
199.83885,-0.92294,0.07860
185.58300,1.33474,0.07860
180.49062,0.61332,0.07861
219.25935,0.89371,0.07863
182.46586,0.73573,0.07864
234.52491,-0.16784,0.07865
239.39360,-0.69198,0.07867
215.75109,0.04448,0.07868
186.96321,1.41605,0.07869
201.56361,1.14477,0.07870
227.62620,0.19726,0.07870
235.24643,-0.20191,0.07870
234.63929,-0.27790,0.07872
162.17615,-0.81399,0.07872
236.75850,-0.37705,0.07872
209.97342,-0.54766,0.07875
168.61621,-0.44086,0.07876
186.98152,1.38736,0.07878
223.23704,-0.78549,0.07878
202.10761,1.43549,0.07879
219.32231,0.90014,0.07879
238.30834,-1.22882,0.07882
176.87324,-0.81649,0.07882
180.74179,0.14125,0.07884
227.13645,-1.22929,0.07885
210.11018,0.84003,0.07886
200.65504,0.76972,0.07887
237.88212,-0.95448,0.07890
194.96535,-0.88392,0.07891
185.06889,0.99476,0.07892
216.60845,-0.26562,0.07892
168.51276,0.95098,0.07892
191.46992,-1.23662,0.07892
184.56434,-0.36482,0.07894
129.38245,-0.46179,0.07894
178.76011,0.57274,0.07894
216.23397,-0.37605,0.07895
176.56382,-1.09617,0.07896
188.98912,1.23946,0.07896
174.70807,-1.45817,0.07897
177.94080,0.29274,0.07898
201.81945,0.87870,0.07900
244.92560,-0.45583,0.07901
178.24054,0.70270,0.07903
149.15395,0.17248,0.07904
222.83954,-0.44984,0.07905
201.92781,1.41495,0.07906
235.85897,-0.21229,0.07906
212.62366,-0.70255,0.07906
183.07919,1.26945,0.07907
185.49695,1.40956,0.07909
200.76366,-0.18525,0.07909
147.85480,-0.36901,0.07910
195.14910,1.12693,0.07911
145.05300,1.04350,0.07911
245.12363,-0.18482,0.07912
182.35479,1.17610,0.07914
178.98322,0.21947,0.07916
235.83668,-0.19318,0.07917
234.68988,-0.43057,0.07918
200.60926,1.36014,0.07918
192.26720,-1.32679,0.07918
202.33790,0.74970,0.07918
203.12743,1.15681,0.07918
208.31978,-1.38191,0.07923
199.10755,0.94103,0.07926
147.90346,-0.31777,0.07926
148.30689,0.38998,0.07926
216.68740,-0.19548,0.07927
154.02456,0.73596,0.07930
194.21002,-1.27399,0.07930
179.24010,1.28030,0.07932
188.02679,1.49177,0.07932
145.29603,0.80160,0.07932
195.55573,0.51960,0.07932
184.48227,-0.54468,0.07934
148.61056,0.47631,0.07936
190.60697,0.94687,0.07936
222.64458,-0.42050,0.07936
174.75823,-1.10851,0.07938
188.14051,1.22503,0.07939
232.18757,0.26497,0.07940
155.02930,1.48509,0.07940
192.84353,-1.11217,0.07941
234.59281,0.86568,0.07942
243.89631,1.16109,0.07942
233.62760,0.09448,0.07943
201.25683,0.91335,0.07944
202.62476,1.35074,0.07944
201.51060,1.18771,0.07945
188.95310,1.22659,0.07945
182.49746,-0.89696,0.07946
185.51523,1.45861,0.07947
168.52717,-1.01090,0.07947
235.09559,0.48386,0.07947
242.71066,0.91334,0.07949
148.15677,0.30886,0.07950
187.60185,0.09316,0.07950
186.51646,-0.31398,0.07951
232.57445,-0.78902,0.07951
178.73881,-0.14919,0.07954
236.28537,-0.65897,0.07956
148.94937,0.53082,0.07957
194.11634,1.03089,0.07957
236.07088,-0.48939,0.07958
238.20342,-0.52492,0.07958
236.71773,-0.71966,0.07958
190.00239,1.15677,0.07959
190.04378,0.69985,0.07964
140.57828,0.38129,0.07964
177.40018,-1.37053,0.07964
186.77862,1.20835,0.07965
201.99640,1.44883,0.07965
203.76701,1.34730,0.07967
203.20093,1.47215,0.07968
184.62202,-0.62121,0.07969
148.37680,0.44867,0.07970
227.12534,-0.96489,0.07971
145.17458,1.40282,0.07972
242.49186,-0.10557,0.07973
235.91675,-0.06984,0.07974
184.66762,-0.25645,0.07977
232.85367,0.26454,0.07977
242.25931,-1.10493,0.07978
180.46626,-0.09434,0.07979
176.17062,-0.95351,0.07980
217.38666,-1.16622,0.07982
193.96715,0.95913,0.07982
187.91337,-0.08499,0.07983
199.10218,0.81783,0.07985
199.13570,0.87029,0.07986
180.04927,-0.34161,0.07987
198.60378,1.23425,0.07988
237.01943,-1.00759,0.07988
180.16643,-0.13441,0.07988
223.66992,0.91259,0.07989
149.67696,0.87641,0.07990
181.87867,-1.25548,0.07991
220.67841,-0.67532,0.07991
202.52128,1.39248,0.07991
190.66396,0.56964,0.07991
148.35487,0.48701,0.07994
174.13259,-0.68060,0.07994
195.86334,-0.53396,0.07994
153.84527,0.54928,0.07995
201.70891,1.35560,0.07995
221.54757,-0.23842,0.07998
201.66066,0.21521,0.07998
190.86419,0.63160,0.07998
235.84203,-0.19337,0.08000
178.36424,-1.18105,0.08003
146.05095,0.44009,0.08007
204.46619,-1.45903,0.08007
201.61828,-0.29035,0.08009
242.95485,-0.44644,0.08012
233.80468,1.08461,0.08014
202.48281,1.31287,0.08014
189.62156,1.40007,0.08016
147.30829,0.15116,0.08017
205.53075,0.92735,0.08019
177.49141,-1.23335,0.08019
160.61340,-1.02923,0.08019
242.65301,0.31254,0.08022
201.11900,-1.45404,0.08025
234.08183,1.13680,0.08026
162.95454,1.26017,0.08027
220.08559,-0.76781,0.08028
202.64450,1.31284,0.08029
232.89860,0.42613,0.08029
201.39799,1.23770,0.08031
187.08634,-1.06760,0.08031
195.30870,1.17987,0.08032
195.39665,0.60330,0.08032
168.33551,0.84152,0.08033
233.39327,0.35635,0.08033
201.57788,0.25789,0.08035
198.07889,-0.99770,0.08035
242.57873,-0.23469,0.08035
197.17070,1.02651,0.08035
205.01819,-1.48889,0.08038
160.95267,0.55745,0.08039
186.75565,1.19336,0.08043
191.77113,-0.62996,0.08043
147.73989,0.15971,0.08044
189.46177,-1.47187,0.08048
190.50585,0.47097,0.08050
187.49456,-1.21026,0.08055
233.19487,1.35350,0.08056
189.57444,1.03425,0.08057
245.85959,0.55584,0.08057
237.12166,-1.20699,0.08058
149.36300,0.98552,0.08058
243.17531,0.95479,0.08058
199.29554,0.91357,0.08058
180.17675,-0.23113,0.08059
194.32103,-0.46047,0.08059
202.07896,1.17711,0.08062
197.24161,0.90759,0.08063
213.08758,-0.15767,0.08063
198.85506,0.81867,0.08066
152.73612,1.43233,0.08067
193.31916,0.43529,0.08068
191.26023,0.89508,0.08068
160.09367,-1.06260,0.08068
233.23545,1.37081,0.08070
184.32496,-0.93180,0.08070
177.62568,-1.11428,0.08070
178.36220,-1.13571,0.08071
200.53851,1.01566,0.08075
246.04896,1.06104,0.08075
199.50979,1.11406,0.08075
232.90343,1.04163,0.08077
199.60658,-0.71071,0.08078
201.13879,1.26562,0.08079
192.52624,0.30619,0.08080
169.10584,-0.44742,0.08082
241.88324,-0.29858,0.08083
149.41265,0.33257,0.08085
203.07009,1.22322,0.08085
199.09961,0.77025,0.08086
196.28321,-0.42248,0.08086
184.57615,-0.15193,0.08086
197.60905,0.67935,0.08087
209.96561,1.29204,0.08087
196.57307,-0.18210,0.08087
246.15355,0.15347,0.08089
233.40021,0.24014,0.08089
234.64631,0.82092,0.08089
201.48902,0.45853,0.08090
129.53163,0.40968,0.08091
233.55858,0.35497,0.08092
190.73387,0.54852,0.08094
191.14702,0.52678,0.08097
147.42829,-0.84008,0.08097
180.13992,-0.19344,0.08102
189.84095,1.20697,0.08103
199.91084,-0.97789,0.08103
147.80629,-0.48122,0.08103
214.94277,-0.43729,0.08104
126.99762,-0.31134,0.08104
198.68653,0.39797,0.08105
202.35525,1.14800,0.08105
196.48018,-0.20686,0.08105
192.77813,0.23779,0.08106
201.42496,-1.38316,0.08106
200.10765,-1.46832,0.08107
182.10057,1.12415,0.08107
150.22005,1.00458,0.08107
196.72715,1.09608,0.08108
159.30545,0.14599,0.08108
210.03752,1.06113,0.08108
199.92718,-1.49415,0.08109
163.77929,0.61819,0.08110
177.95166,-0.93803,0.08111
190.70273,0.99868,0.08114
190.10125,-0.37598,0.08115
232.89541,1.11956,0.08115
148.10327,1.25291,0.08116
201.76277,1.31857,0.08118
159.69789,0.34746,0.08118
202.61577,1.35224,0.08120
233.38686,0.35844,0.08121
190.30252,0.83311,0.08121
197.24217,0.31016,0.08122
195.92449,0.26921,0.08125
161.20609,0.19319,0.08128
199.42486,1.10851,0.08128
167.17155,0.19323,0.08131
183.82523,-0.55384,0.08132
242.72458,-0.03757,0.08132
194.58536,-0.84439,0.08134
169.66211,1.06091,0.08134
199.92871,-0.89008,0.08134
197.20733,0.04712,0.08135
160.95364,0.34242,0.08136
147.40154,-0.83309,0.08137
162.30154,-0.51095,0.08137
161.94559,-0.36784,0.08138
243.45484,0.00750,0.08138
190.10366,1.03515,0.08139
233.68375,0.30967,0.08140
180.23507,0.79306,0.08141
199.66281,-0.34353,0.08142
180.02222,-0.07483,0.08144
233.44981,1.44975,0.08145
235.80532,-0.41275,0.08146
179.84038,-0.51224,0.08148
198.90967,0.02398,0.08148
201.70022,-0.32098,0.08148
234.32873,1.18205,0.08148
159.70407,0.31194,0.08149
199.28818,-0.95783,0.08150
197.14913,0.03721,0.08150
199.85954,-0.83952,0.08152
200.10445,-1.20146,0.08153
197.99461,-1.01348,0.08155
198.49422,0.02310,0.08156
235.04007,-0.77753,0.08156
243.69590,-1.07750,0.08156
195.76910,-0.19817,0.08157
203.67267,0.52764,0.08159
197.30968,-1.15496,0.08159
187.59691,-1.31281,0.08160
198.29502,-0.73300,0.08160
196.98488,-1.46480,0.08163
230.75191,0.31862,0.08164
218.44193,-1.07232,0.08165
202.49874,1.08497,0.08165
194.51103,0.30447,0.08166
199.05217,-0.03966,0.08167
192.66984,-0.88691,0.08168
167.43636,1.05973,0.08168
149.89469,1.08871,0.08169
199.80733,-0.98774,0.08170
199.56754,0.32773,0.08170
189.84692,-0.60831,0.08171
198.49846,-1.49099,0.08172
192.05095,0.31277,0.08174
196.71646,0.69051,0.08174
193.58460,-0.11592,0.08175
194.84361,1.44344,0.08176
193.49626,1.12907,0.08176
190.09160,1.04560,0.08176
192.32596,-0.55223,0.08176
198.43033,0.55926,0.08177
199.06703,0.30869,0.08177
199.70243,-0.89264,0.08178
152.65489,1.02670,0.08178
198.06466,-0.93054,0.08178
232.54947,-1.00435,0.08179
180.58551,1.19850,0.08183
149.45614,-0.26946,0.08184
191.10978,0.77830,0.08185
183.93427,-0.99735,0.08185
181.21980,-0.98750,0.08186
218.02178,-1.41352,0.08187
180.40768,1.19797,0.08189
234.26992,-0.81759,0.08190
191.77422,-0.64032,0.08190
197.88540,0.38393,0.08190
149.55554,0.56104,0.08190
199.96495,0.93037,0.08191
199.25597,-0.74389,0.08191
202.14961,0.32213,0.08191
198.49062,-1.21205,0.08193
234.32515,-0.51095,0.08193
192.24971,-0.32233,0.08194
201.53054,0.16147,0.08195
210.74569,0.03913,0.08195
212.49697,-0.37738,0.08195
196.69799,0.68887,0.08196
204.56481,0.06550,0.08197
197.32941,-0.67415,0.08198
165.60341,-0.41923,0.08200
177.77913,-0.77102,0.08200
196.79911,-0.02467,0.08201
201.84585,1.26656,0.08201
192.07522,1.05349,0.08203
195.18766,1.13599,0.08203
210.54596,0.54059,0.08204
200.19786,-0.21303,0.08206
163.50072,0.51245,0.08206
198.45010,-1.12644,0.08207
199.56707,-0.00064,0.08209
191.02526,-0.81841,0.08210
199.76843,-0.98982,0.08210
210.64709,-0.15173,0.08210
191.59730,0.18097,0.08212
201.10704,-1.08807,0.08212
183.11776,0.15799,0.08213
192.07499,0.47117,0.08214
243.39252,0.75644,0.08219
219.20287,-0.58050,0.08220
234.08318,-0.85995,0.08220
162.33458,-0.63618,0.08220
197.67717,0.49552,0.08221
192.94268,-0.93951,0.08221
219.86172,1.01748,0.08221
214.38359,-0.48489,0.08222
192.52674,-0.45410,0.08223
234.00501,1.17680,0.08225
214.69441,-1.13733,0.08226
160.88842,0.37212,0.08227
182.00912,-0.43684,0.08227
164.41717,0.33929,0.08228
183.11443,-0.10702,0.08229
199.70653,-0.41209,0.08231
224.05849,-0.17893,0.08232
183.36455,0.29195,0.08232
192.95388,-0.89806,0.08232
183.57936,1.27535,0.08233
192.18257,0.30970,0.08233
219.87043,0.68960,0.08233
201.47922,0.07547,0.08233
224.78844,1.19619,0.08235
233.35718,0.34601,0.08237
181.85632,-0.41271,0.08238
191.41870,-0.58043,0.08239
196.77924,-0.03864,0.08239
184.44655,0.59752,0.08240
212.85201,-0.27302,0.08242
191.08556,0.99156,0.08242
143.77343,-0.01890,0.08243
183.13521,0.93450,0.08243
183.06839,0.36554,0.08243
184.08644,0.43078,0.08244
233.01801,-0.58637,0.08244
191.63372,-0.64355,0.08246
208.67050,-0.08062,0.08246
199.90426,-0.76768,0.08247
150.81558,1.16220,0.08247
191.61314,0.67056,0.08248
220.92102,-1.07911,0.08249
199.57380,-0.09615,0.08250
192.82610,-0.70406,0.08251
159.31578,0.08053,0.08251
184.56593,0.73540,0.08252
230.87055,-1.21609,0.08253
196.76987,-0.03915,0.08254
149.77435,1.08662,0.08254
207.70131,-1.26578,0.08256
227.85640,-0.85598,0.08257
233.31216,0.11931,0.08257
194.97320,0.75051,0.08258
211.56682,-0.64112,0.08258
198.01841,-0.33379,0.08258
214.40901,-0.48217,0.08259
201.94226,0.96785,0.08259
142.56721,1.46328,0.08260
199.17868,-0.36967,0.08261
181.02249,1.47690,0.08261
221.62491,-0.32971,0.08261
160.92535,0.46866,0.08262
223.89241,-0.19913,0.08262
196.88078,0.14267,0.08262
159.75667,0.26432,0.08264
159.27398,-0.70872,0.08265
153.91696,0.22794,0.08265
199.83860,-1.14033,0.08265
150.63099,1.15024,0.08266
195.75125,-0.48137,0.08268
195.87064,-0.94316,0.08268
235.96890,0.44696,0.08270
194.99348,-1.17204,0.08272
233.04146,-0.64739,0.08272
158.77808,-0.03033,0.08273
198.07419,0.27980,0.08273
184.93091,0.37326,0.08273
165.66123,0.47300,0.08274
235.97286,0.26028,0.08276
192.83753,-0.56028,0.08276
201.95658,0.96604,0.08277
222.00101,-0.30077,0.08277
159.35356,-0.70440,0.08278
235.99503,0.29247,0.08281
180.19610,-0.60334,0.08285
194.84628,-1.34835,0.08285
196.15542,0.73173,0.08286
181.55644,-0.57327,0.08287
179.85927,-0.43209,0.08288
181.31332,-0.75029,0.08289
195.97858,-0.78004,0.08291
221.56912,1.24918,0.08291
238.86563,-0.34553,0.08291
193.09771,-0.36985,0.08292
239.34792,-0.41143,0.08293
191.96630,-0.62329,0.08294
165.91012,-0.64784,0.08297
211.82900,-0.15725,0.08299
200.26512,-1.21018,0.08300
212.84831,-0.84273,0.08301
195.17080,0.56066,0.08301
191.07011,0.81458,0.08303
201.27402,-1.39520,0.08303
221.69916,-1.21978,0.08304
237.59599,-0.00662,0.08304
212.15496,-0.92071,0.08305
194.76512,-1.22357,0.08307
198.03333,-1.00847,0.08308
232.13573,0.96087,0.08309
224.81857,-1.48608,0.08310
127.47999,0.83052,0.08311
219.42812,1.15146,0.08312
180.33850,-0.32636,0.08312
216.61252,-1.16880,0.08314
201.76286,1.31400,0.08316
201.93293,-0.51821,0.08316
212.20627,-0.89888,0.08317
201.95357,0.98896,0.08317
192.83593,-0.90597,0.08318
222.59571,-0.88526,0.08319
222.61680,-0.88039,0.08321
201.45597,-0.29000,0.08323
235.40748,1.42468,0.08323
191.10148,0.62864,0.08323
233.52288,-0.70147,0.08323
233.19338,-0.89345,0.08324
144.55054,-0.94187,0.08325
192.58327,-1.49740,0.08325
212.41689,-0.51900,0.08325
148.38497,-0.94143,0.08325
193.72404,-0.18292,0.08326
146.86816,-0.48679,0.08327
235.51397,1.42484,0.08327
192.05093,-1.36035,0.08329
230.92494,1.25903,0.08329
223.54572,0.16924,0.08331
166.21206,-0.68244,0.08332
195.26396,0.25594,0.08334
192.63125,0.16070,0.08334
200.51189,-1.33673,0.08338
192.07045,-0.85811,0.08339
215.09685,-0.81925,0.08342
166.61180,1.38709,0.08343
201.94064,0.99066,0.08345
199.83137,-0.94747,0.08350
191.91527,-0.53238,0.08351
145.13272,0.82720,0.08351
201.57874,0.22157,0.08351
239.85528,0.39839,0.08352
201.23639,-1.00789,0.08356
162.11961,0.66078,0.08356
223.87704,-0.42266,0.08357
192.46455,0.49384,0.08358
148.21230,-1.17346,0.08359
201.77603,0.40997,0.08362
164.21777,-0.12198,0.08363
214.07167,-0.15698,0.08363
201.06887,-0.46644,0.08363
214.04112,-0.63239,0.08364
153.50794,0.36205,0.08364
192.03605,-1.09812,0.08365
214.07898,-0.19450,0.08366
201.58026,-1.49115,0.08366
165.98684,-0.77178,0.08367
199.08750,-0.59599,0.08368
148.43474,-0.09046,0.08369
245.92996,0.44785,0.08369
167.54823,1.35807,0.08370
223.63376,-1.04016,0.08371
149.00700,-0.24103,0.08371
218.56678,-0.31383,0.08373
201.63706,0.32606,0.08375
223.69701,-0.69281,0.08375
196.24245,0.47852,0.08375
200.47702,-1.02167,0.08375
193.00418,0.27752,0.08376
215.63641,-0.59539,0.08376
233.06709,-0.60461,0.08377
199.21751,-0.99575,0.08377
211.19126,-0.81920,0.08378
155.20057,-0.98573,0.08379
180.43939,1.06877,0.08382
167.23201,1.30715,0.08386
191.58145,-0.82474,0.08388
158.81738,-0.47317,0.08389
198.09410,-0.94333,0.08390
179.79847,-0.42585,0.08390
215.09473,0.72308,0.08391
160.00706,0.52662,0.08391
148.58499,-0.94207,0.08392
202.02391,-1.42830,0.08394
148.95363,-0.09714,0.08395
232.51413,-1.44258,0.08395
224.37627,0.38258,0.08396
177.64200,0.27561,0.08397
167.57477,1.31994,0.08399
204.20183,-1.25030,0.08400
167.81818,0.88399,0.08400
218.90791,-0.42805,0.08400
219.85217,-0.31053,0.08400
142.28936,-0.84302,0.08401
245.57292,0.63456,0.08402
214.19961,0.91145,0.08403
201.26992,-1.02887,0.08403
197.96968,-1.20287,0.08404
191.34925,-1.00609,0.08404
232.22530,-0.19081,0.08405
223.96746,-0.37254,0.08406
165.06712,-1.19428,0.08407
199.77566,-0.75268,0.08408
197.18343,-0.31363,0.08409
214.17413,0.91740,0.08409
196.49285,0.05985,0.08411
155.34625,-1.08124,0.08411
180.75543,1.43799,0.08412
225.07834,0.46925,0.08413
192.04923,-0.74641,0.08414
202.25745,-1.42627,0.08414
165.08716,-1.16556,0.08414
165.42727,-1.22181,0.08415
232.84018,-0.18978,0.08416
192.57972,-0.40159,0.08416
216.07164,-0.20428,0.08418
201.74471,0.36097,0.08419
244.30597,0.01816,0.08420
197.17488,1.45831,0.08420
196.48179,-0.75141,0.08420
196.62346,-0.79739,0.08421
197.05085,1.05162,0.08422
202.52902,0.50962,0.08423
221.71664,-0.53532,0.08423
223.35794,-0.99246,0.08424
198.35729,-1.12622,0.08424
223.83562,-0.27521,0.08427
248.21895,-0.42615,0.08429
216.98933,0.58895,0.08431
196.46735,-0.72374,0.08433
188.25218,0.00202,0.08433
163.15049,-0.91726,0.08434
197.57427,-0.67377,0.08437
151.44612,-1.24569,0.08437
224.39355,0.29233,0.08438
232.60799,-1.43227,0.08438
198.18758,-1.20061,0.08440
235.39571,0.95096,0.08443
149.07118,-0.10311,0.08444
179.69515,-0.28181,0.08444
217.02088,0.05567,0.08446
233.43893,-0.62983,0.08447
179.53947,-0.59532,0.08447
151.61124,-0.55037,0.08447
167.59284,0.70896,0.08448
200.84351,0.69885,0.08450
216.31906,-1.13125,0.08451
198.28289,-0.93065,0.08451
141.08641,1.42195,0.08451
244.19188,1.04876,0.08454
235.32537,1.08294,0.08454
216.39317,0.33248,0.08456
230.78599,0.01725,0.08457
234.93923,1.44430,0.08457
200.92518,0.69367,0.08457
235.32886,1.10367,0.08458
217.10862,0.31275,0.08460
192.06661,-1.06083,0.08460
164.75546,0.60452,0.08460
235.14337,0.94564,0.08460
151.32123,-0.70273,0.08460
199.75809,-0.66221,0.08462
214.37528,-0.49579,0.08464
148.97240,0.09481,0.08464
239.52073,-0.58501,0.08466
212.86361,1.45483,0.08466
147.31446,0.17484,0.08467
197.28867,-0.61335,0.08467
163.52302,-1.20969,0.08468
203.64159,1.06025,0.08469
148.90844,0.00876,0.08472
164.88487,0.49023,0.08473
149.10447,-0.90769,0.08474
180.54957,1.16004,0.08476
196.49335,-0.37388,0.08477
151.04866,-1.02297,0.08477
199.67619,-0.79229,0.08478
223.71078,-0.49552,0.08479
153.93459,-0.25285,0.08486
189.39286,-0.55504,0.08488
202.87405,1.24541,0.08488
234.80654,0.70115,0.08488
233.14405,-0.55534,0.08488
158.97260,-0.32811,0.08489
193.86942,-1.46553,0.08496
165.17129,0.46202,0.08496
204.24000,-1.25013,0.08496
149.18782,-0.68220,0.08496
166.02752,-0.34780,0.08497
216.97831,0.71537,0.08499
201.01515,-0.87674,0.08499
225.23198,0.18382,0.08499
189.55973,-0.65943,0.08500
191.10014,0.80604,0.08501
197.04786,-1.24657,0.08503
246.82222,0.13247,0.08505
188.33919,1.05925,0.08506
164.09073,0.87756,0.08506
236.15971,0.97759,0.08506
161.16937,-0.32897,0.08509
127.65014,0.94078,0.08509
245.06013,0.66337,0.08510
211.98104,0.41492,0.08511
202.51075,0.90809,0.08513
203.65599,1.07059,0.08517
148.05870,0.23594,0.08518
214.62269,-0.52193,0.08520
146.78188,0.70442,0.08526
180.31144,0.93983,0.08527
239.26164,-0.04163,0.08527
149.66768,-0.77062,0.08532
204.71159,1.09054,0.08532
188.63295,1.34480,0.08536
232.77340,-0.10353,0.08536
233.11982,-0.49068,0.08536
223.80673,-0.72012,0.08537
130.25906,1.08422,0.08538
181.28265,1.37027,0.08538
232.37346,-0.27051,0.08539
198.15410,-1.19750,0.08540
201.32601,-1.00838,0.08540
149.33123,-1.00333,0.08542
127.65340,-0.33631,0.08542
197.14359,-1.32643,0.08542
203.83554,-1.43994,0.08543
238.93185,-0.15252,0.08544
194.91857,-1.36547,0.08548
203.72003,0.02720,0.08551
232.49568,0.12251,0.08552
245.36747,0.60325,0.08554
245.96189,0.48676,0.08556
197.39586,-1.16375,0.08556
192.19135,-0.43838,0.08557
158.72842,0.98941,0.08557
146.76759,1.07471,0.08557
180.20809,0.57105,0.08558
176.93616,0.38095,0.08560
235.04915,0.98570,0.08562
201.63413,0.46683,0.08563
246.70168,0.19850,0.08564
203.97007,-1.25235,0.08566
199.05782,-0.63721,0.08567
244.39276,0.53400,0.08567
246.11540,1.16275,0.08570
232.90483,-0.67393,0.08571
165.31251,0.31982,0.08571
203.79520,0.20722,0.08571
148.13452,0.23582,0.08572
198.02885,-0.83180,0.08572
231.68700,0.75691,0.08576
154.43770,-0.73230,0.08578
199.58341,-1.09167,0.08578
207.23621,0.25537,0.08579
203.59458,1.34249,0.08579
199.59322,-0.69820,0.08580
216.50895,1.47364,0.08580
198.01401,-0.73868,0.08582
161.39503,-0.42577,0.08584
232.98065,-0.28536,0.08584
197.94952,-0.33123,0.08585
196.66124,-0.43542,0.08587
214.15090,-0.88275,0.08587
196.83233,-1.10497,0.08589
196.67623,-0.97365,0.08590
236.82273,0.69165,0.08593
198.89264,-0.47722,0.08594
161.36207,-1.19742,0.08598
203.84493,0.29598,0.08601
180.14577,0.92153,0.08602
199.77708,-1.26419,0.08603
201.34508,-1.00499,0.08603
216.47466,1.20396,0.08604
166.37253,0.53423,0.08606
161.39140,1.29630,0.08606
147.12735,0.50446,0.08606
204.10667,1.06871,0.08606
225.62474,0.12737,0.08607
201.40158,0.80351,0.08607
246.81555,0.01416,0.08608
205.55087,-0.29379,0.08609
196.24295,-1.09059,0.08611
245.94575,0.37570,0.08614
203.76894,-0.30639,0.08614
204.88253,0.69499,0.08617
203.81392,-0.46949,0.08620
197.12466,-1.28669,0.08621
149.21064,1.33870,0.08621
226.05499,0.39463,0.08624
203.85938,0.25606,0.08624
234.35981,0.58408,0.08626
149.01119,-0.08003,0.08626
197.59979,-0.67827,0.08627
247.57371,0.42411,0.08627
155.76190,-0.98487,0.08627
232.73309,-1.48482,0.08627
150.46339,-0.68125,0.08628
192.40604,-1.23870,0.08628
194.70132,-0.86306,0.08629
225.03498,0.39835,0.08631
204.18592,1.30959,0.08631
191.88920,0.09920,0.08637
192.03870,-0.67649,0.08637
199.83306,-0.89913,0.08638
203.72778,-1.45000,0.08638
203.54493,-1.10188,0.08640
195.88521,-1.18054,0.08640
201.20995,1.08222,0.08640
246.61764,0.11072,0.08641
202.06466,-1.44593,0.08642
195.76528,-0.52533,0.08646
195.48940,-0.85824,0.08646
146.77792,1.03963,0.08649
180.79133,0.31924,0.08649
232.92179,-0.29650,0.08650
139.74409,1.14654,0.08650
149.11525,0.30553,0.08655
195.72519,-0.97399,0.08656
205.27985,-0.42132,0.08657
208.94884,0.81280,0.08657
225.29113,-0.89025,0.08657
180.04239,0.70718,0.08658
205.29944,-0.55214,0.08659
202.75321,-1.26631,0.08659
149.32467,0.96515,0.08660
232.55202,0.54601,0.08660
224.14781,-0.99150,0.08663
203.56332,-1.08052,0.08666
232.82285,0.15903,0.08668
205.19545,-0.66963,0.08668
202.75822,-0.99274,0.08669
191.70609,0.31574,0.08670
232.66483,-0.25618,0.08673
131.75030,1.33269,0.08673
217.45480,0.52229,0.08674
191.77121,0.24566,0.08674
192.11895,-0.93432,0.08675
205.43858,0.86501,0.08675
232.81477,0.31289,0.08676
245.52815,0.54980,0.08677
224.68306,-1.09675,0.08682
225.73340,0.13281,0.08685
161.48540,-1.20619,0.08688
205.49766,-0.57942,0.08689
206.58317,-1.29278,0.08690
245.49939,0.24389,0.08691
232.10217,0.20776,0.08693
161.45057,-1.22256,0.08694
224.79620,-0.08779,0.08695
228.25991,1.43190,0.08696
202.12862,-1.28243,0.08696
198.05692,-0.43899,0.08696
232.29300,-0.17666,0.08696
149.33862,1.00367,0.08697
183.02984,0.55053,0.08697
160.25756,-0.95243,0.08698
148.81109,0.28005,0.08698
217.61878,0.17258,0.08698
149.38738,0.66817,0.08699
206.31496,-0.14187,0.08699
224.73339,-0.19769,0.08700
232.91371,-1.12166,0.08700
213.71023,-0.54265,0.08702
247.47390,0.55509,0.08704
152.76210,-0.88768,0.08704
166.68821,-1.21510,0.08704
227.13328,-0.26746,0.08706
139.71581,1.10563,0.08706
191.71956,0.23117,0.08708
202.64861,-0.70168,0.08709
204.98513,-0.50036,0.08711
232.56749,-0.03655,0.08713
204.92101,0.45932,0.08713
150.00364,0.53229,0.08715
153.32776,1.06818,0.08717
205.83217,0.74952,0.08717
204.34595,0.22803,0.08718
203.28681,-1.43152,0.08719
224.81135,-0.12926,0.08721
192.16641,-0.86575,0.08721
149.33706,0.70044,0.08722
228.41637,1.26254,0.08724
149.78860,0.87653,0.08724
206.28785,-0.18006,0.08726
149.46280,-0.23992,0.08728
232.78445,0.12356,0.08730
149.95657,0.83227,0.08730
231.97024,0.11648,0.08731
232.16656,-0.13536,0.08732
132.76092,0.65272,0.08733
217.68806,0.77545,0.08737
141.53620,-0.16580,0.08739
226.14133,0.33636,0.08739
191.64341,0.40100,0.08740
142.09576,0.32814,0.08741
206.27857,-0.15188,0.08744
133.85881,1.00429,0.08744
226.21437,0.78364,0.08746
224.09964,0.40018,0.08747
231.17684,1.25666,0.08751
134.18957,0.26279,0.08752
143.74433,1.28526,0.08752
227.92965,0.05594,0.08754
206.80598,0.28228,0.08756
139.99372,0.27032,0.08760
205.53751,0.87070,0.08761
232.36815,-0.99773,0.08761
141.94223,0.86851,0.08761
140.00291,1.26799,0.08762
249.94979,0.41629,0.08762
138.10667,0.34667,0.08764
149.98555,0.62216,0.08765
227.32356,-0.19304,0.08766
205.77173,-0.11095,0.08767
205.43642,0.34211,0.08768
227.69146,1.00329,0.08768
143.42897,1.28879,0.08769
150.42345,-0.17359,0.08770
232.77958,0.48741,0.08770
170.17279,-0.61392,0.08770
167.13394,0.72512,0.08771
149.58135,-0.30625,0.08771
142.07969,1.06564,0.08772
149.96619,-0.34526,0.08772
201.58487,0.26913,0.08774
204.68464,-0.75302,0.08775
204.94902,-0.75946,0.08777
231.94809,0.26920,0.08777
141.67254,-0.35747,0.08777
227.54909,0.85835,0.08777
139.74081,1.14893,0.08778
144.04415,0.27199,0.08781
194.96077,-1.19117,0.08782
206.40427,0.08740,0.08783
191.69772,0.11744,0.08784
232.64872,-1.12552,0.08784
125.39042,1.16190,0.08785
232.48863,-0.15761,0.08787
168.23125,-0.74901,0.08788
227.11786,-0.26460,0.08790
208.73787,-0.66011,0.08792
224.54242,1.21758,0.08792
199.78051,-0.70446,0.08792
143.62986,0.68684,0.08793
140.29553,0.81747,0.08793
206.26361,-0.23320,0.08793
143.62608,1.35166,0.08795
217.42493,-1.00326,0.08797
143.79759,0.68210,0.08801
199.79076,-0.97094,0.08806
218.10623,-0.35362,0.08807
143.73469,1.36038,0.08807
134.17631,1.03739,0.08808
149.12806,0.08363,0.08811
192.19429,-0.35778,0.08811
231.69140,0.67974,0.08812
219.03646,1.38993,0.08813
139.76957,0.75092,0.08814
145.34998,-1.25386,0.08817
227.36738,-0.26748,0.08818
134.12810,1.08333,0.08819
227.07525,-0.21607,0.08820
143.40153,1.27529,0.08820
232.04274,-0.81182,0.08822
163.74719,1.38642,0.08822
149.00909,0.44023,0.08824
203.81026,0.29952,0.08825
143.39729,0.37378,0.08826
205.49344,-1.38840,0.08828
157.50851,-0.62205,0.08831
125.62719,0.73546,0.08833
238.67239,0.54759,0.08834
206.11613,-0.16662,0.08834
157.48284,1.13080,0.08839
206.81864,0.38681,0.08840
208.17227,-1.22409,0.08841
145.47929,-1.05343,0.08842
227.10425,-0.26863,0.08843
207.22162,0.99774,0.08845
206.37043,-0.79829,0.08846
205.28608,-0.74485,0.08847
196.94746,-1.06511,0.08848
168.77259,-0.52281,0.08849
191.59583,0.47775,0.08851
149.06944,-0.55500,0.08851
191.55634,-0.89499,0.08852
232.28502,1.00105,0.08853
206.09783,-0.04353,0.08854
235.99389,0.39262,0.08856
232.29601,-0.20557,0.08857
191.98103,-0.31498,0.08858
191.85824,0.18171,0.08859
232.30105,1.12490,0.08859
123.04575,0.27810,0.08860
209.27662,-1.26033,0.08861
157.45999,0.98741,0.08866
196.91298,-0.49232,0.08868
206.39355,0.24094,0.08868
147.66865,1.27291,0.08869
227.23379,0.72077,0.08871
125.52152,1.27357,0.08871
191.97482,0.07392,0.08871
191.07630,0.84774,0.08872
218.31054,-0.62965,0.08873
227.44273,0.59280,0.08874
231.79604,1.12930,0.08874
124.08943,0.74705,0.08875
205.52166,-0.22739,0.08876
190.98507,-1.17381,0.08877
190.90628,1.38449,0.08881
206.12215,-0.03242,0.08881
157.59696,0.96899,0.08881
232.92641,-1.29785,0.08883
200.18473,-1.47268,0.08883
211.03176,1.09988,0.08883
191.76422,-1.30795,0.08886
206.43645,-1.35078,0.08886
206.16311,0.04028,0.08886
218.28565,-0.57919,0.08887
191.99685,-0.20228,0.08887
199.83595,-0.76239,0.08888
149.47757,-0.39720,0.08888
218.31288,-0.82460,0.08890
191.23451,0.63733,0.08890
177.96705,1.10167,0.08890
157.65956,1.40444,0.08890
206.37669,0.34336,0.08892
125.41718,1.27378,0.08893
237.97469,0.02740,0.08893
206.34306,-1.13425,0.08894
192.07109,-0.26104,0.08898
237.64949,1.12997,0.08898
157.49127,1.09509,0.08899
227.77163,-0.03007,0.08899
231.22138,0.82976,0.08899
191.77659,0.31712,0.08901
186.03925,1.22676,0.08906
206.47289,0.41115,0.08906
185.07438,0.94967,0.08911
139.76734,1.17937,0.08914
227.27878,0.40253,0.08915
140.12633,1.32292,0.08917
207.12202,0.79184,0.08917
227.41139,0.68041,0.08918
206.29076,0.21644,0.08919
202.41548,-1.47840,0.08919
206.73558,0.31623,0.08920
143.92472,-0.08636,0.08920
206.84154,-0.07820,0.08921
184.73929,0.81261,0.08921
233.11493,-0.72626,0.08922
157.75545,1.01535,0.08922
206.76869,0.37437,0.08923
151.63530,0.33651,0.08924
237.78511,-0.54984,0.08925
192.25849,-1.38827,0.08929
190.48450,-1.14227,0.08930
232.34628,1.14560,0.08930
237.33671,1.22110,0.08932
191.93077,-0.15198,0.08933
193.14543,-0.21030,0.08933
157.32605,0.97399,0.08933
205.48255,-0.38726,0.08937
205.97267,0.14294,0.08940
227.86804,-0.06623,0.08941
191.15991,0.93435,0.08941
148.45399,-0.79594,0.08941
184.07200,-1.16266,0.08941
205.48679,-0.31538,0.08942
163.90884,0.91984,0.08944
148.86002,0.74860,0.08944
195.95198,-0.96599,0.08945
211.13146,-0.61380,0.08945
226.58171,-0.84208,0.08945
232.25087,-0.38604,0.08946
163.15732,1.25942,0.08947
229.93194,1.48255,0.08953
191.38159,0.90171,0.08954
191.07054,-0.45517,0.08957
161.24962,1.48539,0.08958
191.95647,-0.19531,0.08958
206.83858,1.23155,0.08958
231.18466,-0.44140,0.08959
190.53699,1.06493,0.08960
232.72653,-1.45527,0.08961
178.70360,1.31555,0.08963
124.16004,1.39734,0.08963
148.38183,-1.20661,0.08964
232.21620,0.06899,0.08967
206.71681,-1.33008,0.08971
230.22302,1.38111,0.08974
227.75092,-0.05888,0.08976
148.43988,-1.07023,0.08978
218.92183,-1.01968,0.08983
205.43743,-0.17223,0.08983
198.00346,-0.43668,0.08984
144.11027,0.03177,0.08984
189.68847,-1.01820,0.08986
142.94946,-0.68515,0.08990
233.60794,1.07702,0.08990
146.10554,-0.28542,0.08990
242.82935,-0.09438,0.08993
197.85878,-0.54265,0.08995
189.42884,-1.02860,0.08996
162.81786,0.47605,0.08997
227.54745,-0.80762,0.08999
153.42155,0.06742,0.08999
190.82670,0.36027,0.09000
206.19004,0.09223,0.09001
149.45000,-0.43307,0.09004
191.77807,0.20957,0.09008
191.30512,0.63465,0.09009
150.29700,-0.13348,0.09009
204.59409,0.41281,0.09012
191.55036,-0.87665,0.09014
232.34766,-0.48574,0.09015
227.32750,-0.23997,0.09015
167.69050,1.24390,0.09018
230.36997,-1.03322,0.09021
191.16825,1.14617,0.09022
196.74425,-0.38697,0.09026
143.72839,0.08826,0.09027
143.18675,-0.18253,0.09031
229.09685,0.67007,0.09032
144.63671,0.49259,0.09033
230.25440,1.43643,0.09034
149.62083,0.57480,0.09034
144.63462,0.08370,0.09035
148.50864,-0.89222,0.09035
227.02859,-0.15851,0.09037
144.32949,0.03895,0.09038
167.71908,-1.03051,0.09038
175.54393,0.14421,0.09040
206.81160,0.39930,0.09041
236.39884,0.15754,0.09041
205.35874,-0.41231,0.09042
148.26946,-0.85666,0.09043
230.53690,0.79845,0.09043
191.26911,0.84842,0.09044
168.32126,-0.09031,0.09044
247.97417,0.47368,0.09046
227.14276,-1.36513,0.09046
123.74304,1.00640,0.09046
249.94913,0.15251,0.09047
143.68428,0.07422,0.09048
197.90333,-0.48308,0.09048
154.94625,-0.64957,0.09051
145.44549,-0.12268,0.09054
233.75317,1.20894,0.09058
146.60721,-1.24075,0.09060
197.91811,-0.43398,0.09061
144.67877,0.03019,0.09061
148.70444,1.00976,0.09066
217.92053,-1.49801,0.09067
190.79016,0.50944,0.09067
248.89417,0.65238,0.09071
218.65191,0.25879,0.09072
162.90464,-0.16659,0.09074
191.92702,-0.14023,0.09074
227.19639,0.55879,0.09075
236.44329,0.06637,0.09075
162.41683,0.43751,0.09079
158.01392,-0.20594,0.09085
188.78280,0.51678,0.09086
145.39406,0.35570,0.09089
233.41842,1.28213,0.09090
180.63046,1.35716,0.09093
188.98589,0.51176,0.09093
225.38806,1.28833,0.09096
167.80573,1.26659,0.09101
145.34432,-0.01692,0.09103
147.75520,-0.86807,0.09104
149.10248,-0.93702,0.09104
228.39387,0.29493,0.09108
188.25801,0.35175,0.09109
217.97365,-1.47555,0.09114
217.95356,-1.49706,0.09116
191.30957,1.14192,0.09117
189.91188,0.01906,0.09117
196.48022,0.63221,0.09117
227.90504,-0.22344,0.09118
228.49615,0.34575,0.09121
227.83314,-0.04058,0.09124
227.87387,-0.15516,0.09125
150.00629,-0.23570,0.09127
206.34718,-0.49582,0.09127
192.06372,1.00597,0.09127
191.69011,0.31625,0.09127
207.81102,1.40733,0.09133
147.80753,-0.88460,0.09134
120.90509,0.52906,0.09134
188.93407,-0.74049,0.09137
189.83026,1.43877,0.09138
228.79106,0.48053,0.09142
167.36089,-0.12828,0.09145
229.90549,0.44346,0.09147
150.14725,-0.04977,0.09147
226.02497,1.19974,0.09147
229.22228,0.05225,0.09150
217.87080,-1.44350,0.09152
230.28285,1.42306,0.09153
228.60738,0.70950,0.09154
153.38089,-0.08284,0.09155
139.49749,0.61166,0.09159
162.50613,0.47235,0.09159
196.54960,1.02398,0.09160
234.64072,0.90847,0.09167
234.03890,1.11090,0.09167
229.45615,1.18105,0.09167
228.07695,-0.25690,0.09168
181.92631,0.51881,0.09170
238.29399,0.53877,0.09175
221.90448,1.34220,0.09179
223.30727,0.65653,0.09180
228.17039,-0.20837,0.09180
227.32053,0.62436,0.09180
156.50839,1.45564,0.09181
181.78691,0.40646,0.09181
161.97013,0.21597,0.09184
185.79970,0.56794,0.09184
229.00456,1.15249,0.09187
187.43150,0.65180,0.09188
245.28303,-0.40316,0.09190
245.94144,-0.74755,0.09193
149.14242,-0.37242,0.09193
188.03694,-0.58983,0.09200
187.59275,-1.15334,0.09210
167.76676,1.16596,0.09211
228.31174,0.76047,0.09213
228.23488,0.75829,0.09214
150.36748,-0.12579,0.09215
175.45678,0.21599,0.09215
228.45668,0.35941,0.09215
150.35208,1.12320,0.09217
245.18002,0.23195,0.09217
226.65554,1.22915,0.09217
150.26710,-0.22576,0.09226
227.72512,-0.15127,0.09227
207.83776,1.39216,0.09229
226.67950,-0.40941,0.09230
147.96518,-0.94934,0.09230
167.54081,-0.05033,0.09230
149.91115,0.65230,0.09230
227.12072,-0.29248,0.09231
227.01618,-0.18707,0.09231
153.47304,-0.09414,0.09232
149.49877,0.74900,0.09232
181.76754,0.18477,0.09235
184.34680,0.34913,0.09236
175.41034,0.27325,0.09238
248.17319,-1.08704,0.09241
150.63571,-0.46380,0.09244
192.11041,-0.14614,0.09246
180.53517,-0.23694,0.09248
234.40709,0.96592,0.09248
160.79045,-0.29734,0.09249
184.39970,0.39669,0.09251
148.87897,1.48257,0.09252
197.09973,0.75780,0.09252
227.77346,0.01392,0.09253
228.90507,-0.42639,0.09253
235.68478,0.51907,0.09255
154.94421,-0.58713,0.09257
148.99046,0.48362,0.09258
229.21195,1.01128,0.09258
228.24733,0.43136,0.09259
184.75349,0.90259,0.09260
150.64046,0.85941,0.09260
232.74153,1.13226,0.09260
217.90939,-0.17477,0.09261
150.98257,-0.40216,0.09263
151.76100,-0.99748,0.09265
228.35388,0.82258,0.09268
148.30796,0.62855,0.09272
228.48859,0.23714,0.09275
156.89741,-0.75627,0.09277
154.72089,-0.10274,0.09277
154.69780,-1.01663,0.09279
227.18619,-0.24340,0.09280
149.72323,0.68754,0.09281
235.61630,0.47053,0.09284
235.74442,0.54358,0.09284
137.79056,-0.07327,0.09286
243.68984,0.34882,0.09287
237.60112,0.37635,0.09289
234.68319,1.02749,0.09289
153.37605,0.14789,0.09290
176.65314,-1.35478,0.09290
230.11539,-0.30331,0.09291
245.59753,0.46779,0.09293
245.23432,0.21525,0.09293
227.05417,-0.36399,0.09294
232.70034,0.96430,0.09296
232.66546,1.01783,0.09301
149.19869,-1.05644,0.09301
198.69049,-0.50787,0.09301
150.35803,1.03893,0.09302
244.40638,-0.23087,0.09304
247.15477,-0.79057,0.09304
176.07471,-1.21479,0.09305
170.33966,0.76003,0.09305
167.80003,0.73650,0.09305
226.65958,1.24276,0.09305
238.18207,0.60530,0.09305
192.66901,-1.36137,0.09306
162.50331,0.86022,0.09307
238.37772,0.62737,0.09309
156.57685,-0.17273,0.09309
226.18670,-0.67670,0.09311
238.92737,0.74679,0.09314
192.70160,0.41331,0.09315
227.87629,-0.29491,0.09315
151.92988,-0.74043,0.09316
147.52494,0.53880,0.09317
134.50309,1.14241,0.09318
155.85284,-0.16561,0.09318
243.68898,0.23931,0.09318
191.90822,0.05749,0.09320
188.24743,1.06582,0.09320
156.15419,0.82338,0.09320
162.60642,-0.33614,0.09320
152.20490,-0.79132,0.09322
244.59460,-0.76973,0.09326
155.69572,-0.30429,0.09326
154.90382,-0.76465,0.09330
239.81571,0.36987,0.09331
150.20372,0.54138,0.09332
176.16409,0.74958,0.09335
217.92306,-1.37701,0.09335
147.59101,0.73643,0.09335
150.32904,0.91236,0.09338
201.16651,-1.06192,0.09340
212.93442,0.98128,0.09345
227.06371,-0.22098,0.09347
135.65324,1.32024,0.09348
155.50957,-1.24811,0.09349
174.48682,0.89401,0.09349
135.99000,-0.43415,0.09350
188.03169,1.11299,0.09351
191.93883,-0.15615,0.09351
147.90535,0.41213,0.09351
241.88044,-0.49935,0.09351
239.85233,0.36213,0.09352
232.22365,0.15801,0.09355
174.44830,0.42524,0.09356
152.03315,0.64054,0.09356
183.77777,0.34097,0.09357
232.31476,0.20674,0.09357
210.18909,-0.62316,0.09357
227.20909,-0.39684,0.09357
233.43688,0.74140,0.09358
155.92672,0.10011,0.09360
150.16656,1.06850,0.09363
238.57203,0.27040,0.09367
219.97467,-0.14133,0.09368
136.04584,1.43638,0.09369
238.53995,0.67638,0.09370
156.43190,1.15525,0.09374
137.33184,-0.70661,0.09374
167.60921,0.30974,0.09375
149.44566,-0.69583,0.09377
216.37999,0.72345,0.09378
120.40201,0.52590,0.09378
199.11401,-0.67913,0.09379
155.84117,0.17408,0.09381
148.27844,1.24977,0.09382
162.59982,0.95008,0.09383
154.00391,0.04433,0.09384
245.87548,-0.43837,0.09384
180.99828,-1.04489,0.09389
191.99824,-0.19239,0.09389
191.96846,0.01251,0.09391
120.51807,0.45375,0.09392
183.94215,-0.97142,0.09393
180.49180,-0.32010,0.09395
159.31003,-0.70860,0.09398
154.41195,-0.39887,0.09398
180.49353,-0.38743,0.09399
241.91228,-0.43558,0.09402
177.65795,1.34369,0.09403
162.08059,0.25688,0.09403
148.42935,0.57138,0.09404
121.38264,1.28232,0.09404
162.65162,-0.36367,0.09406
232.22071,0.15910,0.09407
181.68299,-0.20424,0.09408
154.42049,0.44346,0.09409
180.69267,-0.24722,0.09409
227.83085,-0.01696,0.09411
150.33174,0.96927,0.09413
163.01341,-0.06060,0.09413
148.31696,0.66817,0.09414
153.09669,1.14225,0.09416
152.46378,-0.54663,0.09417
137.26386,0.34199,0.09418
150.39506,-1.03676,0.09419
160.67919,0.89766,0.09421
137.03856,0.00673,0.09422
244.58133,-0.67598,0.09422
200.91323,-0.75315,0.09423
152.03656,0.50500,0.09426
163.45351,0.34185,0.09426
237.18189,-0.24685,0.09427
173.34733,1.12375,0.09429
235.75534,0.55765,0.09429
237.15397,1.09239,0.09430
154.10014,-0.10589,0.09431
178.21875,1.25257,0.09432
234.01454,0.63037,0.09437
159.81600,-0.79964,0.09437
154.55112,0.22110,0.09437
194.27153,-0.25500,0.09437
148.39516,0.59630,0.09438
138.07916,1.19358,0.09439
177.93817,1.47143,0.09439
228.44966,0.59492,0.09445
151.95666,0.77693,0.09446
154.71769,-0.61894,0.09450
173.02634,1.30249,0.09451
227.34405,0.16892,0.09451
163.22643,-0.77260,0.09453
150.26849,-0.54232,0.09454
233.32389,0.76709,0.09455
235.40944,-0.10091,0.09456
233.32683,0.58984,0.09456
152.71750,1.44983,0.09457
241.18194,-0.52310,0.09458
167.77740,1.11261,0.09459
151.83307,-0.30797,0.09460
211.18897,-1.24649,0.09460
154.53503,0.29699,0.09463
212.98101,1.11069,0.09464
159.88894,-0.83353,0.09465
160.82207,0.60207,0.09466
234.29163,-1.44004,0.09467
154.75128,-1.03808,0.09467
226.10056,0.81697,0.09467
157.23437,-0.03395,0.09467
198.66940,-0.44570,0.09467
155.95351,-0.17093,0.09468
154.91467,-0.67297,0.09470
179.67529,-0.21418,0.09471
154.74677,-1.13574,0.09472
152.36182,1.17538,0.09475
148.33459,1.37581,0.09479
139.36951,1.49001,0.09480
154.09699,-0.08044,0.09483
228.70087,-0.50945,0.09484
148.38996,0.92365,0.09485
162.73883,0.28112,0.09486
170.52970,-0.09087,0.09486
197.72270,0.18096,0.09487
155.89036,0.20062,0.09487
151.15597,-0.70695,0.09488
155.82748,-0.42931,0.09489
136.83579,0.10839,0.09490
227.31960,-0.34120,0.09491
180.15704,0.02390,0.09491
150.22709,-0.03111,0.09492
193.30112,-0.88259,0.09492
154.78614,-1.02955,0.09492
152.12012,0.69723,0.09493
159.70146,-0.17474,0.09494
159.76787,0.09794,0.09497
233.96606,0.38029,0.09497
136.62052,-0.17438,0.09498
157.41687,-0.03598,0.09498
159.85166,1.44252,0.09499
137.71442,1.26689,0.09500
154.67568,-1.24528,0.09502
241.09058,-1.10367,0.09502
136.60418,-0.23779,0.09503
152.35484,-0.12972,0.09505
164.63417,0.51459,0.09508
192.68641,-0.64388,0.09508
235.27115,-0.34192,0.09509
197.42192,0.01035,0.09510
168.61871,-0.06129,0.09510
151.95845,-0.02019,0.09511
177.16529,0.02896,0.09514
184.04263,-0.54245,0.09515
157.22136,0.11164,0.09516
148.85481,0.54131,0.09519
227.02519,-0.32959,0.09523
147.43725,-0.34210,0.09524
177.44094,-0.05702,0.09524
155.22216,0.35798,0.09525
162.03917,-1.16086,0.09527
179.21008,0.16365,0.09527
181.62261,-0.55773,0.09528
212.39787,0.99451,0.09530
154.35581,-0.77419,0.09532
227.60236,0.82926,0.09532
153.65466,-0.38769,0.09532
197.57332,-0.12387,0.09533
154.98067,0.54542,0.09533
159.00777,-0.63013,0.09536
152.09345,-0.85959,0.09536
234.93312,-1.41328,0.09536
150.94168,-0.62594,0.09537
156.02952,0.31239,0.09538
167.83219,0.13166,0.09539
179.68703,0.58907,0.09540
212.15873,1.34525,0.09540
165.79471,0.67954,0.09541
199.67780,-1.06790,0.09542
214.58771,-0.74518,0.09546
233.74282,0.84767,0.09547
193.62887,-0.63971,0.09548
179.56681,1.21596,0.09548
217.91407,0.81540,0.09549
227.37865,0.51328,0.09549
182.18677,0.20598,0.09549
199.87063,-0.34180,0.09550
182.72185,-0.41482,0.09550
154.81775,-1.12152,0.09551
152.15599,0.99031,0.09551
165.50618,-0.02128,0.09551
237.45397,-0.42316,0.09552
152.10502,0.17592,0.09553
221.79582,0.83426,0.09556
158.95579,-0.60437,0.09557
197.87400,0.72204,0.09558
183.34102,0.24487,0.09560
234.44671,-0.34947,0.09561
152.25668,0.05030,0.09561
179.26875,0.55682,0.09562
162.50156,-0.34001,0.09562
162.60564,-0.33643,0.09562
213.03447,-0.02765,0.09564
152.08120,0.08107,0.09566
154.58005,0.36581,0.09566
159.24389,0.77231,0.09567
153.58794,-0.50769,0.09567
217.57381,0.31432,0.09567
179.98679,1.28841,0.09569
157.08694,0.55992,0.09569
227.11953,0.08426,0.09569
197.10934,1.40800,0.09572
154.39617,0.08903,0.09572
159.11975,1.31391,0.09574
236.18613,-0.48881,0.09577
151.37220,-0.59823,0.09578
228.07588,1.12168,0.09578
152.22999,-0.06797,0.09579
129.23921,1.16817,0.09581
155.04727,0.43328,0.09581
197.56837,1.12180,0.09581
154.12199,-0.72430,0.09582
237.20220,-0.00043,0.09584
151.85429,0.18631,0.09585
168.18664,0.71917,0.09587
139.98054,-0.99802,0.09588
152.38170,-0.04092,0.09589
153.56032,0.29905,0.09590
160.07887,-0.68871,0.09592
193.62529,-0.68249,0.09593
153.42598,-0.12378,0.09595
197.72821,0.17968,0.09595
152.02664,-1.07246,0.09597
181.49137,-0.95459,0.09598
160.02161,-0.61435,0.09598
166.33610,0.88809,0.09599
153.33621,0.11542,0.09599
152.34487,-0.37480,0.09599
152.25922,0.11169,0.09599
181.37450,-1.08185,0.09599
155.17618,0.65540,0.09600
156.68762,0.08453,0.09604
165.82067,0.67909,0.09606
165.87905,0.41599,0.09607
156.48416,1.17869,0.09607
197.76290,0.05218,0.09608
162.53795,-0.29678,0.09609
157.38230,0.51308,0.09610
163.51056,-1.17254,0.09613
169.47203,-0.00744,0.09613
150.94928,0.33108,0.09614
217.55861,0.50983,0.09619
158.06421,0.98626,0.09621
155.32997,0.72230,0.09624
150.78478,0.17521,0.09626
157.45878,0.63558,0.09626
166.57039,1.18410,0.09629
158.62141,1.48103,0.09629
170.72122,-0.18778,0.09630
162.63653,0.75335,0.09636
232.99496,-1.38347,0.09636
193.67065,-0.39204,0.09637
158.34728,0.15808,0.09638
157.46493,0.50080,0.09638
162.27035,0.78297,0.09639
167.73818,1.30047,0.09639
159.37678,-0.20221,0.09639
158.07158,0.98687,0.09641
149.84008,1.19699,0.09642
121.06160,1.00644,0.09643
130.65537,0.81120,0.09644
156.19619,-0.27355,0.09646
154.86695,0.22232,0.09649
225.80632,0.70295,0.09649
158.33909,1.05340,0.09651
196.85954,0.96509,0.09651
151.75937,0.47179,0.09652
197.27106,0.34810,0.09656
152.38803,-0.00951,0.09656
197.09801,-1.25983,0.09658
236.24733,-1.33458,0.09658
168.03745,0.65944,0.09660
152.14777,0.16602,0.09660
193.06099,-0.50437,0.09662
155.52213,0.42386,0.09662
228.05931,1.14724,0.09663
196.84536,0.74176,0.09665
131.94238,0.08431,0.09667
176.91333,0.25795,0.09667
151.77879,0.31104,0.09671
159.61164,-0.41515,0.09673
224.38116,0.88954,0.09674
197.72735,0.06396,0.09676
167.45221,1.42307,0.09678
193.38638,-0.56371,0.09680
167.77332,0.32535,0.09680
158.66993,0.35457,0.09681
159.65667,-0.94827,0.09682
167.69590,1.14862,0.09683
151.24061,0.70237,0.09683
246.18293,-0.74120,0.09686
130.29460,0.98923,0.09687
197.68046,0.93637,0.09691
246.10760,-0.68741,0.09692
158.80254,0.02292,0.09695
176.97656,-0.53968,0.09695
156.47236,1.17856,0.09696
121.37070,0.97904,0.09698
213.70129,-0.68720,0.09698
237.20434,-0.21118,0.09699
180.65802,0.86888,0.09700
182.78045,0.40612,0.09702
157.68010,1.26788,0.09702
151.83798,0.53569,0.09706
155.22551,0.51288,0.09707
246.31411,-0.70246,0.09708
237.55979,-0.89632,0.09708
146.96350,-0.75935,0.09709
193.81045,0.76283,0.09709
151.69388,0.29010,0.09712
152.00661,0.56596,0.09713
201.62167,0.51091,0.09714
197.70396,0.12544,0.09716
167.89107,1.08111,0.09717
151.93499,0.54932,0.09717
152.02305,0.48839,0.09718
148.32862,0.94471,0.09719
174.55753,0.35280,0.09719
167.69307,1.24412,0.09722
149.36460,1.34082,0.09723
163.28808,0.91601,0.09724
156.52431,0.57025,0.09724
213.16403,-0.43925,0.09725
187.35868,1.38694,0.09725
155.57618,0.51408,0.09725
224.72732,0.71219,0.09726
156.09250,0.46543,0.09727
246.25277,-0.47752,0.09728
148.32487,1.03790,0.09730
153.51742,-0.06035,0.09730
249.94126,0.13860,0.09731
150.88271,0.84737,0.09733
156.04484,1.25238,0.09733
156.64635,0.19188,0.09734
167.66889,1.17415,0.09735
167.15979,0.34251,0.09736
160.01651,0.66045,0.09737
197.90243,-0.69284,0.09737
162.62503,1.22320,0.09738
213.27204,1.43947,0.09738
167.85046,1.05145,0.09738
171.53329,0.65364,0.09742
158.07605,0.61333,0.09746
224.51200,0.94364,0.09748
158.33212,0.41620,0.09748
167.52870,1.29617,0.09750
169.78500,-0.21377,0.09750
192.42170,0.92560,0.09750
201.35551,1.45670,0.09755
215.46303,0.22122,0.09755
154.23372,0.44087,0.09757
237.19357,0.02107,0.09758
166.68936,1.42066,0.09758
160.85673,1.28940,0.09760
182.67795,0.44267,0.09761
159.91028,0.51296,0.09762
196.13769,1.07324,0.09763
174.09018,1.29339,0.09763
153.84286,0.66474,0.09763
156.64168,0.87291,0.09764
151.85016,0.55036,0.09765
150.09161,0.06012,0.09766
194.75312,-1.42899,0.09767
153.50848,-0.24798,0.09770
159.40687,-0.67430,0.09775
212.97530,-0.80006,0.09776
168.54090,0.36088,0.09778
196.15316,0.57612,0.09779
237.16246,-0.18964,0.09779
153.97043,0.53175,0.09781
153.80663,0.88881,0.09781
169.15194,0.07014,0.09782
152.52757,0.83565,0.09788
156.43666,1.21757,0.09788
156.04186,1.24555,0.09789
168.14146,0.60795,0.09790
145.34123,0.54731,0.09790
170.33482,-0.32625,0.09792
150.51137,1.49929,0.09797
154.30426,-0.25880,0.09798
162.37784,1.01083,0.09801
224.48341,-0.22866,0.09805
196.57171,-0.02542,0.09805
144.78071,-0.51967,0.09806
151.95363,0.46831,0.09808
231.71671,-0.34290,0.09810
156.56404,0.46156,0.09810
195.95880,0.64129,0.09810
163.88811,-1.24623,0.09812
183.52733,1.30003,0.09813
237.21482,0.06138,0.09813
236.61904,-1.47442,0.09814
155.30388,0.66922,0.09815
137.49922,0.63045,0.09819
226.44608,1.10221,0.09820
154.93677,0.63663,0.09821
153.62047,-0.89380,0.09822
153.76244,-0.99730,0.09822
156.38828,0.38432,0.09824
142.30073,-0.75121,0.09824
167.51915,1.43632,0.09828
156.71152,-0.94720,0.09829
162.39812,1.06864,0.09829
149.86676,1.19545,0.09831
145.70269,-0.04853,0.09832
224.66797,0.02111,0.09833
217.29463,0.79148,0.09834
149.85767,1.19917,0.09834
200.81673,1.36381,0.09839
162.71815,1.04150,0.09841
154.71476,-1.01970,0.09841
228.20677,1.00189,0.09850
145.62609,0.52532,0.09852
168.53194,0.48980,0.09852
154.95403,1.43895,0.09854
224.64824,-0.97021,0.09855
223.21432,0.73742,0.09855
229.23611,-0.63706,0.09856
193.80523,0.96762,0.09859
156.32956,0.75937,0.09860
171.81443,1.36215,0.09864
238.31954,-1.20380,0.09881
168.90221,-0.21458,0.09887
145.54119,0.79540,0.09889
156.01222,0.94262,0.09889
170.34362,-0.21706,0.09890
191.13101,-1.32320,0.09891
157.75874,0.76738,0.09899
168.59241,0.23060,0.09900
151.98420,0.62337,0.09901
170.43819,-0.02251,0.09905
193.54883,1.03481,0.09907
180.71025,-0.93992,0.09909
167.60111,1.26949,0.09910
185.29064,0.89001,0.09911
170.53322,0.58654,0.09915
156.64314,1.49266,0.09915
160.96532,0.40167,0.09915
155.78847,0.65732,0.09922
207.44666,0.55924,0.09925
222.92087,0.04038,0.09925
206.94503,-0.56492,0.09929
224.01561,-0.65612,0.09934
166.75403,-1.17109,0.09943
151.88617,0.39683,0.09947
158.05697,0.70933,0.09947
151.31533,1.45609,0.09950
194.78854,0.37940,0.09951
223.90902,-1.23349,0.09954
228.85192,-0.34017,0.09954
228.54073,0.55357,0.09961
169.62846,-0.11080,0.09964
169.34261,0.02127,0.09965
184.75332,0.57653,0.09966
180.45794,0.63831,0.09966
171.13378,1.35873,0.09966
170.12028,-0.34266,0.09967
180.65781,0.47257,0.09969
222.91688,0.04640,0.09970
171.20626,0.33681,0.09972
126.09402,1.05266,0.09974
170.22501,-0.12630,0.09975
228.54345,0.52218,0.09975
173.65824,0.35260,0.09975
155.95181,1.00799,0.09976
168.68450,0.34369,0.09979
216.56604,-1.30001,0.09980
172.21014,1.42699,0.09981
223.12138,-1.24539,0.09981
248.93505,-0.63014,0.09983
192.79295,1.07798,0.09986
182.21871,-0.02542,0.09987
163.06204,0.78351,0.09988
168.37467,-0.38842,0.09989
249.11228,-0.62831,0.09991
174.61040,0.64131,0.09998
184.48137,0.43999,0.09998
170.82673,0.46639,0.10000
170.10770,-0.34793,0.10003
151.82982,0.60970,0.10007
171.01881,0.91673,0.10007
183.47778,-1.08462,0.10008
205.29396,0.35264,0.10010
149.90258,1.41841,0.10010
169.61846,-0.55079,0.10013
169.11936,0.05889,0.10015
214.63677,0.31212,0.10015
148.29933,0.85746,0.10019
160.97472,0.46098,0.10021
180.27799,-0.32003,0.10022
160.98260,0.47497,0.10022
172.42956,1.14562,0.10023
133.02566,0.04469,0.10026
156.16836,1.22669,0.10028
184.71998,1.37365,0.10028
168.86000,-1.08516,0.10031
165.86742,-0.30198,0.10031
228.99418,-0.57920,0.10032
183.85180,-0.05794,0.10035
221.52790,-1.39137,0.10040
200.47405,-1.41936,0.10041
126.16819,1.07956,0.10042
155.33709,1.02022,0.10044
169.50613,0.30746,0.10044
197.99783,1.38809,0.10044
155.07570,-0.74720,0.10048
137.16739,1.45490,0.10050
174.28737,1.17269,0.10055
216.36002,-0.98431,0.10057
169.47185,0.12918,0.10059
170.46987,1.08861,0.10059
170.40782,0.90281,0.10060
150.01380,1.40065,0.10060
156.67020,0.09198,0.10061
182.42502,0.20268,0.10061
136.95593,1.24805,0.10062
133.79166,0.85135,0.10064
167.70369,-0.75530,0.10068
182.10417,0.09210,0.10068
167.17827,-1.12241,0.10080
136.94863,-0.09928,0.10082
160.28563,1.27040,0.10083
160.49330,1.31232,0.10083
190.67482,-1.34346,0.10085
179.93688,0.94124,0.10087
214.77892,0.60265,0.10087
200.79167,-0.21969,0.10088
136.38773,-0.17051,0.10089
239.54410,0.69921,0.10091
170.80147,0.96608,0.10095
201.70741,1.05204,0.10095
160.18672,1.44160,0.10100
170.37281,-0.15920,0.10105
170.19237,0.52042,0.10107
160.62833,1.40280,0.10112
217.11480,0.95186,0.10113
205.61038,-0.92767,0.10115
177.23814,0.49356,0.10117
170.18433,-0.12634,0.10117
200.86028,-1.41259,0.10118
190.61041,-1.20672,0.10120
121.79486,1.28859,0.10121
228.28303,-1.28702,0.10126
176.82799,1.45386,0.10133
215.03986,-0.67349,0.10138
141.24394,0.10512,0.10139
223.94160,-0.83773,0.10141
215.53230,-1.00039,0.10147
177.05661,1.17603,0.10147
140.94091,-1.29949,0.10150
176.70722,-1.04083,0.10154
152.09608,1.46187,0.10155
202.59831,0.49029,0.10158
153.61961,0.66510,0.10158
156.66029,1.28032,0.10162
206.95178,-0.26858,0.10162
166.53991,-1.17491,0.10164
205.60524,-0.95791,0.10168
166.70703,-1.25634,0.10168
166.98471,0.38487,0.10168
164.96818,0.57005,0.10173
136.81791,1.43937,0.10173
165.78348,-0.29117,0.10174
214.98051,1.27315,0.10178
171.70675,0.73676,0.10184
168.46760,-0.30980,0.10184
207.24678,-0.47886,0.10185
170.28625,0.58720,0.10191
170.51158,0.40177,0.10195
208.12946,0.41791,0.10200
152.62071,1.11628,0.10200
177.29754,0.69201,0.10201
246.83786,-0.56332,0.10201
216.75085,1.19814,0.10201
234.23167,-1.17756,0.10203
215.23622,-0.07329,0.10204
239.81472,-1.17326,0.10205
160.89018,1.38052,0.10211
217.36968,0.31213,0.10215
136.89474,1.41785,0.10216
131.75115,-0.53610,0.10219
229.19954,1.46401,0.10222
214.80569,-1.40320,0.10224
200.81640,-1.38496,0.10224
164.77453,0.66554,0.10228
131.94499,-0.62188,0.10229
191.45415,-0.81807,0.10230
201.73701,0.95466,0.10232
164.93947,0.54946,0.10233
187.01357,0.33106,0.10234
217.43857,0.22654,0.10236
165.07168,-0.60449,0.10236
201.00365,0.41425,0.10239
153.73947,1.26840,0.10242
246.87526,0.30941,0.10247
214.97723,1.24906,0.10249
156.63634,-0.90547,0.10252
169.40889,-0.07813,0.10253
171.49266,-0.09429,0.10254
155.50104,-1.13340,0.10254
164.70963,0.75302,0.10255
241.13055,-0.98415,0.10256
170.56758,0.49894,0.10256
170.21571,-0.33484,0.10260
170.45815,0.97526,0.10262
180.30798,1.01589,0.10262
215.40847,-1.12523,0.10266
191.00991,-0.38862,0.10267
216.72851,1.47397,0.10267
165.66432,1.26628,0.10268
169.94118,-0.73577,0.10270
143.89572,-0.82437,0.10271
201.73519,0.62978,0.10273
170.25321,0.93522,0.10274
202.55808,-0.64792,0.10276
202.63219,-0.73422,0.10276
224.84577,0.72889,0.10277
201.19046,-1.13497,0.10280
164.89017,1.16895,0.10283
169.44773,-0.21455,0.10285
153.56648,0.07508,0.10288
208.53558,0.76960,0.10290
216.16001,-0.73184,0.10297
215.64619,0.20840,0.10297
156.24262,1.21892,0.10299
197.91465,0.60308,0.10301
216.04642,0.61984,0.10304
169.65084,-0.09170,0.10308
170.24535,-0.38275,0.10309
169.69283,0.99780,0.10309
133.64848,0.64088,0.10312
208.02228,-0.11562,0.10314
215.28915,1.08153,0.10315
221.16600,-1.08467,0.10316
216.08157,0.24941,0.10316
181.15392,0.12174,0.10323
164.24848,0.72839,0.10325
170.71577,1.19883,0.10325
150.05609,1.25516,0.10328
169.81989,0.99605,0.10328
203.79910,-0.28510,0.10330
164.08081,1.27054,0.10330
229.02529,-0.16354,0.10330
220.69012,-0.08599,0.10331
135.40002,-0.67578,0.10333
161.50302,1.37808,0.10334
217.52048,-0.13373,0.10335
198.73281,-1.30863,0.10340
171.52811,-0.03105,0.10346
216.19107,-1.28872,0.10353
216.31167,-0.30800,0.10354
172.94732,0.93106,0.10355
158.00660,1.04471,0.10361
203.41574,0.40295,0.10362
217.13449,0.72696,0.10363
170.65373,0.49268,0.10364
220.35015,0.40593,0.10365
139.05099,-0.76648,0.10366
170.19738,-0.35717,0.10366
228.26447,0.67025,0.10370
239.65462,0.95888,0.10370
220.19136,0.29183,0.10370
203.16504,0.41316,0.10372
227.60958,1.41605,0.10372
218.55100,-0.19468,0.10376
239.71102,1.12168,0.10376
164.33052,0.78323,0.10378
202.21843,0.55598,0.10379
228.22527,1.15392,0.10380
142.01463,-0.64520,0.10381
239.78469,-0.93839,0.10382
220.12494,-0.09023,0.10384
184.34191,-1.20653,0.10384
200.12296,1.32645,0.10385
200.20745,1.20531,0.10391
179.99605,-0.25977,0.10391
195.95012,0.89267,0.10391
239.67758,0.66480,0.10393
224.82848,0.73582,0.10394
163.47219,1.22889,0.10396
224.54385,0.35049,0.10397
134.46752,0.79854,0.10400
171.98666,-0.34702,0.10402
221.91453,1.44830,0.10404
170.81027,0.64443,0.10410
209.06135,0.42939,0.10411
170.51227,0.76721,0.10415
141.88308,-0.11600,0.10417
229.04237,0.46138,0.10417
170.35319,0.33228,0.10419
217.36221,-0.87504,0.10419
245.92795,0.80726,0.10420
170.84906,0.68283,0.10420
180.39371,0.37453,0.10421
202.05187,0.65313,0.10421
171.33088,-0.44825,0.10424
170.29005,0.21187,0.10427
228.59662,1.16691,0.10428
172.70768,0.89633,0.10430
203.53935,0.52486,0.10430
171.35463,-0.17436,0.10431
221.99266,1.40150,0.10432
217.77196,-0.91945,0.10434
180.43111,0.18307,0.10436
152.98426,-0.93119,0.10436
177.06097,0.83159,0.10437
172.83820,-0.94438,0.10440
172.55724,0.33141,0.10444
224.84293,0.76738,0.10451
183.38682,-1.32472,0.10453
149.79426,-0.85942,0.10454
228.93280,0.10603,0.10455
173.06670,-0.84328,0.10456
161.38700,1.38822,0.10457
205.05462,-1.44361,0.10459
171.88533,1.39402,0.10459
205.78589,0.41736,0.10461
169.84788,-0.57610,0.10461
161.55270,1.41544,0.10462
211.90461,-0.76478,0.10462
177.24072,0.37920,0.10463
171.42779,-0.67562,0.10463
209.53008,-0.46690,0.10465
208.57004,-0.11057,0.10466
200.95188,1.10756,0.10471
153.17177,1.19411,0.10474
242.29227,-0.85887,0.10474
133.64689,0.58848,0.10475
175.51644,-0.61107,0.10478
172.67816,-0.81752,0.10479
177.13456,0.51144,0.10480
161.81702,0.85756,0.10480
172.04537,-0.49288,0.10482
211.29630,-0.83388,0.10483
229.35957,1.41722,0.10483
179.04945,-0.66300,0.10483
162.21319,-0.76410,0.10485
162.42258,1.03050,0.10487
162.36066,0.93598,0.10494
242.13159,-0.95767,0.10495
212.78745,0.51759,0.10496
170.33045,0.22288,0.10498
170.10521,1.18350,0.10499
171.20788,0.07339,0.10501
229.23071,1.32664,0.10501
155.02395,-0.32211,0.10502
170.11521,1.27999,0.10502
168.82096,-1.03044,0.10502
180.37455,0.35132,0.10504
229.74127,-1.37068,0.10505
205.00442,-1.37501,0.10507
162.44388,0.96468,0.10510
189.66289,1.39344,0.10512
209.24638,-0.34253,0.10512
169.88970,0.63440,0.10516
161.52092,1.44923,0.10516
173.70390,-0.54105,0.10516
205.49225,-0.28649,0.10516
219.09457,-1.07418,0.10517
173.86515,-0.55501,0.10517
170.02917,-0.73846,0.10521
180.07521,0.54361,0.10524
239.86107,-1.02774,0.10526
194.12155,1.14547,0.10526
178.49086,-0.61571,0.10526
136.20596,0.67678,0.10527
212.85152,1.18525,0.10532
173.16054,-0.54875,0.10534
177.16638,-1.20219,0.10535
159.75382,0.92673,0.10538
153.30023,1.24707,0.10539
212.10535,0.35141,0.10542
153.52172,1.17071,0.10544
209.41771,-0.45450,0.10544
225.66546,1.08227,0.10544
176.76395,-1.31987,0.10544
224.09867,-0.18306,0.10545
212.63443,0.63653,0.10545
150.23622,-0.10649,0.10548
210.92593,-0.41438,0.10551
232.58879,1.46768,0.10552
200.43627,-0.92740,0.10554
219.08713,-0.11196,0.10557
179.06896,-0.20424,0.10558
218.96557,-0.88870,0.10558
180.03724,-0.22796,0.10558
196.64734,-0.60208,0.10558
212.41032,1.31318,0.10558
174.52257,-0.90244,0.10561
248.72152,-0.96507,0.10561
162.21709,0.90066,0.10564
140.92999,1.41988,0.10564
219.05641,-0.27412,0.10565
224.77539,0.64140,0.10565
201.05286,0.58459,0.10567
211.22889,-0.49477,0.10569
149.09952,-1.24274,0.10570
156.65191,0.73562,0.10571
200.32636,-0.73870,0.10572
212.96326,0.53842,0.10573
143.17248,0.41389,0.10576
190.38844,1.42922,0.10578
242.38532,0.26345,0.10579
162.18680,0.87879,0.10579
242.73371,0.36853,0.10580
224.84371,0.77900,0.10580
242.10602,-1.02338,0.10581
175.14545,0.28106,0.10583
170.63942,0.73695,0.10583
187.82241,1.07236,0.10584
150.02732,1.42756,0.10586
176.14706,1.07785,0.10587
177.83797,1.07341,0.10587
176.42917,-0.17006,0.10587
215.55962,-0.65545,0.10587
218.88222,-0.99156,0.10588
229.10171,1.37597,0.10588
230.44074,-1.22529,0.10589
241.52450,-1.16537,0.10590
173.97211,-0.91151,0.10591
242.14765,0.36456,0.10592
201.34754,-1.35066,0.10595
179.58688,-0.08474,0.10595
219.08362,-1.13025,0.10597
161.96742,0.47815,0.10597
150.38179,-0.17426,0.10598
242.46116,-0.09564,0.10598
242.05412,1.20370,0.10599
219.08058,-0.70224,0.10606
219.01192,-1.11985,0.10608
219.14073,-1.09732,0.10612
209.89407,-0.72846,0.10615
188.23950,1.05772,0.10616
158.84231,0.80427,0.10617
174.54079,-0.88094,0.10619
150.14905,1.38938,0.10621
240.99022,-0.62165,0.10622
176.29532,-1.33548,0.10623
200.70535,0.31150,0.10623
174.63819,0.84603,0.10623
175.65969,-0.99478,0.10624
185.85552,0.13330,0.10628
191.43805,1.08154,0.10632
218.87834,-0.89617,0.10633
240.11892,-0.23041,0.10634
177.47329,-0.31728,0.10636
242.68076,-0.14362,0.10638
239.05824,0.02431,0.10640
224.16381,0.14362,0.10641
175.41339,0.21395,0.10641
160.34225,1.12923,0.10643
213.58875,0.88158,0.10643
170.44665,0.78160,0.10643
180.06102,0.03883,0.10646
153.95916,1.26518,0.10646
177.00173,-1.48549,0.10649
134.49835,1.28823,0.10649
175.44472,-0.51805,0.10650
161.51260,1.42544,0.10662
212.75598,0.02115,0.10663
179.64015,-0.08378,0.10669
242.81098,1.12750,0.10670
200.25232,-0.74764,0.10671
161.58849,0.81810,0.10671
220.23041,-1.41008,0.10673
162.22342,0.01038,0.10675
191.75121,0.93398,0.10675
218.62403,-0.47830,0.10676
200.76823,1.29471,0.10676
175.15946,0.33529,0.10678
200.35952,-0.68758,0.10678
229.30673,1.12091,0.10680
160.88807,1.22751,0.10684
218.78914,-0.64318,0.10685
160.72750,0.59081,0.10686
178.91987,-0.92521,0.10686
133.29122,0.35286,0.10688
180.16532,-1.41759,0.10688
187.89511,0.63854,0.10689
174.44649,0.66416,0.10689
175.17008,0.18051,0.10689
159.33084,1.41456,0.10691
200.35711,-1.03467,0.10693
244.14922,-0.33163,0.10697
148.46566,-0.82517,0.10698
157.62670,1.07665,0.10698
194.63485,1.40489,0.10699
179.59552,-0.06006,0.10701
159.87114,0.94049,0.10703
159.54766,1.27002,0.10707
185.26755,0.08462,0.10708
200.61846,0.21459,0.10708
157.05686,0.38694,0.10710
160.73477,-0.72716,0.10715
201.11098,1.24953,0.10718
179.68289,-1.31724,0.10720
185.37936,0.08691,0.10722
200.44413,-1.10407,0.10722
185.71947,-0.30722,0.10723
162.50278,-0.83055,0.10724
200.29638,-0.71901,0.10727
133.52767,0.70775,0.10732
191.83026,0.14248,0.10735
159.67201,1.06720,0.10735
133.79139,-0.45671,0.10740
200.34799,-1.44429,0.10741
163.71770,-0.14479,0.10743
157.53278,-0.56820,0.10744
165.73403,0.66135,0.10744
173.75796,1.24159,0.10745
191.27687,0.63611,0.10745
208.17119,-0.38828,0.10747
163.34291,0.32023,0.10748
162.34244,0.98512,0.10749
159.75348,1.29191,0.10751
145.05488,-0.21062,0.10751
187.73155,-0.33799,0.10754
149.18706,-0.95681,0.10757
200.94942,0.38167,0.10762
175.70230,0.20432,0.10765
195.23088,-0.23544,0.10769
241.17793,-1.02370,0.10774
125.39624,-0.41543,0.10776
201.31833,1.36049,0.10777
133.40721,-0.25676,0.10778
190.28965,0.66499,0.10780
157.85860,0.75042,0.10784
200.67787,0.15932,0.10785
161.45533,1.43447,0.10786
159.80702,0.70261,0.10787
225.06412,1.27107,0.10791
159.08707,1.16786,0.10794
177.17554,-1.20214,0.10794
218.91447,0.69697,0.10796
213.94101,-1.42622,0.10796
184.64071,-0.41181,0.10796
229.10602,0.83611,0.10796
179.44462,0.29751,0.10797
178.19772,0.26394,0.10798
152.79229,-0.39682,0.10800
148.00631,-1.01770,0.10801
149.36398,1.30443,0.10802
200.37308,-0.91963,0.10805
196.16826,-1.44774,0.10806
159.18464,1.18259,0.10807
216.31529,-0.49954,0.10808
180.21664,-0.07066,0.10809
163.53621,-0.01973,0.10813
241.01483,-0.67920,0.10814
175.20768,1.21059,0.10814
201.06774,0.80837,0.10815
244.33087,-0.08200,0.10816
175.04271,0.82907,0.10816
178.65105,-0.41608,0.10818
179.48675,0.20578,0.10818
148.99469,-1.03559,0.10820
133.75618,0.93424,0.10821
180.20113,-1.18820,0.10823
248.52905,-1.08465,0.10823
218.89175,0.67169,0.10823
176.80481,1.05855,0.10824
193.37252,-1.01313,0.10824
129.81932,-0.44033,0.10825
189.68021,-0.51265,0.10826
193.21214,-0.50328,0.10831
133.53388,0.78574,0.10831
178.93619,-0.19899,0.10831
200.83313,0.43434,0.10836
216.37652,0.49622,0.10836
241.01897,-0.65873,0.10837
179.59589,0.17526,0.10838
180.16948,0.22952,0.10842
200.35600,-0.69341,0.10842
187.33422,0.42685,0.10843
159.34899,1.12601,0.10844
200.43929,-0.08153,0.10844
236.83135,-0.81085,0.10845
189.68871,-0.40826,0.10846
201.16381,0.80075,0.10846
200.98629,0.88379,0.10848
133.65103,1.20447,0.10848
229.17840,0.84308,0.10849
134.15123,0.05626,0.10849
200.98305,1.08482,0.10852
248.00327,-1.08733,0.10853
169.22510,-0.64274,0.10856
148.96204,-1.06480,0.10857
200.89543,1.23058,0.10857
163.76478,-0.38987,0.10859
190.21252,0.22691,0.10861
148.98241,-1.04914,0.10862
218.28098,1.16628,0.10862
133.72131,0.85897,0.10863
197.02850,-1.27124,0.10864
161.69925,1.48984,0.10866
184.29586,1.24746,0.10868
189.44202,-0.20862,0.10870
198.14878,-1.12175,0.10872
143.11854,0.58289,0.10876
165.12596,0.31527,0.10877
201.97856,1.48931,0.10877
169.23747,-0.26520,0.10878
133.08522,-0.27767,0.10879
133.23658,0.69978,0.10883
199.52587,-1.39462,0.10883
133.35651,0.62496,0.10883
229.09076,0.96474,0.10886
200.72999,0.23580,0.10887
167.55123,-1.05608,0.10888
249.31515,-0.89858,0.10892
200.39163,0.62575,0.10892
241.93344,-0.48196,0.10892
243.51881,-0.98669,0.10893
133.04312,-0.28033,0.10894
162.31642,0.95441,0.10895
218.77533,0.95963,0.10895
181.02010,-0.29331,0.10898
168.61583,-0.22768,0.10899
201.54938,1.30987,0.10901
200.74767,0.23161,0.10902
159.66768,0.38102,0.10903
157.08300,-0.58656,0.10908
198.36701,-1.21121,0.10909
133.56836,0.87939,0.10913
183.38180,1.09936,0.10916
249.56005,-0.95698,0.10920
220.18150,0.46476,0.10922
155.17321,1.43298,0.10925
189.13123,-1.25229,0.10926
183.79476,0.88675,0.10927
133.59476,0.79686,0.10928
167.61137,-1.22376,0.10931
200.15712,-0.64908,0.10933
163.65189,-0.28625,0.10936
179.13191,-0.87184,0.10936
201.05498,0.77677,0.10938
200.94170,1.20158,0.10939
248.02802,-1.04561,0.10940
176.44823,0.26758,0.10943
200.22713,1.40127,0.10945
149.03965,-1.01542,0.10955
224.98485,-0.47266,0.10955
191.76845,-1.21477,0.10956
180.58901,0.61914,0.10958
234.89621,0.39071,0.10959
189.60442,-1.43950,0.10960
221.30754,0.49839,0.10961
200.16951,-0.38950,0.10963
249.54737,0.46575,0.10968
200.41029,-0.55951,0.10970
200.14247,0.64131,0.10972
182.21544,-0.93735,0.10973
211.64032,-0.76262,0.10974
211.69330,-0.78810,0.10975
219.50636,-0.20500,0.10975
180.95853,-0.29810,0.10978
179.17612,-0.03777,0.10980
201.71171,0.94116,0.10980
202.03889,0.32383,0.10982
223.46796,-1.44853,0.10984
147.29397,0.38134,0.10986
199.55706,-0.62597,0.10992
223.94603,1.16411,0.10995
187.06093,0.18677,0.11001
200.48607,-1.33641,0.11001
221.12352,-0.90836,0.11003
188.08916,-0.28335,0.11007
148.78160,1.01660,0.11007
201.07100,0.80724,0.11008
186.74519,0.60270,0.11009
225.03136,-1.49714,0.11012
229.75028,1.12214,0.11018
148.49489,-1.08091,0.11020
207.42558,0.33246,0.11023
200.13748,-0.81784,0.11024
132.29052,0.84326,0.11027
148.43250,-1.02641,0.11028
201.19044,0.23068,0.11029
187.15248,0.19937,0.11032
167.42108,-1.03994,0.11033
222.88327,-0.99290,0.11035
201.79329,-0.32455,0.11037
201.13796,0.34377,0.11038
228.13917,-0.23941,0.11043
168.04853,-0.74478,0.11045
171.28721,-1.14949,0.11045
149.04254,1.19612,0.11046
201.43808,1.23265,0.11051
202.33783,0.99138,0.11052
202.09719,0.32242,0.11055
222.85212,-0.93952,0.11057
172.17884,1.44766,0.11057
200.67763,1.44989,0.11058
133.78524,0.85316,0.11059
246.70813,-1.06301,0.11062
230.10641,-0.94147,0.11063
229.87532,1.11046,0.11064
239.34399,-0.76149,0.11066
225.15015,0.14627,0.11067
202.13076,0.54514,0.11069
170.21885,-0.65794,0.11070
199.48617,-0.62391,0.11072
187.87626,-0.89579,0.11072
162.39153,0.56775,0.11078
180.81399,-0.18871,0.11082
198.54448,-1.09705,0.11083
202.06546,1.49967,0.11083
199.91876,0.13748,0.11084
200.18382,0.33716,0.11084
235.30978,1.14223,0.11088
198.52656,-1.20511,0.11089
200.75337,1.03391,0.11090
167.68172,-0.83987,0.11091
133.76062,0.70521,0.11092
202.11017,0.51060,0.11092
185.07414,0.77170,0.11095
202.23320,0.02442,0.11099
181.95886,-1.02545,0.11100
185.91228,1.49530,0.11101
223.84401,0.34994,0.11102
199.05627,-0.84525,0.11102
174.45777,1.19665,0.11103
174.49823,1.29512,0.11106
200.75461,1.21261,0.11106
188.89077,-1.34147,0.11106
200.97005,1.19604,0.11107
199.55712,-0.64382,0.11107
199.94306,0.24773,0.11108
175.52918,0.81216,0.11108
167.50923,-0.97011,0.11114
235.00448,0.51748,0.11117
206.04444,1.30621,0.11119
155.63065,0.25770,0.11120
235.01976,0.53277,0.11122
159.84152,1.00943,0.11122
188.75095,-0.81565,0.11123
167.56936,-0.92893,0.11124
180.48382,0.83012,0.11126
199.10083,0.28517,0.11128
234.94289,0.26261,0.11131
169.58884,1.39332,0.11135
202.11628,1.05924,0.11137
198.26999,-0.98234,0.11139
199.05658,-0.91250,0.11144
200.81417,1.15184,0.11145
199.48306,-0.48385,0.11147
169.42257,-1.08656,0.11152
174.83641,1.01985,0.11154
167.26382,-0.91639,0.11156
155.41253,0.32467,0.11157
187.51037,-1.47913,0.11157
180.89470,1.10553,0.11159
201.82646,0.86516,0.11159
202.90567,1.48508,0.11160
234.38003,0.23853,0.11162
179.33226,-1.16621,0.11166
229.22806,-0.46133,0.11170
180.76213,1.10324,0.11172
181.66558,0.65267,0.11172
162.21608,0.57202,0.11173
199.59812,-0.52950,0.11175
142.98437,-0.37429,0.11176
181.04575,1.22359,0.11178
186.50810,0.49320,0.11183
231.29569,0.64011,0.11185
202.33691,1.20921,0.11190
187.57708,-0.99486,0.11190
198.93070,1.05828,0.11198
159.81587,1.04549,0.11200
229.11474,-0.08670,0.11201
200.10289,-1.00055,0.11204
167.02039,0.00937,0.11205
199.67284,-0.73843,0.11205
199.59250,0.97923,0.11206
174.45309,1.27808,0.11208
186.90800,-0.08831,0.11211
235.28622,1.14879,0.11213
247.51282,-0.68406,0.11214
222.43787,-0.15810,0.11214
249.00351,-0.93963,0.11217
198.44120,0.10799,0.11219
186.40797,0.28226,0.11222
222.42455,0.00154,0.11223
189.60260,-1.41220,0.11224
197.66767,0.51090,0.11225
208.32878,0.18209,0.11225
234.07705,0.48441,0.11225
165.58302,0.28436,0.11226
228.47298,-0.90531,0.11227
197.70041,-1.38093,0.11233
199.00281,-0.83114,0.11234
200.32533,-1.28738,0.11235
170.19507,1.38783,0.11238
198.99510,-0.83938,0.11239
216.32916,0.67419,0.11244
200.41424,-0.64136,0.11247
217.22416,0.99598,0.11248
198.06822,-0.68362,0.11249
230.24614,-0.89797,0.11250
219.97319,-0.36251,0.11252
229.40166,-0.72066,0.11252
199.58066,0.96223,0.11259
161.85018,0.03159,0.11259
167.32659,-0.47536,0.11262
236.33773,0.22750,0.11265
181.45478,1.39183,0.11270
231.69837,0.80715,0.11270
197.79775,0.58113,0.11272
166.40022,-0.43824,0.11272
155.79575,-0.46968,0.11274
211.63596,-0.36100,0.11275
227.59560,-0.29778,0.11277
155.66808,-0.33632,0.11277
181.45120,1.10997,0.11277
168.76394,1.48420,0.11278
199.03795,-0.86230,0.11283
242.07809,-0.46262,0.11283
214.81681,0.78137,0.11285
222.42845,1.42456,0.11285
247.75830,0.29273,0.11290
186.86419,0.04890,0.11292
160.69691,-0.62325,0.11293
181.32923,1.17335,0.11296
161.48448,1.10978,0.11301
168.90941,0.49478,0.11302
231.63923,-1.28462,0.11304
212.07949,-0.32102,0.11304
236.96112,0.62985,0.11307
217.17588,1.05889,0.11312
197.13602,0.50955,0.11312
231.83719,0.22689,0.11316
203.49889,0.42989,0.11321
229.39934,-1.10809,0.11324
245.48429,1.06962,0.11325
233.41086,0.37030,0.11326
211.66285,-0.11893,0.11327
247.75079,0.25593,0.11328
155.29277,0.65518,0.11329
237.07274,0.95955,0.11330
186.64227,0.14023,0.11330
204.41794,-0.78595,0.11332
173.56816,1.12768,0.11333
236.80725,-0.14219,0.11333
247.60003,-0.08478,0.11334
211.98943,0.29496,0.11338
236.88777,0.39001,0.11339
212.02527,0.36316,0.11344
133.96659,0.65077,0.11347
211.88746,0.63093,0.11350
236.75179,-0.05632,0.11350
238.18161,-1.24957,0.11352
231.25237,1.07733,0.11358
179.84304,-1.25918,0.11361
206.25522,-0.82325,0.11363
232.66845,1.10094,0.11363
219.96672,-1.26623,0.11364
135.37842,0.93939,0.11368
229.16768,-1.24154,0.11371
204.86032,-0.21138,0.11371
231.98162,1.45381,0.11375
229.87025,1.35084,0.11377
231.69572,-0.97248,0.11377
236.74009,0.65283,0.11378
213.57314,0.67150,0.11381
168.15367,-0.87438,0.11382
159.83971,-0.41208,0.11385
172.13104,-1.21505,0.11390
160.06589,-0.20472,0.11391
206.26570,-0.47115,0.11391
212.16210,0.65949,0.11393
159.18482,-1.18080,0.11393
232.22049,-1.13429,0.11393
226.26436,-0.82550,0.11394
163.38158,-0.77835,0.11394
159.66730,-0.51896,0.11395
237.37318,-0.09478,0.11396
160.50806,-0.28295,0.11399
160.53702,-0.11079,0.11400
229.82373,1.15311,0.11402
243.48892,-1.12525,0.11403
231.79742,0.22329,0.11404
232.15652,1.49564,0.11405
229.39437,-0.88348,0.11406
187.95180,0.17116,0.11407
197.95821,-1.40509,0.11408
166.65602,0.14661,0.11408
247.54115,0.38076,0.11410
148.29803,1.38097,0.11412
229.78056,1.15043,0.11414
217.19857,0.40894,0.11416
181.64651,-0.41396,0.11417
232.17605,1.33101,0.11419
237.35376,-0.45776,0.11422
232.24932,-0.93412,0.11425
237.86627,-0.96465,0.11430
231.77365,-0.45314,0.11430
231.14207,-0.71936,0.11432
213.57159,0.64000,0.11432
217.22859,1.14572,0.11434
169.16400,1.06674,0.11435
231.74556,-0.69123,0.11440
232.76308,1.16329,0.11442
158.12735,-0.88642,0.11443
218.38659,1.02094,0.11448
212.41561,-1.35587,0.11449
208.39577,-0.06536,0.11452
176.04823,-0.82941,0.11453
203.04355,0.28755,0.11454
155.06862,1.47294,0.11455
231.62571,-1.44468,0.11455
233.56735,1.10023,0.11457
242.00265,0.48964,0.11457
232.25663,1.41434,0.11463
217.02675,0.89446,0.11464
229.04482,-0.32484,0.11464
229.68546,0.86956,0.11468
230.05594,-0.73004,0.11468
212.41389,-0.88535,0.11469
198.73330,0.65582,0.11470
180.02418,-1.32622,0.11471
161.11648,1.15222,0.11473
162.72184,-0.61475,0.11474
231.89504,0.24306,0.11475
208.43295,0.11761,0.11475
231.81541,1.15056,0.11477
182.29265,-0.96997,0.11477
229.14302,0.11112,0.11477
180.16156,-1.16516,0.11481
160.81135,0.19944,0.11482
157.27862,0.78484,0.11482
230.36253,-0.25387,0.11483
208.11901,0.33322,0.11485
210.26763,-1.27113,0.11485
230.60107,0.68464,0.11487
212.48097,-1.47463,0.11487
209.39320,-0.97837,0.11492
180.71048,-0.87059,0.11493
172.50555,-1.02210,0.11494
159.85546,1.07429,0.11494
243.83825,-0.96708,0.11497
161.44678,0.36196,0.11497
227.01410,0.96890,0.11500
204.83980,-1.24003,0.11501
212.41528,-1.46649,0.11504
232.42170,0.52808,0.11505
188.76209,-0.89090,0.11505
227.47916,-1.32907,0.11507
180.56283,-0.97894,0.11512
243.74460,-0.67283,0.11513
135.53893,1.29501,0.11515
228.96944,0.87746,0.11515
160.63815,0.93324,0.11517
157.16556,-0.61775,0.11517
207.92099,0.19293,0.11517
172.60707,-1.11935,0.11519
220.00426,-1.30141,0.11520
190.85113,0.33414,0.11521
229.31081,-0.48868,0.11522
180.88356,-0.99574,0.11530
227.10115,0.79093,0.11530
220.01962,0.99644,0.11531
156.93400,-0.12578,0.11531
181.58671,0.19738,0.11531
200.10293,0.27436,0.11532
228.57015,-0.70148,0.11533
176.83812,-0.79495,0.11533
219.96756,-1.18278,0.11534
229.64941,0.24669,0.11535
186.76901,-0.40590,0.11538
224.67690,0.38892,0.11540
218.49365,0.87118,0.11541
159.86160,0.99151,0.11544
173.01575,-1.33800,0.11546
158.54674,-0.46114,0.11547
229.35069,-0.73816,0.11548
172.41546,-1.03725,0.11549
232.14694,1.46023,0.11551
186.95227,-0.49024,0.11552
211.84908,1.21479,0.11555
208.23292,-0.69611,0.11557
173.09971,-0.83317,0.11559
158.92842,-0.75272,0.11560
229.89675,-0.29437,0.11564
229.40606,-0.67308,0.11565
167.55889,-0.20752,0.11568
208.97705,-0.75004,0.11568
230.54575,-1.06335,0.11570
183.30705,-0.60686,0.11578
212.08862,1.20110,0.11579
242.35448,0.75386,0.11579
181.64593,-0.03130,0.11580
161.10995,0.84788,0.11581
248.50629,-0.48048,0.11586
172.48087,-1.05938,0.11587
220.04583,0.69866,0.11588
206.43505,-0.20059,0.11588
160.75870,0.95325,0.11589
160.96648,1.06168,0.11590
231.82707,0.57139,0.11592
211.07358,-1.46114,0.11595
161.03573,1.01656,0.11604
176.48475,-1.20174,0.11605
218.37314,-1.28629,0.11606
229.52885,1.06482,0.11608
186.76164,-0.32372,0.11610
234.56672,1.39102,0.11611
186.25941,-0.09734,0.11612
237.21643,-1.17582,0.11613
208.35942,0.04666,0.11620
223.55878,0.35597,0.11621
199.24657,-0.58489,0.11622
208.23581,0.48253,0.11623
187.84760,0.35243,0.11624
225.64119,-1.21930,0.11625
218.15806,-0.88605,0.11626
230.00679,1.39081,0.11628
152.86455,-0.95921,0.11630
229.20321,-0.60185,0.11632
236.61631,0.88595,0.11635
208.45492,-0.59957,0.11638
171.62089,0.98309,0.11638
235.37401,1.32233,0.11638
236.72358,-0.07698,0.11639
159.80395,1.05335,0.11642
235.33874,1.28783,0.11646
229.13482,-1.03168,0.11646
151.84813,-0.75925,0.11646
161.75012,-1.48208,0.11647
243.04587,0.49588,0.11649
229.42808,-0.49809,0.11651
242.44997,0.81491,0.11655
182.63411,-0.16355,0.11656
224.93825,-0.26364,0.11657
242.39894,0.66511,0.11658
228.94738,-0.96556,0.11661
159.05117,1.10346,0.11661
229.10606,0.06046,0.11665
187.00473,0.31227,0.11667
234.72907,1.36263,0.11668
242.66870,1.05172,0.11668
229.20831,-1.11093,0.11670
187.58338,-0.58319,0.11676
239.59622,-0.80733,0.11678
152.29796,-0.73738,0.11680
201.53431,0.20185,0.11681
182.44928,-0.01075,0.11683
190.01639,0.34382,0.11688
242.04472,0.59159,0.11688
231.74291,1.37142,0.11693
182.90538,-0.31006,0.11693
225.09178,-0.11079,0.11695
229.15507,-0.97742,0.11696
202.03402,0.73744,0.11699
212.39135,-1.42125,0.11702
212.49968,-1.28914,0.11702
240.94830,0.88845,0.11703
152.13222,-0.75144,0.11708
176.77606,-1.02934,0.11709
176.71737,-0.97707,0.11709
131.32643,1.09046,0.11711
241.02274,0.84415,0.11713
215.71748,1.22781,0.11714
229.68281,0.19752,0.11715
167.80694,0.54586,0.11716
208.85295,1.48295,0.11719
212.98681,-0.65200,0.11719
161.56484,0.68150,0.11721
161.65363,-0.74569,0.11721
156.88092,0.62082,0.11724
224.95030,0.16437,0.11726
215.69691,1.22988,0.11726
142.17843,-0.49421,0.11728
237.82547,-0.28037,0.11734
227.29540,0.78292,0.11744
157.83856,-0.59608,0.11746
216.21921,0.95934,0.11748
234.87237,-1.34851,0.11750
159.32031,1.03261,0.11755
212.95392,-0.70688,0.11756
176.33681,-1.43121,0.11756
188.19514,1.25547,0.11758
229.22435,-1.08508,0.11760
234.51428,1.24370,0.11767
182.61594,-0.20783,0.11768
233.85856,-0.92536,0.11768
175.23812,-0.00806,0.11769
233.51741,0.06291,0.11775
176.42647,-1.34637,0.11776
174.47646,-0.54980,0.11776
158.25960,0.63043,0.11778
170.89662,1.48421,0.11779
166.25972,0.45923,0.11780
176.77066,-0.98685,0.11781
218.81134,1.46387,0.11784
160.96690,1.06323,0.11785
187.05995,0.88064,0.11786
197.08853,-1.21883,0.11786
185.18423,-1.30279,0.11790
233.93366,-0.99763,0.11791
231.26210,0.89808,0.11792
131.97837,0.11382,0.11793
229.34716,-0.55889,0.11794
192.11381,1.04646,0.11798
134.74783,1.12737,0.11802
198.71808,-0.63999,0.11804
198.71694,-0.59176,0.11808
174.63044,-1.03411,0.11808
229.34533,-0.67158,0.11810
152.60334,0.37615,0.11812
146.33130,1.36068,0.11815
249.16750,-0.38435,0.11815
221.30472,0.41415,0.11817
224.98308,-1.32952,0.11821
189.37586,-1.38487,0.11822
229.08550,-0.93873,0.11822
181.30491,-0.05111,0.11823
229.24321,-1.22332,0.11823
174.76615,-0.03412,0.11825
176.42859,-1.06842,0.11827
229.01757,0.04902,0.11827
218.58429,1.26179,0.11827
157.35404,-0.11667,0.11831
213.35769,-0.82333,0.11833
166.32344,0.51927,0.11839
184.49999,-0.95908,0.11840
208.92339,1.09902,0.11843
176.60389,-0.91300,0.11845
239.68383,-0.75603,0.11847
181.26730,0.05123,0.11851
239.63904,0.78525,0.11853
176.53961,-1.08119,0.11855
173.23905,0.80467,0.11858
226.54795,0.99696,0.11861
145.19630,-0.87998,0.11861
239.56690,-0.83207,0.11864
174.22686,-0.45535,0.11874
229.16749,-0.06800,0.11877
198.69573,-0.63944,0.11880
228.99205,-1.15992,0.11882
160.91200,1.14732,0.11884
176.53457,-1.11944,0.11886
229.31774,-0.27335,0.11886
225.24682,-0.52033,0.11887
188.19431,1.25417,0.11889
229.37272,-0.52805,0.11892
229.36880,-0.66487,0.11893
229.28984,0.12909,0.11893
173.02820,-0.41537,0.11893
186.75123,0.40519,0.11898
197.42743,-0.82273,0.11901
180.62349,-0.33898,0.11905
176.57162,-0.96103,0.11906
198.29578,-0.47771,0.11907
176.00683,-0.17007,0.11909
229.18967,-0.99228,0.11910
183.97199,-0.60198,0.11914
229.50010,-0.11460,0.11914
159.11222,1.02980,0.11916
226.31248,0.92314,0.11917
244.35332,0.70839,0.11920
215.91143,-1.23912,0.11921
228.82947,-0.49781,0.11923
223.28768,0.97487,0.11924
230.86218,0.21693,0.11925
229.18049,-1.29974,0.11927
215.72400,1.23744,0.11932
183.02271,-0.10417,0.11935
222.35741,1.25586,0.11936
144.64101,0.52517,0.11939
213.29830,-0.71010,0.11944
228.26028,-1.14355,0.11946
229.34527,-0.05022,0.11948
175.78867,0.44910,0.11951
121.44013,1.26053,0.11952
229.33514,-1.22138,0.11957
179.76158,-1.09348,0.11965
198.77884,-1.38525,0.11966
134.92297,1.42689,0.11968
176.91927,-0.88647,0.11968
184.88095,-1.38431,0.11969
239.75675,0.11017,0.11970
236.31741,-0.68058,0.11973
134.43852,0.93365,0.11973
229.19641,-1.39510,0.11975
229.67753,-0.10887,0.11976
242.61065,-0.20051,0.11980
213.36195,-0.91941,0.11980
184.29536,-0.89640,0.11984
146.08224,1.03480,0.11985
181.92190,0.54471,0.11986
221.86269,0.32159,0.11988
234.65807,-1.36531,0.11991
236.50252,0.55684,0.11995
215.04744,-1.14972,0.11995
190.10628,1.32590,0.11996
159.41638,1.04959,0.11996
244.12968,-0.36100,0.11997
229.26940,0.56110,0.12001
159.19462,0.90899,0.12006
229.05231,-1.33121,0.12008
176.34669,-0.27685,0.12009
249.59409,0.91250,0.12014
213.92397,0.94628,0.12014
234.27243,-1.09683,0.12018
229.05053,0.29443,0.12025
213.34824,-0.48683,0.12029
229.81131,-1.22033,0.12029
159.14820,0.91367,0.12031
213.41260,-1.31132,0.12033
234.68671,-1.41745,0.12033
244.92461,-0.13605,0.12038
218.92907,0.94811,0.12038
146.39576,0.24010,0.12039
234.40943,-1.29661,0.12042
235.31792,0.74159,0.12042
236.19232,-0.41979,0.12044
240.26753,0.17125,0.12044
236.08345,-0.17641,0.12055
229.69547,1.41391,0.12056
180.48193,-0.34879,0.12057
214.85168,-0.12213,0.12058
231.82846,-0.98449,0.12060
135.78259,1.44182,0.12063
229.86275,-0.14868,0.12064
235.00060,-1.16150,0.12065
133.98723,-0.25395,0.12066
234.40172,-1.39198,0.12068
165.83202,1.03465,0.12069
191.84606,0.68302,0.12072
230.64221,0.00355,0.12077
214.99403,0.10835,0.12077
239.91961,-0.38846,0.12078
245.73556,0.32383,0.12081
214.46220,-1.25019,0.12082
197.48617,-0.29199,0.12084
218.11544,1.01546,0.12090
229.66204,1.42644,0.12094
177.72764,-0.69910,0.12096
146.69572,-0.28693,0.12097
177.43017,-0.74997,0.12097
233.48865,-0.81031,0.12100
229.06378,-0.05705,0.12100
230.66635,1.38420,0.12101
228.97981,0.92986,0.12105
167.44917,-0.37423,0.12106
198.46213,-0.21929,0.12108
183.80967,-0.31815,0.12112
169.60513,-0.73210,0.12117
184.00685,-0.62591,0.12119
181.84284,1.13785,0.12121
159.61468,1.44434,0.12122
247.91607,0.54234,0.12122
233.49478,0.67280,0.12122
193.95909,-1.19657,0.12122
233.19731,-0.59923,0.12125
172.66836,-1.37944,0.12126
159.99971,1.18431,0.12130
145.41306,0.10646,0.12131
176.92815,-0.62892,0.12131
176.76912,-0.30203,0.12134
135.62831,1.49733,0.12136
153.55304,1.01438,0.12137
228.72609,-0.09799,0.12137
247.42965,0.43896,0.12140
198.02975,0.53357,0.12140
229.20609,-0.02639,0.12144
213.59766,-0.45948,0.12145
229.03361,0.03365,0.12146
144.22186,0.65959,0.12146
179.55953,-0.97815,0.12149
229.10245,-0.15658,0.12150
213.72847,-1.25309,0.12151
146.60365,-0.19149,0.12152
228.21909,-1.47421,0.12157
246.44564,-1.02505,0.12157
236.97910,-1.21123,0.12157
159.80388,1.22690,0.12158
229.20930,-1.02075,0.12160
240.59154,-0.39465,0.12160
192.59871,0.19009,0.12160
218.50537,0.22772,0.12164
228.80487,-0.69187,0.12166
143.46148,1.13818,0.12166
229.09722,-0.28107,0.12166
163.02475,-0.42991,0.12166
173.26401,-0.15420,0.12167
213.38351,-0.61575,0.12168
228.97679,0.05376,0.12168
227.41056,0.87168,0.12171
229.38590,-0.84205,0.12172
230.72030,1.36712,0.12172
152.93956,1.44710,0.12175
203.02556,1.27338,0.12176
228.80290,-0.93890,0.12177
152.84116,0.81003,0.12184
225.83883,-1.36655,0.12187
240.60514,-0.42060,0.12188
145.25193,0.12645,0.12191
192.58043,0.59096,0.12193
160.57943,0.77027,0.12198
146.39647,1.42722,0.12198
225.78847,1.37538,0.12198
159.39920,0.99141,0.12202
217.71503,-0.23466,0.12205
159.33886,0.83068,0.12207
219.17357,-1.48824,0.12207
232.46144,0.30214,0.12210
134.56939,0.53569,0.12210
232.88455,-0.08378,0.12217
151.41462,-0.38945,0.12217
152.98948,0.97783,0.12218
229.51262,1.26453,0.12219
184.79643,-1.09374,0.12221
152.89348,0.91942,0.12221
172.58088,-1.41945,0.12221
146.06202,0.30231,0.12222
183.62961,-0.37864,0.12222
152.00034,0.26470,0.12224
229.05652,0.07203,0.12226
143.87514,-0.61477,0.12227
233.37212,1.42895,0.12227
146.14741,0.81735,0.12227
193.85681,0.39338,0.12230
144.72380,0.32586,0.12230
146.24700,1.11532,0.12233
175.80678,1.03978,0.12235
231.41642,-0.64465,0.12236
178.46370,0.39258,0.12236
212.96809,1.12691,0.12237
160.78249,1.19074,0.12239
228.87625,-0.17876,0.12242
144.85687,-0.13423,0.12244
226.84521,0.40265,0.12246
226.56782,-0.51124,0.12246
145.84849,0.05130,0.12249
241.26188,-1.11396,0.12250
166.11477,1.10506,0.12252
185.42999,-1.44544,0.12254
168.30746,-1.00878,0.12254
231.28769,-0.78981,0.12256
214.36499,-0.42670,0.12263
213.28783,-0.89199,0.12266
232.94612,0.30859,0.12272
160.94152,0.79676,0.12274
151.19756,-0.36457,0.12276
185.14492,-0.14392,0.12278
241.25641,-0.97340,0.12279
166.02757,1.03295,0.12283
214.36608,-0.42346,0.12283
166.35738,0.93618,0.12284
197.05231,0.27879,0.12287
150.17206,-1.18695,0.12287
213.56223,-0.17921,0.12288
151.68314,1.04106,0.12292
226.06707,1.00863,0.12292
228.05484,-1.04177,0.12295
248.83374,-0.21551,0.12296
217.89974,-0.16557,0.12298
176.03621,1.25151,0.12298
179.62772,-0.90748,0.12300
165.68599,0.68372,0.12301
229.22679,0.55726,0.12301
185.12545,-0.25269,0.12302
145.49927,0.12145,0.12303
248.19378,-0.45530,0.12305
230.68603,1.37390,0.12306
173.08330,0.31405,0.12308
213.07549,1.17381,0.12309
233.77724,0.73076,0.12309
219.30425,0.76564,0.12310
166.22559,1.01314,0.12311
183.68020,0.12617,0.12311
153.71490,-0.67507,0.12315
137.33966,0.92112,0.12316
153.00870,0.88113,0.12319
144.68691,-0.06652,0.12320
165.77678,0.73610,0.12323
196.58156,1.07186,0.12324
213.38915,1.33965,0.12326
228.51634,1.28519,0.12329
217.60901,-1.13174,0.12329
172.54080,-0.20211,0.12330
213.79820,0.93584,0.12333
230.54056,0.03191,0.12333
232.54659,-0.17175,0.12333
160.81674,0.84988,0.12333
166.31545,1.03256,0.12337
184.86376,-0.46719,0.12337
146.90368,1.03538,0.12338
217.43275,0.89145,0.12341
219.50491,1.41215,0.12341
218.67383,-0.35624,0.12343
217.48463,0.87094,0.12345
213.55414,1.03951,0.12347
141.91642,0.82992,0.12350
194.53827,1.40970,0.12351
217.51020,-0.31181,0.12355
235.18968,0.74431,0.12356
173.25439,1.12419,0.12358
218.03143,-0.13173,0.12359
167.59610,0.18874,0.12360
228.70679,0.40693,0.12362
193.78355,1.14336,0.12364
182.04200,1.29491,0.12365
151.07502,1.40553,0.12370
196.86602,0.48759,0.12373
214.48902,-0.29083,0.12374
242.40948,-0.01914,0.12379
212.78857,0.96997,0.12382
184.11396,-0.14374,0.12392
152.32435,0.76899,0.12394
217.73512,-0.24189,0.12394
183.74599,-0.74867,0.12395
230.89048,1.04242,0.12397
150.28233,0.85327,0.12398
213.84657,-0.03472,0.12406
233.88502,1.38171,0.12410
145.93730,1.14186,0.12412
195.84098,1.32689,0.12414
150.28903,1.09235,0.12415
212.11777,1.02978,0.12416
168.29622,0.28477,0.12419
152.75516,0.66962,0.12419
240.84914,-0.74683,0.12420
179.64835,-0.73891,0.12424
160.57725,0.13885,0.12425
162.30578,0.98402,0.12426
160.84686,0.64337,0.12426
246.97489,-0.96538,0.12428
184.15595,-0.07773,0.12428
193.74650,1.38997,0.12441
159.58211,-0.53608,0.12443
212.91035,0.70529,0.12445
154.35279,-0.14103,0.12445
228.21830,0.65914,0.12451
211.32444,1.15101,0.12453
179.61378,-0.77236,0.12454
227.98775,0.65769,0.12454
205.43867,-0.03822,0.12456
163.37753,0.93698,0.12456
211.42671,1.13093,0.12458
233.97994,1.15042,0.12460
171.71553,0.19398,0.12460
149.80119,-0.14017,0.12471
212.63884,0.88767,0.12474
214.19372,0.39880,0.12474
228.65049,1.17496,0.12475
160.81807,0.79847,0.12477
145.41555,0.04737,0.12477
216.48536,1.01510,0.12479
178.20548,-0.37982,0.12480
171.36261,0.12108,0.12482
191.23486,1.28647,0.12483
218.40939,0.34390,0.12483
240.44186,-0.75255,0.12487
152.37100,0.41742,0.12488
180.17380,0.61299,0.12489
176.33133,-1.08597,0.12489
146.76078,0.01598,0.12490
183.30988,-0.16971,0.12490
228.59595,1.19241,0.12491
231.69586,-0.81527,0.12492
215.40440,0.36846,0.12492
231.88869,0.01756,0.12495
175.69768,0.40818,0.12500
172.40321,0.22798,0.12502
228.26608,-1.47626,0.12505
176.33124,-0.84827,0.12506
152.35499,0.78235,0.12508
180.21317,1.14557,0.12509
182.91290,1.12267,0.12510
191.87565,-0.07173,0.12512
232.13470,-1.01409,0.12512
213.52252,-0.06562,0.12514
163.83399,0.51380,0.12514
167.16862,0.56415,0.12515
160.80445,0.65664,0.12515
213.45967,0.26975,0.12518
183.36179,-0.15640,0.12521
149.58785,1.09312,0.12523
195.98740,0.52954,0.12523
214.17251,-1.21444,0.12524
191.33894,1.40692,0.12525
174.16451,-0.00116,0.12526
171.55274,1.32648,0.12526
179.16324,-0.52669,0.12529
174.39180,0.12735,0.12530
183.73442,0.39715,0.12530
229.38792,1.15260,0.12532
173.35124,1.45640,0.12533
214.60086,-1.35121,0.12534
232.63779,0.37066,0.12535
176.06493,0.86354,0.12536
172.25715,0.46673,0.12536
213.88725,-0.74773,0.12538
155.01587,-0.11395,0.12538
148.80088,0.67021,0.12539
146.85967,-0.09894,0.12539
179.84105,0.22619,0.12540
195.50938,0.33234,0.12542
149.28870,0.00917,0.12544
232.11761,0.06992,0.12545
182.90727,1.09263,0.12546
231.99090,-0.77067,0.12547
213.94627,0.28578,0.12548
232.62580,-1.34755,0.12548
214.48185,-0.16629,0.12549
173.26380,1.32622,0.12553
226.83295,1.32239,0.12554
146.02339,0.02200,0.12554
162.54667,0.21721,0.12555
180.18358,0.93155,0.12555
214.20128,-0.52403,0.12557
163.44995,0.56625,0.12560
163.63037,1.49122,0.12563
195.37786,0.26512,0.12565
228.28589,-1.42272,0.12566
248.11565,0.06372,0.12569
178.67186,-1.47597,0.12571
167.65349,0.06296,0.12572
183.72002,-0.68348,0.12573
146.56889,0.26608,0.12573
217.12141,0.84749,0.12574
183.40798,1.33492,0.12577
179.49702,-0.48404,0.12578
231.89725,-0.85338,0.12579
196.09772,0.56477,0.12580
145.95019,0.07202,0.12582
172.83902,1.20536,0.12583
172.32744,0.58931,0.12585
213.95878,0.24229,0.12585
146.63068,0.07098,0.12586
226.92550,1.02199,0.12586
195.48781,0.41638,0.12587
150.75555,0.76615,0.12589
229.13144,0.11340,0.12592
164.60226,-0.24497,0.12594
154.64153,-0.31100,0.12594
232.95206,-1.18205,0.12598
179.19204,-0.87325,0.12600
191.81250,-0.35897,0.12601
204.83339,0.34143,0.12603
163.24611,0.26844,0.12603
155.91002,-1.10968,0.12603
156.50626,1.32597,0.12605
214.87840,-0.51360,0.12605
215.27166,0.79901,0.12606
148.41574,0.73460,0.12609
206.10457,-0.47727,0.12610
193.35641,-1.46291,0.12610
217.08767,0.93661,0.12611
183.56560,-0.31780,0.12614
205.92756,-0.25476,0.12616
179.42289,0.01111,0.12619
218.73719,0.97254,0.12620
191.43472,0.79964,0.12621
149.19062,-1.24686,0.12621
216.57542,0.83309,0.12623
178.74093,-1.18424,0.12623
183.43625,1.33274,0.12626
179.37636,-0.74965,0.12627
215.40412,0.72086,0.12631
177.06018,1.25737,0.12632
215.86133,0.95490,0.12632
207.93944,0.07408,0.12634
212.88727,0.78693,0.12634
163.03887,-0.64091,0.12635
232.35381,0.65560,0.12635
191.81646,-0.36971,0.12637
229.20562,-0.92135,0.12638
154.50305,1.35452,0.12639
172.40686,0.23016,0.12640
178.40925,-0.62739,0.12646
176.97841,0.66781,0.12649
172.26968,0.58448,0.12650
193.87655,-0.32284,0.12652
208.09172,0.25965,0.12657
204.85093,0.23337,0.12663
179.61118,-0.55252,0.12664
182.95057,1.36108,0.12664
215.57197,0.89205,0.12668
215.17818,0.78270,0.12668
166.84477,-1.07775,0.12669
172.12674,0.65822,0.12669
167.12773,-0.70601,0.12669
169.26923,1.11882,0.12671
168.62410,1.37297,0.12672
213.49599,0.13414,0.12673
214.19411,-0.21573,0.12675
240.15151,-0.17838,0.12680
226.59611,1.14837,0.12684
168.40078,1.27647,0.12684
244.54802,0.00859,0.12686
191.57295,-0.28264,0.12687
215.05670,0.77211,0.12687
228.57915,1.20109,0.12690
155.01623,-0.79317,0.12694
194.95363,0.22916,0.12697
167.11438,0.24860,0.12697
149.03238,0.28813,0.12699
240.58430,-0.77312,0.12699
160.94633,-0.08100,0.12700
215.64136,0.93323,0.12701
215.92376,-0.26478,0.12703
144.84966,-0.45537,0.12703
213.91865,-0.58421,0.12704
135.88211,0.50951,0.12707
214.28687,-1.10840,0.12707
160.84827,0.05548,0.12708
215.17993,-0.93770,0.12710
197.00492,0.99533,0.12711
215.55366,0.74978,0.12712
216.64318,1.02241,0.12716
178.67521,-0.91366,0.12717
158.10301,1.45996,0.12717
232.66367,-0.68860,0.12720
151.48820,-0.23948,0.12721
240.86627,-0.61739,0.12721
217.40137,0.74353,0.12723
163.05741,-1.25085,0.12724
122.19798,1.20532,0.12725
179.42378,0.00863,0.12727
229.18254,-1.06327,0.12728
240.89272,-0.59633,0.12729
206.89332,-0.21168,0.12730
160.62841,-0.30159,0.12734
160.86194,-0.42274,0.12734
212.79313,-0.84928,0.12739
239.74020,-1.15551,0.12739
213.98962,-0.66924,0.12740
146.36033,-0.81666,0.12741
215.89991,0.80381,0.12746
214.29126,-1.16416,0.12747
236.68952,1.27253,0.12747
178.13448,-0.06279,0.12755
178.11975,-0.13807,0.12757
215.91289,-1.03842,0.12757
178.14862,-0.09743,0.12757
214.07268,0.30296,0.12757
230.73192,0.12202,0.12757
213.46142,0.26105,0.12758
179.20992,-0.88855,0.12759
135.52261,-0.61289,0.12766
213.94177,-0.63213,0.12768
172.54481,0.54212,0.12770
230.51131,0.18978,0.12770
215.55256,-0.59853,0.12772
240.11131,-0.17575,0.12773
213.94746,-0.60477,0.12773
145.86564,0.05619,0.12775
217.76216,0.79252,0.12775
166.72668,-0.30313,0.12776
150.97937,1.18293,0.12780
218.51035,0.76200,0.12780
232.53028,0.03546,0.12780
151.21131,1.40461,0.12785
160.61614,-0.19512,0.12794
208.93326,0.57251,0.12795
213.91266,-0.48019,0.12800
215.89113,-1.23494,0.12800
178.15485,-0.40747,0.12801
218.94848,0.98566,0.12802
228.29401,-1.47306,0.12806
171.31784,1.36953,0.12811
155.63513,1.39209,0.12818
192.93489,1.39416,0.12820
166.96105,1.08520,0.12822
231.59501,0.89275,0.12822
177.84773,0.73324,0.12823
171.69038,0.84582,0.12832
213.34267,-0.40164,0.12842
248.47229,-1.17185,0.12846
178.10931,-0.10997,0.12846
232.53948,-0.44710,0.12847
182.74264,-0.80690,0.12849
161.81803,-0.25775,0.12855
241.52575,-1.07872,0.12857
163.03586,-0.96540,0.12858
249.20529,-0.45699,0.12859
191.79984,0.18779,0.12860
216.52261,-0.14844,0.12861
194.65924,0.33505,0.12865
155.65068,1.05140,0.12867
218.93328,1.00042,0.12867
172.41268,0.58149,0.12877
208.93791,0.57444,0.12880
216.88598,0.55905,0.12883
207.13990,0.38891,0.12886
143.46700,-0.18439,0.12887
214.71824,0.88852,0.12893
191.71549,1.31555,0.12893
218.53069,0.87802,0.12894
165.98174,1.33428,0.12895
212.54544,0.34967,0.12897
219.52283,-0.47272,0.12897
183.01996,-1.20355,0.12898
216.37876,-0.19157,0.12899
166.93857,1.30183,0.12902
177.95757,0.25754,0.12902
157.98776,0.92805,0.12903
242.88632,-0.79328,0.12906
231.52898,1.08675,0.12908
167.67725,1.45950,0.12908
226.14617,0.70031,0.12908
182.28898,-0.37967,0.12910
217.17132,0.63203,0.12917
171.44201,1.07094,0.12918
146.37363,0.25554,0.12918
172.83486,0.43358,0.12920
135.81120,0.84632,0.12923
158.91248,-1.10040,0.12929
217.17348,0.65254,0.12930
213.12129,-0.19830,0.12930
166.41281,0.96633,0.12932
242.93301,-0.79127,0.12939
240.68657,-0.68054,0.12939
207.96940,0.68241,0.12940
213.68467,-0.22933,0.12941
142.93401,0.47886,0.12941
209.20576,0.49091,0.12945
204.13408,-0.93266,0.12945
142.59384,1.27683,0.12946
182.47461,-1.31411,0.12954
179.14639,-1.22060,0.12955
156.85879,0.74433,0.12957
160.12803,0.33041,0.12961
181.67842,-0.99059,0.12962
164.06358,-0.30942,0.12962
205.12529,-1.20488,0.12963
179.51936,-1.04166,0.12966
160.10786,0.25594,0.12966
191.81364,0.74518,0.12968
179.80504,-0.82487,0.12970
216.29317,-0.27955,0.12971
182.18164,-0.14817,0.12974
241.51967,-0.56157,0.12976
243.06464,-0.85016,0.12977
164.53899,0.46837,0.12980
132.53064,0.74308,0.12981
182.15537,1.46941,0.12984
162.93870,-0.67541,0.12989
171.87254,0.14997,0.12993
172.21912,0.09198,0.12996
242.54559,0.60148,0.12997
218.70491,-0.15554,0.12997
171.90014,0.15341,0.12997
217.89140,0.36812,0.12998
142.66601,-0.09522,0.12998
230.19272,0.07232,0.13000
194.73098,0.59234,0.13003
160.54272,-0.57848,0.13004
182.18208,-0.16067,0.13005
181.36198,0.29569,0.13006
179.33528,-0.55914,0.13006
165.31737,1.27080,0.13010
222.03614,-0.37903,0.13011
181.38861,-0.12066,0.13016
140.66352,0.13455,0.13023
179.47635,0.91358,0.13028
179.71803,-1.05076,0.13029
181.37823,-0.10069,0.13033
240.50997,-0.65450,0.13034
181.40544,-0.68731,0.13036
166.01656,1.32030,0.13036
141.05834,0.15131,0.13036
217.90264,0.49607,0.13043
209.90649,0.51407,0.13047
217.66723,0.42525,0.13048
171.99776,0.19963,0.13048
209.81196,0.21866,0.13050
217.74501,0.40463,0.13052
230.62724,-0.57652,0.13055
181.40336,-0.14052,0.13055
157.87011,0.24853,0.13056
215.78188,-0.35909,0.13063
216.97668,-1.21989,0.13066
222.05013,-0.41590,0.13068
231.10340,-0.85994,0.13069
172.80235,0.40174,0.13078
146.77711,-0.24199,0.13082
157.66674,1.02059,0.13085
179.65239,0.64371,0.13087
230.17626,-0.76267,0.13088
217.68221,1.07103,0.13092
217.40391,-0.86665,0.13093
216.21709,0.13909,0.13101
225.30796,1.37777,0.13101
216.42235,0.34631,0.13105
135.59404,1.28242,0.13108
179.25043,0.45271,0.13109
218.59967,-1.08669,0.13111
215.46567,-0.18225,0.13119
179.76044,0.85277,0.13119
216.47809,-0.19164,0.13119
159.56524,1.01004,0.13122
221.40816,-0.98429,0.13127
234.48462,-0.72485,0.13127
214.94633,0.43475,0.13128
243.68750,0.15457,0.13129
174.14164,-0.70667,0.13130
217.53161,1.30263,0.13132
159.88429,0.57020,0.13134
169.08882,-0.85197,0.13134
179.78652,-1.18925,0.13134
215.08929,0.24799,0.13140
159.68946,0.98846,0.13141
230.32446,0.69905,0.13142
217.82141,0.37790,0.13145
172.30228,0.44469,0.13147
223.60956,1.28390,0.13150
223.59761,1.32327,0.13153
170.76012,-0.22879,0.13155
132.29544,0.42805,0.13156
145.36211,-0.71402,0.13156
206.94608,0.35138,0.13159
216.97216,-0.58313,0.13160
175.33518,-0.33472,0.13161
159.69308,0.99007,0.13161
179.29394,0.21140,0.13162
159.42281,-0.02235,0.13164
171.02256,0.28256,0.13166
170.92840,-0.20321,0.13167
217.36880,-0.85975,0.13167
169.70736,-0.35272,0.13168
141.39614,-0.40064,0.13170
158.47880,0.74743,0.13172
222.97329,0.83729,0.13176
136.82506,-0.75767,0.13177
221.48496,-0.99542,0.13186
216.95911,-1.24687,0.13190
179.35462,-0.77231,0.13191
172.84153,1.17981,0.13195
136.03822,0.72709,0.13195
217.33336,-0.85839,0.13195
206.82808,-0.89808,0.13197
195.47519,1.03722,0.13198
146.72968,-0.25966,0.13199
241.26153,-0.03103,0.13199
219.98130,1.13216,0.13200
171.87463,0.14492,0.13201
178.81807,-0.50566,0.13203
172.13208,-0.02418,0.13204
243.15370,1.00910,0.13206
230.98860,-0.91051,0.13207
230.93409,-0.83169,0.13209
146.63489,-0.19229,0.13213
206.58985,-0.90970,0.13214
217.58175,0.37274,0.13214
194.88106,1.37058,0.13218
172.04533,-0.53938,0.13221
171.84910,-0.84559,0.13221
244.07137,0.41603,0.13223
240.57607,-0.47568,0.13227
173.12466,-0.54406,0.13232
217.62100,0.32897,0.13232
159.79173,0.70371,0.13235
194.95425,0.91896,0.13235
215.80020,0.07762,0.13235
194.94893,1.03921,0.13236
214.89430,-0.32362,0.13239
179.06520,-0.20552,0.13240
178.54108,-0.78472,0.13241
159.75340,1.33231,0.13241
189.84008,-0.41479,0.13243
217.58738,-0.04969,0.13247
142.41758,1.37247,0.13248
176.65278,1.33087,0.13250
171.72638,-1.04663,0.13251
136.38405,0.39863,0.13251
173.98032,1.06541,0.13254
219.89790,1.01502,0.13255
227.33106,1.06779,0.13256
131.58318,0.83890,0.13257
220.10244,-0.93414,0.13257
218.40332,-1.08502,0.13260
179.78199,0.74292,0.13260
217.64563,0.65445,0.13263
202.65391,-0.10705,0.13267
171.96155,0.11436,0.13268
159.76680,-0.03093,0.13274
194.11298,-0.38867,0.13274
220.17622,-0.88223,0.13274
191.47150,-0.40411,0.13275
194.42987,0.70127,0.13277
208.99208,0.25848,0.13277
160.32252,-1.01509,0.13278
160.15053,-0.22097,0.13278
173.90340,0.47859,0.13280
194.17450,-1.18279,0.13283
173.11136,-0.47201,0.13283
216.50407,0.36746,0.13284
173.45648,0.83675,0.13284
131.57203,1.02554,0.13284
224.97043,-1.03284,0.13284
172.61948,0.98475,0.13285
170.45354,-0.45467,0.13287
184.62154,-1.33271,0.13288
131.42656,0.83336,0.13291
178.70004,0.98213,0.13291
186.94879,1.26016,0.13294
176.05793,1.30113,0.13296
160.03427,-0.42165,0.13305
148.06218,-0.66082,0.13305
170.38566,-0.52764,0.13307
219.82027,0.24919,0.13309
216.89527,-1.23663,0.13314
196.97760,1.45483,0.13314
178.69183,1.07585,0.13319
243.71465,-1.07025,0.13324
173.78950,-0.89963,0.13325
245.04948,0.15545,0.13326
175.85243,0.70250,0.13328
179.35784,1.47003,0.13329
159.70795,1.21521,0.13331
147.81045,0.04649,0.13333
215.53846,1.30067,0.13337
216.36441,0.48617,0.13337
159.72835,1.36226,0.13338
202.66838,-0.35644,0.13344
216.39530,0.37167,0.13344
188.69679,0.98622,0.13345
131.83626,1.44557,0.13347
177.63246,0.88967,0.13347
175.33374,1.09535,0.13348
194.14338,-0.22175,0.13353
176.57972,1.34888,0.13356
160.36766,-1.03838,0.13357
130.86855,0.79804,0.13359
173.40701,-1.10045,0.13367
146.58351,1.22727,0.13371
219.39104,-0.28172,0.13371
193.50429,-0.56704,0.13371
142.33905,1.47390,0.13372
173.45624,0.85468,0.13373
218.41075,-0.95104,0.13375
197.65540,-1.32185,0.13377
133.32281,-1.21408,0.13379
134.60333,0.60195,0.13381
224.47322,1.44091,0.13387
188.41251,-0.19102,0.13387
173.07723,0.29075,0.13388
225.04484,-0.89167,0.13389
178.35074,-1.16652,0.13389
174.51912,1.37735,0.13393
163.16966,-0.28462,0.13395
160.26129,-0.72403,0.13399
231.26396,-1.45276,0.13399
141.18623,0.29623,0.13402
214.25146,0.14243,0.13403
177.56235,0.65775,0.13405
137.43889,-0.82668,0.13405
160.15692,0.92270,0.13406
227.91798,-0.99961,0.13406
228.50919,1.20204,0.13412
208.02981,1.14516,0.13412
190.59476,-0.70855,0.13413
191.58205,-1.26878,0.13415
185.21372,-1.11833,0.13418
165.95197,1.34222,0.13425
219.89845,1.23818,0.13431
187.64464,1.12619,0.13432
188.63880,-0.41960,0.13434
219.58699,0.22817,0.13438
150.58319,0.07051,0.13439
164.07708,0.21732,0.13468
146.95607,-0.34230,0.13468
160.26023,-0.31198,0.13469
171.89557,1.34397,0.13472
175.33932,0.75180,0.13475
178.19499,-0.44199,0.13478
232.61867,0.39749,0.13479
171.84773,0.14350,0.13480
163.96978,0.16888,0.13484
197.15062,-1.38463,0.13490
219.30863,-0.44800,0.13492
191.73199,-1.26398,0.13497
196.64866,1.24176,0.13498
160.08988,-1.02840,0.13498
223.43065,1.29857,0.13498
216.25918,-1.13265,0.13501
194.07144,-0.63955,0.13503
232.88837,0.55345,0.13512
206.28040,0.17171,0.13517
188.96753,1.30857,0.13519
189.44112,-1.23813,0.13531
189.18677,-0.82571,0.13535
145.66358,0.97365,0.13537
178.68149,-1.02462,0.13538
177.18695,-1.28370,0.13539
230.88706,-0.54039,0.13539
138.61485,-0.46610,0.13540
129.14290,0.18837,0.13542
217.72534,0.56452,0.13543
188.45095,-0.15808,0.13547
152.17414,0.69455,0.13548
187.71038,0.05945,0.13550
171.96572,1.36067,0.13551
216.95813,-0.45434,0.13558
189.23258,-0.56191,0.13567
219.23585,-1.45026,0.13570
160.58274,-0.79275,0.13571
213.10377,-0.62764,0.13572
217.71180,0.14821,0.13575
233.21542,-0.69370,0.13576
177.38920,-1.44299,0.13579
216.18643,0.28998,0.13583
177.68581,0.02760,0.13590
241.04934,0.58782,0.13594
141.39844,-0.60009,0.13597
160.37121,-0.63334,0.13600
218.87796,0.78320,0.13602
170.48146,1.30205,0.13612
213.62168,-0.37475,0.13612
145.51643,1.04434,0.13625
192.57935,0.27286,0.13626
177.61268,-1.14005,0.13629
217.64684,-0.43635,0.13631
245.71734,1.19935,0.13635
216.62845,-0.55964,0.13635
176.25835,-1.17835,0.13636
189.17725,-0.42804,0.13636
169.29922,-0.78429,0.13636
201.47138,0.68902,0.13640
223.95203,-0.11536,0.13640
191.63466,1.44518,0.13642
189.07637,-0.27723,0.13644
151.90355,-0.95756,0.13646
140.92120,-0.89100,0.13647
219.41870,-0.44747,0.13648
214.52601,0.05301,0.13648
217.43878,-0.42829,0.13650
232.95403,0.00261,0.13654
152.54525,-0.11021,0.13655
207.56944,1.44718,0.13659
200.07329,0.72979,0.13661
192.39747,-1.05929,0.13661
189.12364,-0.86649,0.13664
217.55677,0.70674,0.13667
140.92347,-0.42751,0.13668
202.59707,0.81394,0.13671
194.05039,-1.19869,0.13671
218.12361,0.94642,0.13672
219.76250,-0.63524,0.13676
150.32393,-0.75028,0.13688
140.49051,0.75333,0.13690
153.71534,-1.18285,0.13693
178.33300,1.20845,0.13693
219.05987,-0.07440,0.13694
213.81869,-0.66128,0.13696
148.59436,-1.17348,0.13700
139.02824,1.30296,0.13701
217.80374,0.92900,0.13701
230.28830,-0.73593,0.13704
141.21173,-0.76636,0.13707
218.43206,-0.60439,0.13708
166.48755,-0.51142,0.13712
165.00533,-0.38467,0.13713
233.86393,-0.02302,0.13714
217.38896,-0.44888,0.13714
219.07830,1.11919,0.13716
228.16587,0.72962,0.13716
192.70362,-1.20873,0.13720
155.89301,0.28497,0.13724
141.88835,-0.46016,0.13725
131.52027,0.34182,0.13728
148.39456,-0.88771,0.13728
177.00576,-0.19969,0.13728
215.40322,-0.54088,0.13728
200.29679,1.28547,0.13732
148.61560,-1.24794,0.13734
228.73684,0.28287,0.13737
168.94322,1.03130,0.13737
221.81541,0.92639,0.13738
225.62521,-0.44487,0.13740
220.46129,1.26439,0.13741
153.67778,1.02423,0.13743
219.16067,1.18301,0.13745
141.92312,-0.43550,0.13746
234.47349,-0.95575,0.13749
232.84577,-1.29115,0.13750
214.96847,-1.30243,0.13751
218.73362,-0.62589,0.13752
150.54879,-0.89706,0.13755
178.79150,-1.10650,0.13755
233.59057,0.08394,0.13756
169.93117,1.33142,0.13757
234.66613,-1.14796,0.13760
178.28460,1.12249,0.13764
247.01911,-1.23722,0.13765
189.35768,-0.28150,0.13766
214.17295,1.25027,0.13767
218.12985,1.07501,0.13769
214.23165,-1.17675,0.13772
176.02645,-0.36742,0.13774
219.73950,-0.65599,0.13775
148.84821,-0.58732,0.13776
234.12540,0.60580,0.13781
218.96703,-1.12282,0.13781
199.60899,1.10536,0.13781
241.78012,-0.64606,0.13782
188.30886,0.62117,0.13784
198.32745,0.66944,0.13784
150.42838,-0.77466,0.13788
233.84068,-0.49804,0.13789
171.66721,1.13526,0.13794
213.46650,0.10548,0.13800
229.34318,0.00015,0.13801
197.35171,0.23637,0.13801
233.02696,-0.79097,0.13802
234.00806,0.51733,0.13803
213.36226,-1.33240,0.13803
150.51190,-1.21984,0.13803
219.15485,-0.27020,0.13804
228.15900,0.52018,0.13805
219.68796,-1.26180,0.13810
212.49923,-1.06602,0.13810
160.55746,-0.33888,0.13811
189.48743,-0.27853,0.13812
218.96892,-0.09093,0.13814
212.89604,-1.25635,0.13816
219.74142,-0.83547,0.13819
209.60527,0.98292,0.13819
176.50959,0.02776,0.13820
213.99371,-1.08866,0.13822
213.64770,-0.16578,0.13828
200.25739,1.19517,0.13828
160.33488,-0.31616,0.13829
216.94423,-1.43223,0.13831
141.00095,-0.09243,0.13834
160.45348,-0.61705,0.13835
213.00577,-0.29104,0.13835
196.97935,-0.99554,0.13837
219.82751,-1.30690,0.13838
148.54241,-1.19458,0.13840
200.06137,0.49182,0.13840
221.93194,-0.21320,0.13840
199.73117,-0.23295,0.13842
213.13944,-0.28008,0.13845
221.09738,0.06000,0.13849
160.48561,-0.20784,0.13855
199.95370,1.49307,0.13856
197.70804,-1.02509,0.13857
212.05123,0.51968,0.13858
223.56513,-0.16438,0.13858
234.09083,0.57053,0.13860
140.78790,0.58012,0.13861
215.86412,-0.71063,0.13865
140.89671,0.44107,0.13870
211.19856,-0.10338,0.13872
198.49322,-0.25682,0.13872
212.47271,-1.28934,0.13874
213.71844,-0.43651,0.13878
143.96232,-0.24495,0.13878
191.28428,-0.90447,0.13883
195.00494,-0.72199,0.13885
137.88967,1.24826,0.13887
200.19587,0.79295,0.13891
208.16584,0.45283,0.13891
200.03122,1.19112,0.13893
154.91788,-0.44021,0.13898
178.84540,-1.07204,0.13898
142.08581,0.34977,0.13898
153.66744,0.55982,0.13898
213.10658,-0.25055,0.13899
189.89275,-0.93024,0.13900
130.23869,1.20157,0.13904
199.87438,-1.14550,0.13906
159.56451,-1.13365,0.13909
191.22636,1.44077,0.13910
180.05128,1.42382,0.13913
197.76731,-0.49872,0.13914
219.82383,-1.47334,0.13917
150.18497,-0.89906,0.13917
140.58708,-0.74560,0.13933
129.61532,1.02751,0.13934
198.24351,-0.36588,0.13934
228.20462,1.16310,0.13936
213.60221,-0.37742,0.13940
177.62726,0.67414,0.13941
140.73425,0.63528,0.13941
230.11669,1.21095,0.13943
141.81554,0.84004,0.13943
160.14142,-0.29947,0.13944
222.95740,-0.46781,0.13945
219.52104,-1.14732,0.13945
178.66998,0.59813,0.13946
218.98145,-0.24391,0.13946
155.57740,0.78026,0.13949
192.27496,-0.65213,0.13951
213.90844,-0.86200,0.13954
199.99529,0.39492,0.13956
219.58681,-0.12917,0.13958
215.83633,0.20596,0.13958
179.67475,0.42307,0.13964
214.25262,-0.67115,0.13966
150.39704,-0.80781,0.13971
142.54212,0.19010,0.13971
234.64527,1.00426,0.13972
188.83008,0.91854,0.13977
227.86346,0.67478,0.13978
214.00080,-1.10422,0.13979
213.53139,-0.39636,0.13980
213.53700,-0.27406,0.13981
218.97298,-0.06751,0.13982
208.22699,-0.05069,0.13986
197.15837,0.77978,0.13987
191.27644,-0.38659,0.13991
242.14799,-0.13750,0.13994
195.34521,-0.36481,0.13995
212.76975,-0.70936,0.13997
202.13584,-1.38993,0.13999
215.50235,-0.23537,0.14000
220.57032,-0.27357,0.14001
213.37380,-0.02579,0.14004
219.97695,-0.03575,0.14004
213.48306,-0.38920,0.14006
172.19164,0.36846,0.14007
210.64761,0.71127,0.14011
199.53964,-0.24788,0.14013
233.34214,-0.41567,0.14014
239.59140,0.41501,0.14014
208.13416,-0.97067,0.14017
171.45548,0.91791,0.14019
246.21905,-0.74024,0.14022
242.15902,-0.12638,0.14023
154.55771,-0.12792,0.14023
174.85718,1.40344,0.14027
213.75777,-0.42459,0.14028
167.96515,-0.22763,0.14029
177.52465,-0.62417,0.14037
158.57954,-0.34242,0.14038
219.48287,-0.20132,0.14040
215.82348,0.25452,0.14042
214.86602,-0.68047,0.14046
230.28655,-1.24911,0.14046
235.15913,1.01893,0.14047
197.31706,0.21366,0.14049
140.48486,-0.74143,0.14049
222.53503,0.91990,0.14050
140.45747,1.25213,0.14051
233.14793,-1.17876,0.14056
233.95172,0.45976,0.14057
227.90865,-0.06841,0.14058
215.74343,0.11374,0.14059
201.76542,-0.03594,0.14062
196.52709,-1.49372,0.14065
180.27045,-0.78215,0.14069
191.30153,-0.75689,0.14070
146.12796,-1.18977,0.14073
215.58723,0.14213,0.14077
196.59388,0.08010,0.14079
180.26958,-0.78754,0.14079
171.23775,0.92167,0.14080
232.04718,-1.32160,0.14082
236.59102,1.37041,0.14084
139.61500,1.38881,0.14091
235.04960,0.84295,0.14091
159.71764,0.14117,0.14092
213.89450,-0.31167,0.14097
227.75490,-0.30748,0.14098
210.80041,0.23364,0.14103
220.93743,-0.25066,0.14103
190.76971,-0.71304,0.14104
207.02177,-1.36525,0.14105
203.44799,-1.11891,0.14107
214.51753,-0.95174,0.14111
198.18095,0.96970,0.14113
208.14803,-1.02847,0.14115
189.33432,1.31255,0.14117
219.13622,-0.12917,0.14118
214.32858,-0.61052,0.14125
215.76478,0.09783,0.14129
198.26120,0.72971,0.14134
240.26247,0.80681,0.14136
215.86136,0.12583,0.14142
143.54597,-0.32098,0.14142
208.16829,-0.76441,0.14142
145.20738,-0.86305,0.14146
174.08300,-0.38631,0.14148
206.97575,-1.31413,0.14149
173.82165,-0.97595,0.14150
160.88994,0.62411,0.14151
163.19261,-0.53946,0.14152
213.46508,-0.16927,0.14156
173.21881,0.46319,0.14158
202.61015,-0.93238,0.14160
218.86838,-0.20341,0.14169
144.90601,-0.80235,0.14170
198.20974,0.74584,0.14171
140.55826,-0.12541,0.14175
173.15635,0.28192,0.14177
203.19334,0.92372,0.14178
189.09559,-0.86765,0.14183
166.93632,0.99756,0.14183
157.88776,-0.29410,0.14187
203.36061,1.44737,0.14188
227.15862,-0.02156,0.14194
167.04928,1.38622,0.14196
234.69644,0.68342,0.14196
201.91806,0.04852,0.14197
166.14976,1.28410,0.14199
184.41948,0.12916,0.14200
245.57755,0.76561,0.14201
213.27324,0.34229,0.14202
149.71815,0.87054,0.14206
203.38627,-0.92600,0.14206
141.06345,-0.00645,0.14213
192.95632,-0.42461,0.14215
198.76056,0.76782,0.14216
233.78650,0.49266,0.14216
227.04154,-0.82304,0.14217
223.78662,-0.34077,0.14228
180.54953,1.04992,0.14232
211.99089,-0.30125,0.14239
224.04133,-0.90625,0.14241
222.13221,-0.94762,0.14243
237.06723,0.73250,0.14247
192.08195,-0.51527,0.14249
238.33398,0.89268,0.14251
237.29455,0.99996,0.14251
203.93800,-0.78880,0.14252
217.65079,1.42131,0.14255
170.88623,0.92664,0.14257
145.78109,-0.60534,0.14258
203.83519,-0.97742,0.14260
213.46257,0.46149,0.14269
233.40241,-0.21625,0.14271
207.36695,-0.75205,0.14271
199.06959,1.10214,0.14271
233.72074,-0.11096,0.14272
146.36651,0.85118,0.14275
190.77337,-0.75668,0.14275
224.95261,0.80799,0.14277
170.72837,0.43435,0.14277
174.81571,-1.11486,0.14277
204.36990,-0.53929,0.14278
209.97748,0.14943,0.14279
207.82741,1.46869,0.14279
143.08258,0.22559,0.14280
246.04690,0.33041,0.14281
227.17774,0.32594,0.14282
183.83477,-0.58633,0.14285
209.37837,0.00445,0.14292
238.12784,1.07124,0.14296
188.95064,-0.90794,0.14296
221.98682,-0.93038,0.14299
246.06914,0.34279,0.14301
169.31006,-0.78263,0.14302
197.06631,-0.07152,0.14308
190.78951,-0.78373,0.14309
147.03200,0.77535,0.14315
165.68055,1.11357,0.14315
205.18925,-0.46546,0.14318
209.88995,1.12171,0.14319
204.72850,-0.71698,0.14323
169.34838,-0.02462,0.14329
145.63394,-1.05060,0.14330
169.67813,1.36202,0.14331
209.24256,-0.30265,0.14332
189.07915,-1.09398,0.14335
232.65727,1.05381,0.14336
234.32976,-0.95170,0.14344
143.04060,0.25505,0.14348
170.01950,0.48576,0.14350
180.70763,1.09152,0.14351
153.72680,0.01946,0.14351
145.94798,0.21201,0.14357
220.31261,-0.82441,0.14358
220.37009,-0.84940,0.14359
205.96160,0.77146,0.14360
242.08774,-0.19189,0.14364
245.42678,-0.57254,0.14368
160.74357,-1.14496,0.14369
190.58660,-0.21842,0.14371
190.26573,0.50775,0.14373
216.89078,1.49559,0.14373
217.85980,-1.33534,0.14377
169.91438,0.95330,0.14381
234.51765,-0.82492,0.14384
209.42188,-0.06099,0.14387
170.13480,-1.18346,0.14388
221.79844,-1.17497,0.14388
211.43728,-0.87446,0.14389
234.79753,-1.18110,0.14397
153.63016,0.99920,0.14402
220.51742,-0.81640,0.14402
234.51836,-0.82622,0.14403
214.20462,0.27255,0.14403
188.64352,0.64749,0.14406
195.60878,1.23334,0.14409
160.68449,-0.17593,0.14412
188.92119,-1.01629,0.14413
203.82436,0.65131,0.14414
197.09894,-0.32306,0.14416
145.90721,0.40090,0.14418
214.06146,-0.95531,0.14418
213.48749,-0.13649,0.14418
169.76983,1.17357,0.14421
169.49888,0.52631,0.14422
147.27217,-0.67573,0.14425
210.41866,-1.16814,0.14425
213.75606,-0.50427,0.14428
195.65020,1.18599,0.14446
202.78367,-0.52742,0.14447
207.27988,1.40399,0.14447
138.46479,0.16008,0.14452
188.94844,-0.96584,0.14452
190.28604,0.35257,0.14455
179.39299,-0.96995,0.14455
219.45994,-0.20187,0.14459
194.10424,0.16876,0.14462
215.41127,0.78083,0.14463
203.70240,0.54873,0.14469
175.09519,-1.01941,0.14474
206.16501,0.44605,0.14475
188.73490,1.48530,0.14487
205.07153,0.03490,0.14489
168.54464,1.21953,0.14489
179.15309,-1.30798,0.14494
169.21018,-1.23021,0.14495
171.16635,0.02960,0.14496
221.84751,-1.19547,0.14498
202.94812,-0.19304,0.14499
205.28871,-0.72570,0.14499
225.86761,1.44038,0.14500
190.17756,1.08617,0.14503
171.17316,-0.02288,0.14504
190.09720,0.92853,0.14506
156.76244,1.49860,0.14509
232.55036,-1.07179,0.14510
203.42452,-0.01738,0.14512
212.54843,1.26529,0.14515
145.77842,-0.13455,0.14516
204.89268,-0.27657,0.14518
213.01383,1.04257,0.14520
191.32463,-0.12036,0.14524
207.53624,1.25285,0.14527
216.66542,0.84988,0.14532
221.16898,-0.99762,0.14539
171.97388,-0.67192,0.14544
145.64525,-0.81552,0.14551
135.83749,-0.34008,0.14554
190.20478,0.61153,0.14556
171.81994,-0.65078,0.14565
142.47611,0.46474,0.14569
204.21663,1.42180,0.14569
228.18309,-0.70524,0.14573
205.30872,-0.74893,0.14577
204.99105,1.38854,0.14578
145.60120,-0.00139,0.14582
226.42742,0.58925,0.14586
203.31181,-0.84089,0.14591
222.12868,1.42484,0.14592
179.44067,-0.96761,0.14593
137.78469,1.21981,0.14597
145.42138,0.53371,0.14599
171.54443,-0.37576,0.14599
225.35532,-0.75389,0.14600
206.66764,-0.23522,0.14603
205.04215,0.03847,0.14611
185.73389,-1.21333,0.14612
170.84308,0.46164,0.14614
195.63523,0.60564,0.14614
223.52229,1.40288,0.14620
229.75621,0.22068,0.14622
221.31829,-0.90985,0.14622
145.64345,-0.68482,0.14623
154.23771,0.10869,0.14623
226.49167,-0.20732,0.14625
203.78023,-1.36251,0.14625
226.52291,-0.04344,0.14630
191.55218,-0.54076,0.14630
122.36874,0.01091,0.14632
137.51244,0.98160,0.14633
208.82284,0.32878,0.14634
215.41657,0.78047,0.14634
233.44060,-1.45084,0.14635
191.57494,-0.32689,0.14635
203.56806,0.02877,0.14637
145.38903,1.16142,0.14637
234.28047,1.47718,0.14640
145.46323,-0.84422,0.14641
189.86398,0.48868,0.14643
213.88700,-1.24383,0.14644
131.44146,1.20308,0.14645
212.91195,0.39183,0.14649
136.99520,0.58379,0.14655
212.94822,-0.27337,0.14658
145.40988,1.02653,0.14661
179.72415,-1.16878,0.14662
200.49279,-1.26287,0.14665
220.82648,-0.80086,0.14667
137.60774,0.97842,0.14667
206.31993,-1.18188,0.14668
200.12033,1.13795,0.14670
145.49628,-0.73679,0.14676
145.38815,-0.69227,0.14679
215.75974,0.44022,0.14679
146.33806,0.72218,0.14680
219.61986,1.36873,0.14680
238.00306,0.75867,0.14684
233.25041,-0.87163,0.14685
190.02928,0.81680,0.14687
157.39189,-0.05738,0.14688
192.62064,1.00553,0.14689
141.08029,0.18226,0.14690
156.79829,1.37876,0.14690
207.46416,0.14021,0.14691
209.90824,-1.15641,0.14695
221.37833,-1.04787,0.14696
169.35053,1.33192,0.14697
207.27693,0.28414,0.14698
241.87798,0.31740,0.14702
223.07964,0.13541,0.14704
130.00499,0.63349,0.14704
191.90946,0.34930,0.14706
220.82670,-0.66987,0.14709
192.46971,-0.53986,0.14711
188.74501,0.31580,0.14713
154.60576,0.19836,0.14719
188.91572,0.56538,0.14721
204.59322,1.15364,0.14721
223.28208,0.84313,0.14723
163.96032,-0.08150,0.14729
160.63772,-1.23368,0.14730
207.88936,-0.94523,0.14730
198.92250,-0.13852,0.14739
171.16371,0.07428,0.14740
200.09354,0.96960,0.14741
207.19694,0.29469,0.14752
142.59659,-0.20095,0.14753
126.86000,0.34887,0.14753
143.32656,0.44087,0.14754
212.58892,-1.30012,0.14759
218.51175,-0.64337,0.14759
136.69866,1.26511,0.14762
165.97215,1.49187,0.14764
163.38994,-0.02788,0.14764
162.49420,-0.25104,0.14767
201.05124,-1.27225,0.14767
145.27784,-0.73314,0.14767
189.28161,0.74933,0.14773
170.65795,0.39196,0.14774
214.47719,-0.52140,0.14774
136.09821,1.07579,0.14777
187.66051,-0.99570,0.14778
199.92796,0.58005,0.14784
201.92806,-0.44165,0.14784
135.86549,1.22537,0.14784
170.50672,0.59770,0.14791
228.68336,-0.83484,0.14792
214.41157,-0.27167,0.14793
237.22095,0.80589,0.14794
156.65581,1.45769,0.14798
145.25864,1.29153,0.14798
156.38446,0.93914,0.14798
189.81943,0.85685,0.14804
248.67548,-0.80300,0.14806
233.26009,-1.45713,0.14814
236.77513,0.57748,0.14814
152.64079,-0.18611,0.14814
221.82809,-1.26293,0.14816
245.50903,-0.30607,0.14820
220.14767,0.05162,0.14822
209.33326,-1.46706,0.14823
207.96270,-0.51113,0.14823
156.02929,0.40933,0.14824
208.57602,-1.07582,0.14825
193.72376,1.15911,0.14828
190.20348,1.44305,0.14829
218.08340,0.65782,0.14831
241.71593,0.42358,0.14833
221.78576,-1.28637,0.14833
213.95732,-1.13611,0.14835
142.36473,0.11911,0.14841
220.28987,0.09191,0.14842
185.66887,-0.20456,0.14843
145.26936,-0.47042,0.14844
158.22502,-0.70057,0.14845
208.47798,-1.48589,0.14847
123.60808,0.52297,0.14848
196.87170,1.41378,0.14849
207.87025,0.10151,0.14850
142.82336,-0.10456,0.14851
137.71622,1.20942,0.14852
221.87044,-1.22965,0.14854
126.25284,0.00462,0.14856
220.44028,-0.47061,0.14860
187.43080,-1.49668,0.14861
145.36478,-0.34279,0.14862
157.30071,1.11390,0.14865
229.24188,-1.36066,0.14866
185.46408,0.34259,0.14868
221.14943,-1.13838,0.14868
221.00939,-0.94708,0.14870
185.66702,-0.18956,0.14871
249.80377,-0.07099,0.14875
141.88005,1.09008,0.14877
135.89738,0.34690,0.14881
154.42014,0.52790,0.14882
217.11829,-0.94304,0.14883
126.92501,0.28223,0.14885
234.93529,-1.34717,0.14886
213.92641,-1.11410,0.14890
212.68278,0.62213,0.14893
221.07176,-0.83327,0.14894
135.63878,0.44952,0.14894
220.38509,-0.70740,0.14897
205.18436,-0.79241,0.14899
249.33253,-0.22282,0.14901
219.95467,-0.31579,0.14903
144.89702,0.27277,0.14906
212.62664,0.67859,0.14907
220.56409,-0.19498,0.14908
120.21456,-0.40611,0.14908
154.77448,0.61919,0.14910
157.14223,0.02144,0.14914
220.35296,-0.67647,0.14914
170.83263,0.31952,0.14916
145.67849,-0.79140,0.14919
162.63373,0.45129,0.14919
126.81813,0.30950,0.14923
141.78356,1.30417,0.14925
142.31232,-0.53997,0.14933
171.47536,-0.37332,0.14935
185.48097,0.32928,0.14937
235.59692,-1.32151,0.14940
233.26232,-0.82313,0.14942
211.03515,-0.95706,0.14943
208.55276,-1.02932,0.14943
207.15180,-1.23239,0.14947
155.35636,-0.25332,0.14948
190.26529,1.23341,0.14948
233.38825,0.73402,0.14948
249.31575,-0.25538,0.14950
220.92383,-1.01979,0.14953
161.23436,0.91947,0.14956
161.20686,-0.25016,0.14959
220.99584,-0.96994,0.14959
219.35347,0.13137,0.14961
164.67297,0.41419,0.14962
207.75151,-0.38098,0.14963
219.79903,0.65612,0.14964
207.78116,-0.34022,0.14967
155.20280,1.45187,0.14970
220.37083,0.02724,0.14979
216.00448,-0.45198,0.14981
219.86592,0.54890,0.14982
220.86193,-0.72091,0.14986
213.89887,-1.25699,0.14986
161.90281,1.24629,0.14987
144.96086,-0.86367,0.14988
163.10837,-0.11991,0.14991
144.61397,0.11133,0.14994
222.06630,-1.24427,0.14998
219.89284,0.53148,0.15003
220.30204,0.80371,0.15010
215.46910,-0.31812,0.15011
178.98255,-0.97212,0.15012
164.76761,-0.82514,0.15015
248.43254,0.40531,0.15015
206.14748,-1.31178,0.15016
217.92065,0.92840,0.15016
161.14194,0.97548,0.15021
189.92390,0.18446,0.15027
220.84168,-0.63135,0.15028
219.35919,1.21056,0.15028
223.08218,-1.26073,0.15031
157.66143,1.32713,0.15034
126.76927,1.08257,0.15035
173.89408,0.00245,0.15038
208.16987,-1.05293,0.15038
142.50744,-0.46238,0.15039
141.84767,1.12368,0.15041
214.64665,-0.68263,0.15042
163.90223,0.08213,0.15044
154.84544,0.61207,0.15046
198.05646,0.88713,0.15046
158.87690,-0.43868,0.15049
187.13297,-1.49946,0.15050
144.86275,0.27144,0.15051
207.93812,-0.05211,0.15053
144.98873,-0.04749,0.15055
159.99924,1.11886,0.15056
206.73390,0.66767,0.15062
184.83221,0.04431,0.15064
189.65971,0.03603,0.15065
216.05790,0.11605,0.15066
168.89510,0.91300,0.15070
161.63515,-0.85576,0.15070
184.47251,0.54956,0.15072
216.49055,-0.37194,0.15072
214.63306,-0.03340,0.15075
218.97459,1.28457,0.15076
232.75901,0.43981,0.15079
218.25079,1.24719,0.15085
128.57548,0.36770,0.15087
249.63917,0.77071,0.15095
145.01648,0.24901,0.15099
201.42626,-0.04815,0.15102
233.40792,-0.58714,0.15110
180.21764,-0.45816,0.15117
160.78533,0.82576,0.15117
232.93739,0.56256,0.15131
208.55996,-0.76402,0.15131
242.27539,-0.81743,0.15133
220.16728,-0.00463,0.15136
215.87246,1.03545,0.15141
145.09964,-0.47950,0.15142
160.96550,1.40339,0.15153
133.05747,-0.38093,0.15156
215.26667,0.45118,0.15156
187.47641,0.73629,0.15156
202.71769,0.37003,0.15157
145.20053,0.87098,0.15158
187.10577,-0.83931,0.15160
180.74936,-0.07866,0.15161
174.59904,-1.05232,0.15166
224.55674,1.20822,0.15166
178.49320,-0.47532,0.15172
142.65527,0.77034,0.15172
219.08998,1.45789,0.15174
171.26670,-0.84116,0.15176
143.41516,1.12886,0.15182
241.57222,0.42557,0.15185
215.69958,0.81368,0.15186
198.65185,0.06667,0.15189
241.77078,0.38579,0.15191
166.33746,1.11410,0.15196
156.83663,-0.24247,0.15198
183.41951,1.25517,0.15199
241.97831,-1.02059,0.15204
171.14920,-1.12270,0.15204
227.79638,-0.79083,0.15204
145.11227,-0.79994,0.15206
191.13038,-1.16135,0.15208
196.57757,1.45465,0.15210
170.71333,0.97782,0.15217
166.43264,1.22411,0.15220
185.30830,-1.37900,0.15222
242.20993,0.24309,0.15232
162.42304,-0.18652,0.15234
220.76942,-0.65153,0.15242
137.37189,-0.58038,0.15242
165.99136,1.04227,0.15244
229.68543,0.39447,0.15246
226.94578,-0.50119,0.15257
247.86162,-1.17202,0.15265
162.86627,-0.68940,0.15268
234.49628,0.23403,0.15268
145.61886,-0.97269,0.15271
201.55219,0.52054,0.15274
201.85169,0.26499,0.15283
201.81199,0.41928,0.15283
214.53680,-1.37626,0.15288
198.99398,1.44833,0.15292
142.28253,0.99528,0.15295
148.41749,1.29672,0.15296
234.49046,0.84599,0.15296
222.80787,0.80506,0.15299
226.89499,-0.32199,0.15303
148.55920,-0.76022,0.15304
226.92543,-0.36305,0.15310
232.53363,-0.36128,0.15318
233.11362,-0.77567,0.15323
145.55632,0.23847,0.15326
188.40681,-0.37464,0.15327
141.23505,0.30821,0.15328
187.35662,0.13050,0.15338
177.13681,-0.73585,0.15340
215.34402,-0.25187,0.15345
209.18490,0.71425,0.15347
230.93794,1.05865,0.15354
167.69085,0.71056,0.15363
232.52428,-0.37630,0.15375
169.28569,1.33292,0.15378
235.99155,-0.92539,0.15378
231.70504,0.38545,0.15379
232.27123,-0.74857,0.15380
243.52342,0.13344,0.15381
244.77267,0.40163,0.15392
233.18855,-0.64556,0.15400
140.35221,-0.40957,0.15407
214.01383,-0.46833,0.15413
189.34643,-1.39221,0.15420
151.78363,-0.21168,0.15422
170.64449,1.05490,0.15423
235.94801,-0.88957,0.15424
232.03698,0.06290,0.15428
235.37752,0.02542,0.15429
233.61015,-1.31674,0.15438
227.48890,1.32492,0.15439
175.48033,-1.40648,0.15439
163.60846,-0.70086,0.15444
139.15454,-0.71269,0.15445
172.36313,0.03654,0.15447
238.36807,-1.16853,0.15449
169.32751,0.32834,0.15449
230.26301,0.59620,0.15452
225.18385,1.25043,0.15452
233.53511,-0.94828,0.15452
142.60188,-0.70771,0.15457
234.95813,-1.42907,0.15459
231.79515,0.17204,0.15460
178.65966,1.25299,0.15461
244.82728,0.30487,0.15463
163.37008,-0.72033,0.15465
187.17373,-0.33813,0.15468
233.30092,-0.63123,0.15484
163.63350,1.25002,0.15486
233.47826,0.26270,0.15486
140.16195,-0.72894,0.15487
142.88605,0.02962,0.15489
187.24927,1.04582,0.15490
187.38592,-0.22923,0.15491
218.37013,0.02281,0.15491
184.99225,-0.59183,0.15495
175.80180,-1.45853,0.15496
232.21164,-0.35335,0.15496
230.50566,-0.23950,0.15499
142.61919,-0.72103,0.15500
184.98990,-0.55706,0.15503
125.86611,1.32939,0.15506
187.12599,-0.35642,0.15511
228.72852,1.03731,0.15515
167.16393,0.48462,0.15517
228.30623,0.75068,0.15517
191.49758,-0.57691,0.15518
191.60372,-1.16534,0.15519
155.98391,-1.16469,0.15519
215.72234,-1.49059,0.15527
148.20388,1.38161,0.15527
229.85087,0.58196,0.15538
127.10826,1.00357,0.15543
131.53912,-0.46063,0.15544
166.79582,0.25108,0.15546
164.76231,1.16131,0.15547
142.55927,0.61495,0.15547
230.69561,1.08055,0.15548
230.88151,1.34846,0.15551
191.67265,-0.54580,0.15554
155.14790,-0.98449,0.15554
239.63524,-0.89922,0.15557
126.82754,1.25641,0.15560
164.19857,0.89418,0.15565
243.54599,1.06275,0.15578
166.47565,-0.16392,0.15584
184.12327,0.63650,0.15586
184.50349,-0.88855,0.15589
243.56217,1.06998,0.15590
233.23221,-0.10978,0.15594
134.60210,-1.19304,0.15599
172.13622,0.20167,0.15601
186.93105,-0.40501,0.15603
239.02193,-0.69231,0.15605
231.14140,1.07959,0.15607
131.64452,0.65844,0.15608
169.04255,-0.19218,0.15610
169.51128,-0.89061,0.15612
184.53417,-0.86964,0.15615
126.61618,0.11070,0.15616
239.92997,0.31503,0.15616
148.25575,0.29639,0.15621
229.20958,0.63991,0.15622
176.30724,-0.10116,0.15631
225.89161,0.71405,0.15631
129.36121,1.04696,0.15632
187.23860,-0.56685,0.15634
172.34062,1.34222,0.15636
221.11433,0.08260,0.15642
185.05913,-0.61884,0.15647
137.72964,0.35393,0.15648
132.06221,1.04013,0.15651
176.52089,-0.52701,0.15654
126.01773,0.94309,0.15657
202.10580,0.42996,0.15663
239.52915,-0.88546,0.15666
186.59833,0.52773,0.15666
184.57774,-1.01760,0.15666
245.73887,0.98685,0.15670
130.63669,0.66368,0.15671
176.66641,-1.14961,0.15672
176.30809,-0.54461,0.15674
185.42149,-0.52643,0.15676
232.37277,0.99053,0.15677
185.81040,-0.25612,0.15679
133.10682,0.99806,0.15683
145.96323,1.45726,0.15685
134.85795,0.14326,0.15686
189.41798,-1.34355,0.15689
203.20329,0.82484,0.15691
126.97561,-0.21272,0.15693
218.16506,0.18257,0.15697
165.67814,-1.11761,0.15708
176.64773,-1.12954,0.15709
184.37076,-1.06639,0.15710
167.28038,-0.49380,0.15710
238.86429,0.32083,0.15711
185.01216,-1.11140,0.15720
232.86426,-0.62991,0.15720
245.93463,-0.13845,0.15721
233.31036,-0.85630,0.15725
185.46202,0.33982,0.15728
184.46558,0.09730,0.15730
178.06379,1.04347,0.15731
232.94333,-0.73107,0.15738
183.94093,-0.85406,0.15742
178.63920,0.96692,0.15746
184.78685,-1.03349,0.15748
178.93108,0.06670,0.15750
185.03636,0.17668,0.15753
132.72557,0.51342,0.15754
185.33193,-0.78506,0.15755
140.35470,0.46230,0.15757
156.38068,0.43147,0.15758
226.71361,-1.04288,0.15758
221.04684,0.75804,0.15761
134.81666,0.30458,0.15764
186.31770,-0.41183,0.15768
181.39349,-0.85281,0.15774
240.15145,-0.07705,0.15778
165.32410,-1.00412,0.15781
199.05103,-1.03032,0.15782
177.98124,1.42504,0.15783
240.86918,-1.09224,0.15784
186.20916,-0.31690,0.15785
123.80477,0.75757,0.15792
159.15230,-0.57937,0.15800
140.18423,0.46810,0.15810
239.10896,0.55571,0.15812
184.81152,-0.16589,0.15812
186.76002,-0.71059,0.15822
235.22630,-0.84848,0.15822
186.29609,-0.18104,0.15838
156.55451,-0.67026,0.15842
184.56719,-0.83402,0.15844
236.24335,1.43949,0.15845
133.69294,0.27277,0.15847
238.33744,-0.51801,0.15847
185.13671,0.07151,0.15852
185.71351,-0.54135,0.15854
161.77551,-1.11261,0.15858
179.75830,1.49643,0.15866
182.18453,1.17478,0.15869
129.00670,0.95378,0.15882
165.09024,-0.78265,0.15888
193.08087,0.02829,0.15889
185.43029,0.32952,0.15889
156.46386,-0.58818,0.15892
238.63860,1.16181,0.15893
233.94381,-1.38499,0.15897
199.14695,0.78254,0.15903
178.44099,0.34612,0.15909
169.39258,-0.40868,0.15917
216.24003,0.80193,0.15918
146.46647,1.33109,0.15926
227.94546,-1.21758,0.15927
233.33030,-0.75035,0.15933
233.86747,-0.96726,0.15939
186.20674,-0.31899,0.15940
145.16573,1.26974,0.15945
169.72127,-0.49239,0.15959
186.73599,-0.68326,0.15963
185.19444,1.39409,0.15967
127.08789,0.85589,0.15969
158.80625,-0.55143,0.15969
241.01438,0.00995,0.15973
149.91598,0.44735,0.15976
213.35494,-0.74743,0.15978
202.02336,1.07966,0.15987
216.04389,0.66386,0.15990
224.24466,1.08187,0.15990
181.11974,0.16206,0.15993
178.09523,1.39486,0.15996
144.29101,0.83327,0.16003
216.71659,-0.35620,0.16004
155.72274,-1.06549,0.16008
224.42893,-1.16411,0.16008
125.31233,1.39658,0.16019
165.07162,-0.97461,0.16019
228.71890,0.91521,0.16023
230.28415,1.46000,0.16024
177.23959,0.04896,0.16029
140.37623,-0.64987,0.16029
169.63559,0.48843,0.16037
186.65514,-0.63195,0.16038
210.89082,-0.76795,0.16041
177.34765,-0.21495,0.16042
147.73297,-0.72032,0.16042
135.63915,0.88015,0.16043
209.63487,0.57872,0.16044
137.82882,0.21427,0.16055
235.18090,0.91674,0.16056
199.18724,0.38704,0.16066
177.20883,-0.19922,0.16067
137.34893,-0.30703,0.16068
209.28694,-0.66172,0.16069
202.10857,1.16292,0.16078
177.32930,0.30177,0.16084
228.38592,0.83966,0.16085
162.38540,-0.27131,0.16092
199.27391,-0.88883,0.16092
178.23685,0.32915,0.16094
147.87054,-0.95821,0.16105
139.43808,-0.56300,0.16105
181.97951,0.93364,0.16111
161.42132,0.37432,0.16115
128.75696,1.21996,0.16115
193.26203,-0.56125,0.16121
138.35135,-0.50205,0.16123
216.99085,-0.32459,0.16133
194.22113,-1.01228,0.16141
212.86427,-0.98844,0.16143
204.82092,0.47052,0.16163
216.85447,-0.32869,0.16163
218.35518,-0.04901,0.16165
187.02927,-0.60262,0.16166
146.77163,1.01030,0.16168
218.88140,-0.06863,0.16172
156.48145,-0.63101,0.16176
141.58136,1.49482,0.16181
205.01467,-1.07508,0.16187
148.75197,-1.14037,0.16189
243.38003,-1.09221,0.16193
152.44115,0.80304,0.16195
187.79912,-1.27074,0.16197
180.33129,-0.10888,0.16202
187.78044,-1.34569,0.16202
152.27252,0.91707,0.16205
148.63567,1.49818,0.16213
216.86366,-0.97807,0.16228
134.71503,1.13054,0.16229
182.26715,1.20473,0.16229
136.40681,1.42970,0.16233
178.28686,-0.27382,0.16234
194.18580,-0.47837,0.16241
234.08340,0.26189,0.16245
178.46607,-0.45054,0.16252
217.80332,0.62805,0.16263
216.85035,-0.24865,0.16266
146.00114,1.24615,0.16270
182.39891,1.01039,0.16280
135.86288,1.34255,0.16281
218.23724,-0.75282,0.16283
180.19979,1.44164,0.16287
137.19608,0.54612,0.16291
194.27112,0.99369,0.16298
210.25448,-0.25458,0.16299
248.87688,-1.09023,0.16300
180.18770,-0.16409,0.16306
188.22103,-0.75856,0.16307
210.83691,-1.22907,0.16310
209.13159,-0.26895,0.16310
247.06318,0.97692,0.16312
246.96642,1.02568,0.16312
129.70132,0.17602,0.16316
216.80168,-0.38635,0.16316
218.24783,-0.74465,0.16326
202.04936,-0.81940,0.16326
246.77341,1.20409,0.16326
146.02152,1.29416,0.16326
204.40044,0.23078,0.16328
136.41199,1.43600,0.16328
244.76494,-0.27988,0.16328
232.54169,0.05823,0.16332
137.51915,-1.20043,0.16340
180.52691,0.92097,0.16344
235.30606,0.95814,0.16345
163.39739,-1.15664,0.16350
246.57788,0.22629,0.16351
219.91682,0.49751,0.16351
223.69862,1.09761,0.16351
247.33990,0.08635,0.16365
146.90637,1.12503,0.16366
246.48159,0.86281,0.16370
138.70069,0.28419,0.16375
234.02482,-0.93893,0.16376
215.70548,0.47625,0.16381
213.29657,0.84462,0.16382
179.87072,0.93887,0.16384
168.69213,0.28924,0.16387
234.15527,-0.16111,0.16390
139.45084,0.66110,0.16392
249.12896,-0.22600,0.16392
249.70314,-0.35121,0.16394
187.94996,0.79525,0.16397
248.02239,0.45659,0.16397
145.84294,0.74786,0.16399
210.72191,-1.04765,0.16400
198.12703,0.85854,0.16402
145.90016,1.27948,0.16413
193.76515,1.37605,0.16416
147.97524,0.71404,0.16418
215.68575,0.52148,0.16419
138.02213,0.48366,0.16419
187.82309,0.69670,0.16426
160.71831,0.82588,0.16426
153.83149,-1.00941,0.16430
244.53866,0.02214,0.16433
235.22062,0.88440,0.16445
206.33126,0.97009,0.16447
150.09869,1.42821,0.16451
145.79884,0.65050,0.16451
151.16938,-0.24626,0.16453
242.61554,-0.71290,0.16454
130.76769,-0.12711,0.16455
215.74837,0.58671,0.16456
163.37738,-1.16396,0.16456
127.04737,-0.61049,0.16463
160.53344,0.80206,0.16468
234.35982,-0.81730,0.16474
235.73208,1.40420,0.16474
212.35839,0.72861,0.16475
211.21795,0.17775,0.16481
248.18887,-0.39177,0.16484
180.27671,-0.11483,0.16489
206.18789,-1.31204,0.16489
137.97049,1.29053,0.16500
244.43554,-0.08796,0.16500
134.92890,1.29775,0.16500
233.21796,-1.06237,0.16508
210.11080,-0.42499,0.16512
148.65516,-1.03300,0.16513
234.69058,0.38859,0.16514
193.82547,0.34337,0.16516
139.25969,-0.50878,0.16522
179.64594,-1.02330,0.16534
192.45313,-0.62906,0.16534
209.99417,-0.19185,0.16535
214.82629,1.31786,0.16536
139.30363,1.02407,0.16540
211.47564,0.03547,0.16543
232.85785,1.00033,0.16543
246.63362,0.23581,0.16543
138.48738,-0.05393,0.16547
248.06731,0.51223,0.16547
161.72639,1.12186,0.16549
142.95212,-0.19856,0.16552
247.32877,0.26281,0.16559
142.73261,-0.33328,0.16561
132.56746,0.49441,0.16572
138.20418,-0.24104,0.16573
235.34243,0.98794,0.16578
167.00204,0.96228,0.16579
187.37541,-0.41069,0.16579
233.20668,-1.02554,0.16581
217.39706,0.80437,0.16587
168.51721,0.19947,0.16595
208.17236,0.15716,0.16596
189.81140,0.87699,0.16608
236.66209,0.87941,0.16608
190.57457,-1.29193,0.16611
234.87385,-0.38425,0.16613
190.88469,-1.11676,0.16615
209.92553,0.82296,0.16619
138.85597,0.36085,0.16627
167.21313,1.04264,0.16629
129.27189,-0.07830,0.16637
138.51985,-0.02352,0.16645
138.50861,0.19047,0.16653
211.73945,1.31550,0.16654
232.43753,-0.63232,0.16655
207.88944,-1.29913,0.16656
180.51042,-0.01175,0.16663
209.56572,1.16527,0.16668
138.50021,-0.01209,0.16672
149.80592,-0.64338,0.16674
145.73651,1.22518,0.16674
210.18006,0.64096,0.16674
206.15830,-0.86713,0.16676
127.84173,-0.22717,0.16681
223.52456,-0.84921,0.16690
162.19005,-0.00850,0.16702
210.13945,0.84144,0.16704
149.80716,-0.12433,0.16704
139.28545,-1.37372,0.16709
209.70498,1.37880,0.16710
210.00446,0.33105,0.16713
179.96588,-1.04255,0.16715
215.67422,0.50604,0.16716
149.82437,-0.11259,0.16717
155.66737,-1.06354,0.16718
209.04118,0.88482,0.16719
215.83306,0.51920,0.16731
244.66687,0.57684,0.16731
140.14433,-0.35348,0.16736
215.39527,0.82973,0.16744
181.16220,0.48231,0.16752
190.72923,-0.89441,0.16755
129.40135,-0.55338,0.16760
244.26643,-0.98855,0.16761
143.82241,-0.92281,0.16761
162.21878,-0.03981,0.16772
180.44317,-0.48761,0.16784
150.13970,-0.56762,0.16789
233.83636,0.92367,0.16791
244.62670,0.83771,0.16795
194.74339,-0.74190,0.16798
141.23120,1.31399,0.16804
206.91450,0.84025,0.16804
244.02625,0.08116,0.16805
215.39765,0.83763,0.16810
205.59242,-1.43393,0.16813
162.17507,0.00705,0.16815
149.13562,-0.69462,0.16820
209.55149,1.15771,0.16821
215.27729,0.95343,0.16824
190.85699,-1.20195,0.16825
227.15077,1.44857,0.16837
225.35797,-1.49126,0.16840
210.01659,1.35086,0.16848
202.77306,-0.74006,0.16854
212.87870,-0.18146,0.16855
180.36253,-0.44732,0.16858
202.78603,-0.65517,0.16868
192.31436,-0.63007,0.16870
150.22920,-0.72783,0.16890
192.33436,-0.72661,0.16890
179.41706,-0.01726,0.16892
218.48312,-1.32285,0.16896
195.74698,1.28241,0.16899
179.46060,0.06100,0.16903
195.16086,-0.66065,0.16905
216.01638,0.06622,0.16907
216.31821,-0.61512,0.16907
185.36818,0.21867,0.16909
243.70525,0.40631,0.16911
156.99572,-0.78194,0.16914
215.75522,-0.82239,0.16915
203.40619,-1.35526,0.16916
179.15924,0.04459,0.16918
211.92198,1.45085,0.16921
179.07128,-0.74759,0.16925
209.44952,-0.80236,0.16925
243.77171,0.23391,0.16927
179.08787,-0.02825,0.16930
243.50656,0.51685,0.16931
223.65281,-1.46522,0.16932
150.19074,-0.61473,0.16933
244.12095,0.30545,0.16936
209.86676,1.36864,0.16937
170.07401,-0.71115,0.16945
243.48809,0.84918,0.16951
180.74005,-0.78143,0.16952
190.51770,-0.58378,0.16959
171.61439,0.29932,0.16960
215.14850,0.99391,0.16961
180.04407,-0.59354,0.16967
243.48267,0.29711,0.16968
138.13109,-0.11962,0.16969
214.84350,1.24940,0.16972
177.67319,0.11615,0.16975
182.42879,0.78914,0.16987
210.14815,1.44223,0.16989
215.15370,0.94218,0.16991
204.90982,0.51362,0.16993
191.78331,-0.96105,0.17007
190.53840,-0.14949,0.17009
137.88168,1.48648,0.17013
130.90423,-0.42468,0.17014
181.39326,-1.35319,0.17015
155.98809,-0.61396,0.17019
205.71940,0.43693,0.17019
207.17783,-0.19108,0.17020
185.04392,-0.27026,0.17023
177.36036,0.00870,0.17029
203.08557,-0.61393,0.17034
207.63132,0.51109,0.17037
193.26737,-0.85683,0.17051
190.06383,-0.55103,0.17054
230.17266,1.49218,0.17056
149.65371,-0.02857,0.17056
195.13629,-0.36530,0.17058
208.29744,1.26093,0.17066
176.97503,-0.79238,0.17066
220.27357,-0.33937,0.17076
207.77131,1.40832,0.17076
185.60212,0.35464,0.17077
190.87987,-1.21108,0.17078
143.24763,0.74415,0.17093
202.07452,0.01821,0.17098
190.14290,1.12789,0.17102
243.58698,1.10584,0.17103
150.19596,0.49963,0.17109
190.78282,-1.13820,0.17110
205.94555,-0.68966,0.17116
188.15551,0.85382,0.17116
126.91494,-0.59304,0.17117
248.29586,0.17395,0.17118
184.45597,0.47788,0.17127
221.23552,0.62768,0.17132
145.17365,-0.24635,0.17136
222.93953,-0.15538,0.17136
210.13149,-1.35817,0.17138
205.39567,-1.38552,0.17144
196.28946,-0.02993,0.17146
197.49785,-0.85736,0.17147
184.45043,0.46341,0.17148
149.80779,0.06741,0.17148
143.07395,0.47497,0.17150
221.90861,0.56075,0.17160
196.07207,0.00689,0.17164
180.39854,-1.13242,0.17172
204.11415,-0.16277,0.17182
180.21691,-1.09796,0.17194
128.96822,-0.22159,0.17196
204.62541,-0.59025,0.17199
221.90411,0.98878,0.17203
142.24233,0.76334,0.17206
185.57310,-0.12905,0.17208
222.00976,1.04120,0.17212
212.11863,-0.23099,0.17220
190.05176,-0.96593,0.17223
247.84104,0.85383,0.17225
136.72554,-0.50050,0.17225
222.46719,1.06340,0.17233
224.23723,0.03131,0.17242
186.72531,-0.43266,0.17245
200.45133,-0.53722,0.17247
204.46673,-1.47528,0.17248
193.81171,-0.98786,0.17250
194.71823,-0.66616,0.17258
195.16640,1.10237,0.17265
214.34631,1.25640,0.17266
227.86456,0.91761,0.17270
173.45967,-1.03971,0.17277
214.71571,0.90134,0.17287
227.76797,1.06055,0.17290
198.60245,-1.46485,0.17303
150.39547,1.25046,0.17304
148.90099,0.60628,0.17311
232.63555,1.23646,0.17315
135.32957,0.01228,0.17319
134.83623,-0.08291,0.17324
169.73767,1.18482,0.17324
200.12962,-0.68141,0.17325
149.21287,0.90180,0.17336
183.63083,0.60121,0.17349
133.78796,-0.57982,0.17352
150.87764,1.10249,0.17353
212.90264,-1.43534,0.17354
149.22809,0.83782,0.17355
204.59403,-1.37182,0.17364
215.88523,-0.04248,0.17371
151.07927,-0.14130,0.17376
139.96251,-0.21300,0.17378
214.21732,0.76507,0.17399
158.13870,0.99738,0.17399
233.44894,-0.01899,0.17400
163.73109,1.33466,0.17403
216.18745,-0.32497,0.17404
136.74420,1.10295,0.17409
207.22296,0.96195,0.17409
220.69090,-0.13289,0.17417
216.04169,-0.22993,0.17418
196.64547,0.20140,0.17430
196.64659,0.15756,0.17434
150.80482,0.81329,0.17435
179.80867,0.51850,0.17435
222.44592,0.72188,0.17436
196.19063,1.08268,0.17440
201.70719,0.21231,0.17445
197.86425,-1.40847,0.17453
150.85024,1.10630,0.17454
213.99822,1.15533,0.17480
207.68138,1.01284,0.17489
199.24576,-0.93010,0.17500
216.13378,-0.16534,0.17505
197.02293,1.07416,0.17508
171.07214,-0.30704,0.17510
141.37463,-0.58793,0.17527
133.97923,-0.51764,0.17530
143.81865,-0.64734,0.17567
216.37168,-0.68656,0.17577
142.26246,1.33658,0.17578
133.54876,-0.28859,0.17579
169.51885,0.01604,0.17588
164.68230,0.21530,0.17609
153.94179,-1.07930,0.17624
196.76710,0.31739,0.17624
179.66535,1.49851,0.17627
203.46138,-0.27158,0.17628
164.49982,0.38480,0.17629
210.00774,-0.78441,0.17641
220.62977,0.34577,0.17643
160.02091,1.28330,0.17648
147.51973,-1.08333,0.17652
151.30959,-0.27497,0.17653
131.85489,1.07482,0.17657
181.42249,-0.23887,0.17659
133.65003,0.21818,0.17669
197.44077,-0.79121,0.17669
169.50769,0.03681,0.17671
151.34828,1.07102,0.17672
200.45120,-0.49620,0.17676
196.53996,0.70419,0.17677
221.25404,1.26611,0.17682
156.66636,0.71603,0.17682
183.40896,-1.25216,0.17686
215.99577,-1.07511,0.17693
220.61343,0.33732,0.17695
182.05745,0.11797,0.17702
133.78105,-0.50353,0.17705
156.98489,0.10120,0.17706
179.49926,1.47645,0.17708
197.15509,1.10787,0.17709
224.46304,0.52610,0.17710
176.54493,0.03709,0.17725
151.60947,0.60631,0.17725
141.75109,0.83487,0.17726
141.86809,0.92509,0.17735
145.88888,1.40972,0.17738
236.69565,1.24768,0.17741
212.64524,1.01836,0.17746
165.27680,1.24516,0.17758
183.98803,-1.07515,0.17762
240.19786,0.89852,0.17764
197.57030,-0.95341,0.17764
197.57397,-0.65461,0.17771
212.75304,0.71979,0.17771
197.39732,-0.90177,0.17772
205.38478,-1.21817,0.17774
197.45704,0.93703,0.17776
162.77189,1.30537,0.17786
242.85312,0.25333,0.17786
196.02550,0.87944,0.17787
220.86049,0.47262,0.17788
175.83571,1.24263,0.17789
151.22194,0.21196,0.17791
197.46874,-0.99205,0.17794
151.50884,1.20118,0.17795
183.43808,-1.23841,0.17829
146.03208,1.33572,0.17829
199.03917,-0.05774,0.17830
212.73318,0.61307,0.17838
198.77685,-1.44247,0.17839
150.81107,0.55869,0.17844
151.23769,0.21542,0.17848
178.53067,-1.30344,0.17856
151.48288,0.56490,0.17869
197.37800,-1.09232,0.17869
220.32331,-0.19708,0.17887
180.41231,-1.29193,0.17890
176.77405,0.71545,0.17892
205.36704,-1.18333,0.17894
248.12637,1.07433,0.17896
214.18866,-0.08669,0.17896
150.49822,0.47740,0.17897
178.68448,-1.14083,0.17906
225.49287,0.41473,0.17909
201.83387,-0.22053,0.17915
180.32142,-0.97815,0.17921
180.06024,-0.77443,0.17922
180.30561,-0.22263,0.17923
219.38765,-0.57582,0.17946
220.05761,0.01084,0.17947
199.89589,1.31696,0.17950
158.29777,1.21123,0.17951
178.29717,-0.85471,0.17953
154.15278,-0.99281,0.17959
151.00021,-1.16298,0.17960
198.42734,-0.01005,0.17961
220.81545,-0.53425,0.17967
241.40949,-1.05166,0.17967
213.53389,1.09869,0.17967
220.69520,0.72466,0.17972
206.98443,0.54320,0.17974
249.79283,0.64541,0.17975
199.61437,1.18552,0.17976
202.02188,0.12524,0.17993
199.37447,-1.18762,0.17998
146.69457,0.17236,0.18001
227.96368,-1.10693,0.18004
212.74274,0.86693,0.18008
180.63976,0.27508,0.18011
191.10327,-0.41071,0.18013
207.24727,0.62382,0.18016
199.91656,1.23878,0.18025
189.45579,0.19621,0.18030
181.98359,-1.06336,0.18037
171.51460,0.78698,0.18044
178.23114,-0.79077,0.18048
182.46330,-0.67204,0.18052
130.74943,-0.95441,0.18055
199.80519,-1.03283,0.18058
177.29133,0.69037,0.18071
201.51700,-0.44192,0.18074
158.61509,0.82415,0.18076
164.82780,-0.88440,0.18076
157.11403,1.08908,0.18082
219.76009,-0.18198,0.18084
205.66287,-1.46569,0.18087
218.92553,-0.93606,0.18094
213.73618,-0.03592,0.18099
177.59961,-1.00837,0.18104
154.27577,-0.50347,0.18116
197.93263,-1.25005,0.18118
212.78878,-0.24201,0.18121
173.84476,0.69391,0.18122
224.79844,0.67876,0.18124
209.94097,0.42339,0.18143
171.64938,0.31128,0.18143
200.43099,-0.97936,0.18149
197.74705,-0.99348,0.18151
182.47789,-0.55766,0.18158
182.39544,-0.75486,0.18162
214.15180,-0.50000,0.18169
162.96326,0.06430,0.18181
249.44609,0.43503,0.18182
141.13127,0.63958,0.18184
153.79488,-0.80881,0.18184
157.44524,-0.03182,0.18189
165.97375,-1.18915,0.18198
141.02034,0.48239,0.18203
225.80100,-0.26730,0.18209
210.82253,0.11527,0.18218
160.48299,0.79938,0.18219
151.30388,-1.10585,0.18222
146.07707,0.19167,0.18228
249.62929,0.23443,0.18230
206.16925,-1.21494,0.18230
219.77429,-0.11053,0.18234
213.02442,-1.05610,0.18236
152.47585,-0.32842,0.18240
136.87299,-0.21168,0.18245
186.97796,1.35810,0.18251
182.91589,-0.71685,0.18253
183.25999,-0.65724,0.18260
214.15423,-0.50577,0.18261
149.92304,0.58422,0.18274
140.68031,-0.61864,0.18274
122.46271,0.18107,0.18284
157.55241,-0.17962,0.18286
122.84452,0.73531,0.18290
182.91127,-0.37437,0.18300
182.47725,-0.57788,0.18309
157.48070,-0.08245,0.18312
190.07334,-1.30028,0.18313
169.20406,-0.03271,0.18318
183.73757,0.50245,0.18329
158.61943,-0.84978,0.18332
239.99362,-0.18356,0.18333
191.44527,-1.36396,0.18335
211.00395,-0.23151,0.18347
183.70112,0.08575,0.18353
186.51593,-1.26355,0.18353
220.31996,-0.97585,0.18355
201.23074,-0.99629,0.18359
195.14789,-0.81025,0.18370
210.80291,-0.47686,0.18393
217.40927,0.15327,0.18409
210.76664,-0.10203,0.18410
158.26077,0.09530,0.18415
226.02782,-1.07352,0.18416
167.46254,0.86147,0.18423
152.25384,0.36200,0.18424
136.36792,-0.57477,0.18426
137.01210,-0.25731,0.18428
159.89731,1.13710,0.18432
158.61269,-0.60181,0.18435
170.56769,1.26291,0.18451
182.45405,-0.59102,0.18451
155.26752,0.74231,0.18453
201.58997,1.03717,0.18454
167.81367,0.68186,0.18462
158.59226,-0.41002,0.18463
184.44888,-0.05489,0.18463
222.77214,1.15569,0.18479
165.25754,1.09650,0.18480
167.83420,0.84841,0.18486
234.13629,0.87902,0.18487
182.50962,-0.67368,0.18490
198.46759,1.00720,0.18490
242.96246,-0.22938,0.18493
224.12837,0.22633,0.18500
167.55432,0.21011,0.18501
183.58983,-0.56143,0.18504
151.78794,-0.58152,0.18504
196.16273,0.41703,0.18507
205.44429,0.05778,0.18510
196.53501,1.47001,0.18510
222.83337,-1.15704,0.18514
213.95515,0.92980,0.18515
167.14635,-0.76926,0.18516
185.68556,-1.37553,0.18517
157.72055,0.64364,0.18518
184.91961,0.28417,0.18520
149.06016,-0.29292,0.18521
195.93052,-0.09215,0.18535
198.54320,-0.88960,0.18539
205.91444,0.21712,0.18556
168.41614,0.24338,0.18559
172.60458,0.52183,0.18560
185.72848,1.04938,0.18563
167.25113,-0.55606,0.18568
152.46268,-0.31251,0.18574
226.05757,-0.63742,0.18575
196.08280,0.43505,0.18589
152.39877,1.19587,0.18593
169.94943,0.76453,0.18596
170.04412,0.91623,0.18598
183.62830,1.37001,0.18599
195.97119,0.05272,0.18618
184.27479,-0.22998,0.18628
184.28963,-0.27131,0.18629
182.61299,1.43914,0.18640
167.86755,0.79403,0.18661
167.38226,-1.01560,0.18667
158.65293,1.43044,0.18668
226.70791,-1.17260,0.18677
221.27142,-1.18311,0.18684
184.27511,-0.26138,0.18685
167.91885,-1.05610,0.18686
182.46202,-0.56693,0.18691
153.72972,0.56041,0.18694
157.60857,0.85079,0.18699
211.20337,0.50479,0.18707
195.18862,-0.57857,0.18709
225.80750,1.31770,0.18713
153.37757,-0.41865,0.18714
185.67547,-1.36075,0.18729
167.90873,-1.03063,0.18729
213.36900,-0.77614,0.18731
201.49499,-0.43557,0.18733
158.58520,0.03916,0.18762
159.63977,0.45144,0.18773
190.00517,-0.77998,0.18783
194.84112,0.31949,0.18787
227.47474,-1.43410,0.18802
209.20589,-1.25625,0.18806
196.64181,-0.82799,0.18807
154.41800,1.14677,0.18814
185.19662,1.45261,0.18814
172.51727,1.14189,0.18824
175.06982,-0.77569,0.18826
189.92139,-1.22623,0.18829
195.59503,1.36123,0.18829
192.37507,-1.14022,0.18838
197.81102,-1.24136,0.18842
128.68831,1.33175,0.18850
196.83385,-0.87143,0.18854
158.12340,0.99755,0.18873
209.32794,0.24749,0.18873
210.87288,0.11148,0.18878
198.97971,1.41792,0.18878
160.35333,1.18360,0.18884
209.67610,-0.29278,0.18885
182.65948,-0.78644,0.18885
194.76582,-0.28029,0.18887
206.74473,-1.40923,0.18897
222.87613,0.17458,0.18916
235.49129,-0.56457,0.18925
178.22433,-0.90592,0.18944
215.39764,1.38464,0.18947
195.79844,-0.64825,0.18949
213.27326,0.45843,0.18968
208.08933,0.73652,0.18975
133.28280,-0.39781,0.18977
209.23880,-1.23988,0.18988
199.71657,-0.04944,0.19006
159.54897,-0.32973,0.19009
155.04741,-0.04593,0.19019
196.59140,-0.82794,0.19036
200.87100,0.35641,0.19037
200.68752,-0.88604,0.19038
197.51502,1.34576,0.19041
226.80692,1.13935,0.19049
219.80524,1.33864,0.19055
144.73890,0.36025,0.19055
216.61044,0.46201,0.19074
196.89093,-1.05199,0.19083
161.21458,0.87238,0.19087
158.75941,-0.06062,0.19089
159.70012,-0.93626,0.19099
130.30837,-0.00543,0.19101
197.86850,0.21171,0.19105
195.84707,-0.95634,0.19107
133.63155,-0.78239,0.19109
192.74620,-0.42263,0.19112
237.28487,0.41627,0.19116
216.25121,-0.62644,0.19118
125.01977,-0.64669,0.19118
215.77116,-0.36939,0.19143
217.39654,1.49005,0.19156
207.28363,-1.42287,0.19166
216.09890,-1.01954,0.19166
133.71817,-0.47875,0.19168
196.25550,-0.90347,0.19184
215.86326,-0.75921,0.19185
124.94390,-0.36454,0.19210
134.54837,1.29807,0.19216
128.34358,0.79548,0.19221
160.88788,-1.05679,0.19228
168.35265,-1.09833,0.19230
215.87969,-0.76044,0.19232
223.10835,0.69184,0.19235
216.57397,0.53424,0.19241
187.73738,-0.78651,0.19260
184.14614,-1.08927,0.19283
135.49210,-0.41578,0.19287
130.75053,0.53741,0.19295
188.20729,-0.55152,0.19304
186.84359,-0.77984,0.19317
135.59506,-0.25632,0.19317
151.73239,-0.76375,0.19317
213.69373,-0.06918,0.19338
138.46763,1.28687,0.19346
121.98706,-0.44409,0.19349
146.21636,0.65945,0.19365
139.44819,0.74552,0.19367
168.12493,0.64127,0.19367
167.80993,1.48362,0.19396
132.37906,0.38849,0.19401
227.46285,-1.35774,0.19402
219.66060,-0.78616,0.19405
167.80959,1.48437,0.19405
192.05188,-1.05019,0.19405
132.66662,0.94823,0.19410
221.00580,-0.63471,0.19414
147.62287,1.26058,0.19416
140.78535,0.87155,0.19447
217.90988,-1.24679,0.19449
172.72744,1.10392,0.19454
192.19482,-1.33265,0.19460
124.25498,1.42314,0.19481
132.67756,0.17750,0.19507
135.07217,-0.24278,0.19517
132.62811,0.63839,0.19524
230.33943,1.07767,0.19525
177.74992,0.97931,0.19525
136.24346,-0.27616,0.19529
168.85750,0.80766,0.19533
191.67193,1.43119,0.19569
172.89494,0.99837,0.19578
178.00767,0.85835,0.19585
246.41415,-0.30803,0.19585
178.03801,0.44183,0.19599
188.07897,-0.67368,0.19604
132.59973,0.26013,0.19608
215.99307,-0.03479,0.19616
207.65508,0.15520,0.19638
173.44446,0.19931,0.19639
194.37165,-0.97264,0.19641
187.03937,-0.90175,0.19660
216.28648,0.44346,0.19667
168.16175,0.05049,0.19673
208.77605,0.76871,0.19678
173.27027,0.24031,0.19679
169.42799,1.31475,0.19689
150.79221,-0.10092,0.19694
153.32424,-0.73554,0.19697
121.78738,0.33069,0.19698
151.58353,-1.08276,0.19699
196.18730,-0.32087,0.19703
209.42199,0.30193,0.19706
209.20790,-1.45961,0.19712
198.94600,-0.06072,0.19714
183.35134,1.30198,0.19734
172.98002,0.68328,0.19746
214.19797,-0.80515,0.19754
207.95015,-0.63608,0.19758
181.46628,1.45095,0.19761
209.66487,-0.96930,0.19762
221.29311,0.06203,0.19793
235.44311,0.05883,0.19799
197.13296,0.66414,0.19802
135.60396,-0.29491,0.19825
173.59532,1.41964,0.19827
179.88737,0.37289,0.19835
135.51818,0.85139,0.19837
180.08572,1.03537,0.19853
138.84539,1.03225,0.19866
135.67148,0.75593,0.19867
149.53391,0.91465,0.19878
184.48737,-0.24825,0.19881
183.77204,-1.46094,0.19885
167.06671,0.80242,0.19893
134.97002,-0.36781,0.19895
178.72830,0.84483,0.19907
234.77230,-1.46185,0.19911
136.55936,-0.00886,0.19930
133.73245,0.14692,0.19939
195.15574,1.03420,0.19941
139.21178,0.27972,0.19942
134.07911,1.21854,0.19944
155.66238,0.68795,0.19952
179.67922,0.69576,0.19954
181.20414,-0.08479,0.19956
234.29644,-1.16250,0.19956
140.71994,-0.04273,0.19958
183.15667,1.13285,0.19963
213.43215,1.27185,0.19972
228.16618,-0.93816,0.19978
136.50252,0.01595,0.19979
233.75159,-0.98537,0.19979
235.24493,-0.55217,0.19983
179.66035,0.70871,0.19983
134.15355,1.31678,0.19994
