iers_name,ra_deg,dec_deg,n_delays,err_mas,defining
2357+025,0.080343,2.804081,357,0.3925,0
2357-326,0.085000,-32.350343,348,0.2068,0
2357+028,0.112594,3.121013,495,0.2453,0
2358+406,0.221171,40.900503,387,0.2103,0
2358-161,0.272203,-15.851965,387,0.2019,0
2358+605,0.279583,60.856333,540,0.1647,0
2358+189,0.285923,19.242723,5970,0.0562,0
2358+024,0.289731,2.719334,325,0.3135,0
2358-080,0.325104,-7.774145,291,0.2193,0
2359-221,0.549923,-21.886074,296,0.1925,0
2359+747,0.629715,74.996426,213,0.2582,0
0000-006,0.738230,-0.413132,293,0.5285,0
0000+019,0.812345,2.249301,411,0.4133,0
0000-199,0.816456,-19.697334,298,0.2947,0
0000-197,0.827813,-19.456210,345,0.4119,0
0000+212,0.830625,21.495697,611,0.1453,0
0000-177,0.841478,-17.453299,364,0.3271,0
0000-160,0.863601,-15.784849,291,0.3880,0
0001+478,0.941840,48.117815,342,0.3970,0
0001-120,1.020479,-11.816218,496,0.1027,0
0001+459,1.067199,46.254992,465,0.1142,0
0002-478,1.148565,-47.605446,708,0.0970,1
0002+200,1.148993,20.328422,544,0.1216,0
0002+541,1.268181,54.473590,584,0.0943,0
0002-350,1.274688,-34.763793,269,0.3720,0
0002-018,1.279466,-1.545871,419,0.2931,0
0002-170,1.324724,-16.801300,382,0.2899,0
0002+051,1.334231,5.403001,555,0.1771,0
0002+691,1.376961,69.399737,154,1.6555,0
0003+380,1.488231,38.337541,2159,0.0620,0
0003+158,1.496824,16.163617,701,0.1346,0
0003-302,1.504681,-29.930582,267,0.3896,0
0003+340,1.530761,34.372335,683,0.1679,0
0003-066,1.557887,-6.393149,69972,0.0434,0
0003+123,1.596067,12.598083,557,0.1304,0
0004+240,1.703289,24.376776,573,0.1190,0
0004+413,1.722136,41.586516,172,1.0201,0
0005+021,1.932667,2.442292,220,1.1652,0
0005+568,1.951953,57.102900,503,0.1058,0
0005+101,1.981993,10.462305,322,0.3338,0
0005-239,2.001540,-23.655042,350,0.2018,0
0005+114,2.003493,11.733549,451,0.2288,0
0005-262,2.109385,-25.986539,340,0.2656,0
0005-137,2.116737,-13.491826,191,0.3388,0
0005+683,2.139470,68.622791,298,0.3000,0
0006-363,2.140255,-36.023621,272,0.9865,0
0006+061,2.266383,6.472567,469,0.1812,0
0006+397,2.267390,40.029640,407,0.1321,0
0006+06A,2.321063,6.431874,368,0.2165,0
0007+177,2.395252,18.061948,303,0.1964,0
0007-325,2.398157,-32.276925,287,0.3081,0
0006+771,2.429550,77.411668,264,0.3406,0
0007+757,2.450976,76.055046,356,0.2719,0
0007+016,2.494407,1.965319,457,0.3505,0
0007-048,2.501619,-4.563474,369,0.1442,0
0007+205,2.619763,20.797163,515,0.1943,0
0007+439,2.625194,44.211807,512,0.1316,0
0007+106,2.629191,10.974862,5627,0.0514,1
0007+171,2.641628,17.405211,1431,0.0847,0
0008-311,2.645457,-30.904250,270,0.4866,0
0008-307,2.648926,-30.463172,264,0.2068,0
0008-300,2.688239,-29.753661,291,0.3705,0
0008-421,2.718823,-41.886328,234,0.6823,0
0008-222,2.723542,-21.951172,436,0.1614,0
0008-264,2.755195,-26.209271,10649,0.0479,0
0008+006,2.876680,0.964410,648,0.1298,0
0008+704,2.882929,70.758785,656,0.0875,0
0009+081,2.896957,8.398774,1187,0.0701,0
0009-148,2.918566,-14.567954,1528,0.0939,1
0009+070,3.034797,7.330903,375,0.2783,0
0009+467,3.122095,47.076316,422,0.1503,0
0009+655,3.156962,65.853006,279,0.5106,0
0010+336,3.197426,33.894020,525,0.1365,0
0010-401,3.249624,-39.907238,1021,0.0949,0
0010+463,3.318704,46.602408,653,0.1279,0
0010-155,3.336258,-15.229940,348,0.2323,0
0010+405,3.379709,40.860318,7436,0.0474,1
0011-046,3.475546,-4.397860,438,0.1379,0
0011+189,3.484900,19.178310,465,0.1971,0
0011-052,3.585139,-4.991339,81,0.5803,0
0012+610,3.703300,61.295428,418,0.1435,0
0012-184,3.760383,-18.214134,609,0.1503,0
0012-008,3.764154,-0.583150,278,0.6054,0
0012+319,3.775614,32.270364,463,0.1418,0
0012+077,3.857724,8.034503,300,0.2536,0
0013-184,3.893019,-18.123774,555,0.2031,0
0013-240,4.023911,-23.731167,293,0.5121,0
0013-005,4.046202,-0.253457,5175,0.0533,1
0014+813,4.285312,81.585593,75936,0.0432,0
0015-054,4.399238,-5.211602,506,0.1002,0
0015+145,4.403766,14.850522,416,0.3277,0
0015+529,4.465666,53.205312,575,0.1109,0
0015-028,4.468432,-2.605339,377,0.1949,0
0015-280,4.495858,-27.805993,283,0.3257,0
0016+039,4.657075,4.262308,439,0.1981,0
0016-013,4.822787,-1.065996,229,0.5535,0
0016-223,4.845117,-22.091094,388,0.1863,0
0016+453,4.870949,45.628637,476,0.1890,0
0017+296,4.907460,29.933867,277,0.5514,0
0017+200,4.907727,20.362679,76388,0.0432,1
0017+257,4.915752,26.047855,607,0.0944,0
0017-307,4.927814,-30.522041,295,0.2011,0
0016+731,4.940776,73.458338,267996,0.0429,1
0018+715,5.261724,71.839103,477,0.1219,0
0018+729,5.364063,73.211648,405,0.1795,0
0019+451,5.527547,45.426072,548,0.1089,0
0019-000,5.605941,0.248935,323,0.4071,0
0019+058,5.635172,6.134519,32244,0.0439,0
0020+015,5.659271,1.784007,319,0.2087,0
0020+446,5.897677,44.943266,522,0.1080,0
0021+040,5.909020,4.283454,204,1.6552,0
0021-084,6.002803,-8.186125,361,0.2440,0
0021+464,6.089740,46.735064,476,0.1206,0
0021+243,6.113877,24.657286,349,0.2075,0
0022-423,6.179125,-42.034430,236,0.3617,0
0022-044,6.191597,-4.200430,478,0.1552,0
0022-227,6.351031,-22.463222,461,0.1851,0
0022+390,6.358990,39.326511,351,0.1464,0
0023-263,6.454818,-26.036837,255,0.5023,0
0023+083,6.476080,8.619834,533,0.1824,0
0023-354,6.568280,-35.213554,261,0.1694,0
0024+348,6.673853,35.145076,322,0.7144,0
0024-114,6.714347,-11.214563,257,0.4758,0
0024+597,6.763692,59.981378,301,0.1780,0
0024+092,6.774140,9.499379,372,0.1958,0
0024+224,6.814048,22.699463,579,0.1222,0
0024-372,6.824760,-36.949915,106,1.0370,0
0025+449,6.926095,45.249188,356,0.2216,0
0025+197,7.124244,20.007429,11190,0.0464,0
0026+076,7.191626,7.966474,622,0.2119,0
0026-015,7.254108,-1.228266,461,0.1509,0
0026+048,7.264967,5.159685,510,0.1992,0
0026+346,7.309343,34.942291,399,0.2404,0
0026+324,7.387559,32.747442,406,0.2861,0
0027+056,7.441235,5.911309,615,0.1092,0
0027+05A,7.551113,5.924142,316,0.4314,0
0027+703,7.560054,70.627795,567,0.0916,0
0027-426,7.572886,-42.412911,279,0.2222,0
0027-024,7.632599,-2.198926,505,0.1305,0
0027+587,7.681059,59.072139,286,0.5134,0
0028-017,7.730285,-1.475347,361,0.2601,0
0028-137,7.763435,-13.449618,308,0.4455,0
0028-396,7.851381,-39.380380,264,0.4554,0
0029-414,7.866918,-41.137745,217,0.5586,0
0029-147,7.985049,-14.438707,527,0.2591,0
0030+196,8.159744,19.898271,147,1.6214,0
0030+048,8.246949,5.167084,379,0.3794,0
0031-040,8.399677,-3.758754,351,0.2767,0
0031+211,8.570165,21.444888,456,0.2194,0
0032+276,8.681192,27.907145,551,0.1259,0
0032-011,8.683008,-0.903621,497,0.1958,0
0032-188,8.741195,-18.552963,293,0.3085,0
0032+612,8.855461,61.508545,499,0.1153,0
0033+082,8.931284,8.537735,307,0.6412,0
0033+143,8.933700,14.633881,464,0.1415,0
0033-088,8.942710,-8.598345,334,0.2547,0
0033+079,9.067188,8.251120,331,0.4455,0
0033+098,9.099030,10.132907,270,0.1644,0
0033+142,9.146288,14.567672,428,0.2309,0
0034-014,9.267129,-1.152339,237,0.4321,0
0034+623,9.268048,62.609252,262,0.3534,0
0034-220,9.311775,-21.756865,276,0.2902,0
0034+214,9.348087,21.698090,546,0.1513,0
0034+108,9.358506,11.164145,500,0.1606,0
0035-340,9.370269,-33.745115,256,0.3045,0
0034+078,9.384155,8.136960,622,0.1254,0
0035-534,9.397332,-53.126156,27,0.8111,0
0034+393,9.403024,39.636610,439,0.2050,0
0035+367,9.442262,36.986356,360,0.2110,0
0035+238,9.492916,24.119964,268,0.6119,0
0035+227,9.533756,23.057934,113,0.5891,0
0035-252,9.561398,-24.983954,12300,0.0476,1
0035+121,9.575069,12.458680,446,0.1512,0
0035-024,9.585539,-2.127930,348,0.1552,0
0035-037,9.586643,-3.499712,424,0.1503,0
0035+413,9.603515,41.618333,2584,0.0575,0
0035+503,9.618390,50.590509,495,0.1375,0
0035+186,9.620382,18.938231,518,0.1715,0
0036-216,9.624812,-21.334450,343,0.4611,0
0036-099,9.776215,-9.713025,315,0.1952,0
0036-191,9.820519,-18.901558,364,0.3847,0
0037-114,9.881617,-11.184022,164,0.3986,0
0037+139,9.915082,14.199321,537,0.1423,0
0037+487,9.945829,49.009215,562,0.1215,0
0037-593,10.032705,-59.064657,99,0.4180,0
0037+011,10.056356,1.429542,464,0.1820,0
0037-329,10.073086,-32.724396,282,0.2505,0
0037+094,10.076268,9.711606,347,0.4926,0
0038-326,10.127729,-32.422314,882,0.4208,1
0038-020,10.240048,-1.775563,653,0.1065,0
0038+319,10.316392,32.185435,518,0.1691,0
0038+133,10.321712,13.657646,434,0.2303,0
0038-019,10.358370,-1.721023,366,0.3734,0
0039+211,10.422697,21.402808,157,0.8954,0
0039-407,10.505102,-40.511039,214,0.1822,0
0039+230,10.518938,23.333628,1173,0.0807,0
0039+373,10.529966,37.660450,72,2.2985,0
0039+568,10.581049,57.143496,746,0.0821,0
0040+098,10.684882,10.163669,587,0.1347,0
0041+047,10.944711,5.048899,315,0.2256,0
0041-381,11.071027,-37.883119,41,0.6548,0
0044-846,11.111205,-84.377774,191,0.1272,1
0042+186,11.175949,18.918065,446,0.2646,0
0041+677,11.211498,68.050746,581,0.1015,0
0042+456,11.250142,45.920909,482,0.1217,0
0042-373,11.300275,-37.096796,268,0.2298,0
0042+211,11.330409,21.461111,102,0.5578,0
0043-392,11.377121,-39.000814,254,0.4519,0
0043+246,11.532607,24.942368,431,0.1162,0
0043+044,11.552330,4.724947,310,0.6556,0
0043-268,11.557401,-26.531793,363,0.2836,0
0043+071,11.604385,7.394201,263,0.4843,0
0044-056,11.685448,-5.366803,20,17.0226,0
0044+387,11.698243,39.013097,436,0.1408,0
0044+566,11.751787,56.961776,664,0.0918,0
0044+030,11.774661,3.331885,820,0.1208,0
0044+085,11.813251,8.793000,238,0.5841,0
0045+243,11.932797,24.587776,441,0.1585,0
0045+223,12.010903,22.590033,312,0.1686,0
0045-000,12.079675,0.249205,312,0.2431,0
0045+079,12.098240,8.180873,287,0.5911,0
0046+316,12.196423,31.956968,3442,0.0595,1
0046+063,12.244680,6.668465,451,0.2171,0
0046-315,12.345420,-31.274257,257,0.4108,0
0046+511,12.408297,51.470470,826,0.0887,0
0047+023,12.430150,2.617716,5398,0.0690,1
0047-579,12.497804,-57.640928,286,0.1111,0
0047-051,12.589728,-4.872387,331,0.1543,0
0048-097,12.672156,-9.484781,52802,0.0436,1
0048-071,12.784208,-6.833953,402,0.1233,0
0048-427,12.789591,-42.442581,4956,0.0553,0
0048+447,12.901974,44.993322,473,0.1366,0
0049+175,12.946482,17.786352,53,3.9544,0
0049+003,13.023204,0.593930,228,0.3430,0
0049+437,13.115941,44.048477,651,0.1034,0
0046+861,13.136902,86.462292,534,0.1175,0
0049+162,13.150685,16.550123,511,0.2189,0
0050-287,13.218985,-28.431718,291,0.2497,0
0051-077,13.402149,-7.458228,388,0.2735,0
0051+291,13.434681,29.418639,510,0.1191,0
0051+679,13.573424,68.186438,383,0.1105,0
0051+706,13.573688,70.899061,526,0.1062,0
0052-201,13.637285,-19.883612,572,0.1844,0
0052+076,13.778314,7.923715,433,0.4267,0
0052-125,13.799094,-12.299194,466,0.1642,0
0052+044,13.825959,4.735690,257,0.5822,0
0054+161,14.230393,16.420372,9316,0.0468,1
0054-006,14.320843,-0.409216,488,0.1272,0
0054+078,14.328193,8.093587,256,0.6935,0
0055-016,14.395436,-1.390986,282,0.4404,0
0055+040,14.421611,4.306321,285,0.5818,0
0055+300,14.453681,30.352448,1281,0.0864,0
0055-328,14.509293,-32.572431,288,0.3036,0
0055-059,14.521110,-5.664522,6198,0.0532,0
0055-340,14.565174,-33.799304,310,0.2943,0
0055+193,14.592014,19.617304,112,0.6143,0
0055+032,14.610925,3.486009,312,0.4332,0
0055+329,14.633621,33.188115,625,0.1452,0
0055+060,14.640852,6.335020,605,0.1101,0
0056-187,14.655275,-18.493625,111,3.4014,0
0056-572,14.694088,-56.986520,199,0.1726,0
0056-001,14.772979,0.114339,641,0.1536,0
0056+579,14.967537,58.206579,646,0.0895,0
0057+028,15.038099,3.086758,280,0.5687,0
0057-338,15.039129,-33.625538,285,0.2822,0
0057+334,15.159545,33.751700,520,0.1808,0
0057+678,15.215266,68.139036,501,0.1152,0
0058+058,15.311126,6.095696,313,0.4922,0
0058+498,15.320823,50.079164,281,0.4321,0
0059-287,15.468291,-28.522340,291,0.7284,0
0059+163,15.490498,16.661376,365,0.3308,0
0100-760,15.577750,-75.781036,209,0.1562,0
0059+581,15.690677,58.403093,626186,0.0428,1
0100-270,15.734808,-26.776810,300,0.4366,0
0100+151,15.858340,15.440185,722,0.1943,0
0101-126,15.938371,-12.378926,304,1.0362,0
0101+113,16.044253,11.571195,246,0.3424,0
0102-245,16.242522,-24.274568,541,0.1393,0
0102+511,16.373160,51.429606,380,0.2316,0
0102+480,16.458034,48.317554,476,0.0981,0
0103+057,16.496542,6.016477,510,0.1974,0
0103+337,16.501222,34.034163,511,0.2007,0
0103+253,16.545704,25.658471,366,0.2962,0
0103-021,16.595809,-1.927338,494,0.2152,0
0104-275,16.608675,-27.303285,834,0.1111,0
0103+127,16.638985,13.000723,544,0.1727,0
0104-035,16.680120,-3.260082,453,0.1217,0
0104-408,16.687950,-40.572211,51355,0.0440,1
0104+231,16.695817,23.419421,116,0.4675,0
0104+195,16.719297,19.850712,448,0.1514,0
0105+257,16.937178,25.978882,248,0.3415,0
0105+129,16.941508,13.201442,468,0.1340,0
0105+259,16.949526,26.185742,346,0.5105,0
0105-222,17.082726,-21.960765,465,0.2266,0
0105-008,17.111844,-0.623379,435,0.1619,0
0106+013,17.161546,1.583421,54812,0.0439,0
0106+130,17.220291,13.337296,124,3.5084,0
0106+180,17.284070,18.268750,359,0.2925,0
0107-610,17.314480,-60.830128,584,0.0929,1
0106-391,17.324163,-38.915550,81,10.1039,0
0106+242,17.360765,24.554365,154,0.3702,0
0106+077,17.364254,7.974364,646,0.2024,0
0106+315,17.366197,31.832236,706,0.1093,0
0106+612,17.443102,61.558460,937,0.0741,0
0106+678,17.553639,68.094782,679,0.0870,0
0107-025,17.554835,-2.331344,352,0.2810,0
0107-045,17.628762,-4.258619,475,0.1791,0
0107+069,17.637580,7.245067,307,0.2850,0
0108-170,17.647964,-16.807695,289,0.3976,0
0108-079,17.708421,-7.694754,553,0.1167,0
0107+562,17.739803,56.538041,252,0.9775,0
0108-146,17.769675,-14.375807,109,3.2703,0
0108+388,17.905487,39.107807,694,0.1045,0
0109-135,17.986908,-13.283666,463,0.1638,0
0109+224,18.024270,22.744107,21406,0.0452,0
0109+200,18.042462,20.339379,547,0.1413,0
0109+351,18.053935,35.372038,695,0.0894,0
0109+026,18.071022,2.960560,351,0.6180,0
0110-668,18.078804,-66.579219,192,0.1731,0
0110+318,18.209721,32.138176,596,0.0948,0
0110-361,18.316068,-35.863435,409,0.1854,0
0110+495,18.362528,49.806679,4192,0.0503,1
0111+021,18.429771,2.371477,8065,0.0503,0
0111+131,18.477126,13.414577,362,0.2043,0
0111+218,18.549590,22.118983,297,0.6536,0
0112+131,18.719904,13.427092,412,0.3356,0
0112-245,18.738860,-24.329077,336,0.2525,0
0112+13A,18.796113,13.412895,282,0.2930,0
0112-017,18.821250,-1.451271,1142,0.0827,0
0113-283,18.849515,-28.082007,347,0.1807,0
0113-310,18.943773,-30.822056,603,0.1290,0
0113-118,19.052175,-11.604287,1292,0.0685,0
0113+241,19.158615,24.381590,496,0.1445,0
0114-211,19.214188,-20.868580,167,1.5173,0
0114+140,19.355013,14.303450,370,0.1289,0
0114+074,19.359027,7.704845,324,0.4564,0
0115-214,19.453251,-21.185176,11215,0.0476,0
0115+027,19.577007,2.968275,747,0.0909,0
0116-219,19.738592,-21.691706,5754,0.0495,0
0116+082,19.755309,8.498529,287,0.2814,0
0116+319,19.895837,32.180573,292,0.4918,0
0117-171,19.931858,-16.902492,341,0.3586,0
0117+117,20.070950,12.057312,298,0.2746,0
0118-272,20.131931,-27.023515,562,0.1467,0
0118-283,20.253092,-28.106161,320,0.2533,0
0118+111,20.370830,11.450140,551,0.1387,0
0119+115,20.423313,11.830670,92185,0.0436,0
0119+097,20.428104,9.966629,275,0.6979,0
0119+041,20.486924,4.373537,55042,0.0447,0
0119+418,20.514782,42.129384,211,0.3154,0
0119-005,20.557960,-0.300292,406,0.2069,0
0119-011,20.572791,-0.937694,538,0.1549,0
0119-046,20.616189,-4.357549,473,0.1760,0
0119+247,20.661733,25.042165,543,0.0943,0
0119+296,20.689292,29.903512,528,0.1100,0
0120+137,20.690647,14.050925,420,0.2235,0
0120+304,20.759506,30.735255,537,0.1543,0
0121-040,20.899061,-3.810921,325,0.2092,0
0120+259,20.929355,26.256230,535,0.1499,0
0121-096,20.943269,-9.384260,440,0.2015,0
0122-345,21.089414,-34.272626,323,0.2854,0
0121+560,21.107613,56.314421,513,0.1641,0
0122+278,21.232830,28.086498,414,0.3514,0
0122-514,21.239131,-51.221158,71,0.2212,0
0122+470,21.282112,47.300857,396,0.1802,0
0122-375,21.309284,-37.313984,52,4.7593,0
0122-260,21.328489,-25.817886,302,0.2036,0
0122-003,21.370183,-0.098870,347,0.1491,0
0123-048,21.402068,-4.637209,327,0.2110,0
0123-015,21.502592,-1.345142,269,0.2611,0
0122+705,21.532682,70.781218,482,0.1628,0
0123-226,21.562507,-22.376001,513,0.1465,0
0124-155,21.641211,-15.309477,303,0.2545,0
0123+257,21.678303,25.983694,3061,0.0580,0
0124+125,21.728116,12.763920,344,0.5511,0
0123+731,21.769652,73.386854,456,0.2553,0
0125-484,21.811829,-48.225582,8,2.2068,0
0124-086,21.817963,-8.358027,385,0.2329,0
0124+017,21.845341,1.973480,255,0.7023,0
0125-176,22.005803,-17.373403,258,0.4268,0
0125+487,22.033597,49.018329,429,0.1091,0
0125+628,22.127354,63.108301,594,0.1044,0
0127+145,22.480613,14.779955,365,0.1195,0
0127+077,22.487696,8.005944,329,0.5894,0
0127+258,22.598044,26.135663,145,1.1923,0
0127+084,22.615143,8.712825,821,0.1202,0
0128+383,22.861306,38.577561,411,0.1175,0
0129+220,23.012828,22.280649,451,0.1972,0
0129+560,23.085197,56.344547,462,0.1168,0
0130-083,23.171358,-8.068010,265,0.3719,0
0130-171,23.181198,-16.913478,1001,0.0709,0
0129+431,23.183862,43.425739,705,0.0823,0
0130-447,23.253599,-44.512101,244,0.5163,0
0130+456,23.263644,45.930474,322,0.2263,0
0131-522,23.274010,-52.001096,26734,0.0451,0
0130+242,23.352617,24.461474,311,0.2765,0
0131-001,23.552934,0.062539,346,0.2637,0
0131-122,23.604002,-12.043957,244,0.6949,0
0132-389,23.633459,-38.725941,333,0.1676,0
0130+691,23.669839,69.419694,769,0.0937,0
0133-204,23.906289,-20.146073,696,0.1311,0
0133-410,24.011902,-40.747305,249,0.1433,0
0133+388,24.135827,39.099777,200,0.3199,0
0133+476,24.244145,47.858083,322935,0.0428,1
0134+311,24.286390,31.376627,12694,0.0475,0
0134+215,24.315104,21.762298,398,0.1971,0
0134+084,24.352012,8.727271,583,0.1608,0
0135-247,24.409777,-24.514968,1313,0.0860,0
0135+091,24.462891,9.388648,395,0.1390,0
0135-274,24.540909,-27.191093,364,0.2228,0
0136-059,24.716047,-5.668956,629,0.1664,0
0136-231,24.739440,-22.913147,575,0.2039,0
0136+176,24.924913,17.885430,411,0.1841,0
0137-240,24.935261,-23.766154,453,0.2375,0
0137-273,24.980827,-27.091439,246,0.8264,0
0137+081,24.988307,8.407403,401,0.4834,0
0137+012,24.988774,1.529483,731,0.0884,0
0137-158,25.018480,-15.548800,639,0.1363,0
0138-381,25.153419,-37.946059,248,0.3910,0
0137+467,25.179468,46.974581,335,0.2465,0
0137+635,25.179491,63.768581,517,0.1213,0
0137+434,25.227769,43.712558,416,0.1943,0
0138+136,25.288119,13.891223,215,0.9530,0
0138-097,25.357634,-9.478798,5350,0.0507,0
0139-022,25.390792,-2.039320,352,0.1661,0
0139-097,25.408082,-9.500496,275,0.3081,0
0139-312,25.533840,-30.956277,127,0.8995,0
0140-274,25.584068,-27.190368,293,0.2555,0
0140+412,25.763269,41.489013,393,0.1338,0
0140-322,25.792215,-32.015737,378,0.1835,0
0140+120,25.879551,12.261926,571,0.2019,0
0140+490,25.945333,49.261551,374,0.3163,0
0141+339,26.049296,34.198999,270,0.6080,0
0141+268,26.139808,27.084199,351,0.1384,0
0142-398,26.225390,-39.636257,259,0.3366,0
0142+127,26.246809,12.996974,462,0.1897,0
0142-278,26.264144,-27.559536,674,0.1145,0
0141+579,26.309577,58.180498,262,1.1713,0
0143+230,26.470443,23.322027,508,0.1192,0
0143+125,26.638664,12.764129,107,1.3083,0
0144+209,26.744932,21.173440,416,0.2437,0
0144+487,26.907396,48.993753,400,0.1732,0
0145-087,26.909942,-8.455013,94,0.5446,0
0144+584,26.943920,58.679159,678,0.1320,0
0145+210,26.974262,21.261035,417,0.2332,0
0145+386,27.101573,38.901450,495,0.1089,0
0145+102,27.120308,10.472586,182,1.5574,0
0146+092,27.171815,9.456386,308,0.8672,0
0145+420,27.185735,42.255390,424,0.1433,0
0146+056,27.343212,5.931547,1570,0.0795,0
0146+362,27.441988,36.475734,109,1.2099,0
0147+187,27.457162,18.955725,522,0.1220,0
0147-076,27.511236,-7.430138,188,1.2885,0
0147+265,27.511687,26.774468,525,0.1808,0
0148-177,27.775347,-17.545755,640,0.1223,0
0148+250,27.775974,25.291295,527,0.1845,0
0149-348,27.847871,-34.587188,297,0.3092,0
0148+274,27.863109,27.744943,1664,0.0739,0
0148+546,27.901190,54.910470,507,0.1259,0
0149-175,27.950206,-17.331960,278,0.2909,0
0149+120,28.027843,12.293714,134,0.9927,0
0149+370,28.050916,37.268241,502,0.1269,0
0149+082,28.062089,8.528281,396,0.2662,0
0149+218,28.075246,22.118805,6816,0.0481,1
0150-144,28.133385,-14.210943,713,0.0988,0
0150-299,28.140387,-29.713313,320,0.2537,0
0149+335,28.144068,33.842544,662,0.1386,0
0150+015,28.165046,1.788162,390,0.3265,0
0150+000,28.179792,0.344364,372,0.2408,0
0150-193,28.256296,-19.115746,308,0.2803,0
0150-334,28.292174,-33.173851,348,0.1425,0
0149+710,28.357713,71.251795,777,0.1059,0
0151+109,28.501660,11.231872,410,0.1983,0
0151+081,28.511543,8.397519,517,0.1980,0
0151+443,28.726946,44.560545,155,0.3946,0
0151+474,28.734541,47.724039,13578,0.0460,0
0152+043,28.765523,4.641764,340,0.3521,0
0153-149,28.888510,-14.721511,309,0.6593,0
0153-410,28.904414,-40.811766,287,0.1937,0
0153+222,28.995564,22.503296,526,0.1698,0
0154-244,29.123798,-24.214588,289,0.1844,0
0153+389,29.130876,39.241923,485,0.1175,0
0155-549,29.207135,-54.663472,35,0.6907,0
0154+410,29.270855,41.341838,233,1.4629,0
0154-000,29.293895,0.190135,473,0.2205,0
0153+744,29.395687,74.712008,856,0.1044,0
0155-10A,29.423414,-10.728046,228,0.2851,0
0155+211,29.500450,21.411886,561,0.1587,0
0156-144,29.682165,-14.218644,395,0.2218,0
0156+128,29.734474,13.117428,648,0.1112,0
0156+166,29.740321,16.929811,377,0.2830,0
0156+308,29.851059,31.113287,195,0.2702,0
0156+105,29.893303,10.784935,205,0.4384,0
0157-033,29.932529,-3.079570,117,0.4517,0
0157+217,30.031764,21.950222,135,0.9188,0
0158-404,30.049329,-40.182863,290,0.1771,0
0158+031,30.170069,3.380419,560,0.1224,0
0158-159,30.213120,-15.710240,313,0.2486,0
0158-141,30.242987,-13.938327,264,0.4140,0
0159-668,30.282267,-66.636852,131,0.1860,0
0159+034,30.464620,3.719238,470,0.2209,0
0159-117,30.488247,-11.542621,458,0.1374,0
0155+810,30.523943,81.262577,277,0.6260,0
0159-062,30.528603,-5.983367,323,0.2479,0
0202-765,30.557057,-76.334184,25,0.7569,0
0159-200,30.557699,-19.805414,443,0.1836,0
0159+418,30.681889,42.087870,397,0.1229,0
0157+808,30.782796,81.103670,505,0.1549,0
0159+723,30.889104,72.548241,8180,0.0473,1
0201-440,30.919596,-43.830919,27,24.6191,0
0200+30A,30.934461,30.710510,476,0.1061,0
0200+304,30.938980,30.691419,293,0.2897,0
0201+113,30.944404,11.579280,20467,0.0455,0
0200+539,30.944406,54.199340,474,0.1207,0
0201+023,30.978381,2.598648,463,0.1278,0
0201+398,31.021645,40.084310,411,0.1433,0
0202-337,31.119434,-33.480682,282,0.3986,0
0201+088,31.144831,9.063684,376,0.2647,0
0202+149,31.210058,15.236401,38460,0.0438,0
0201+438,31.228288,44.051918,621,0.0894,0
0201+365,31.231650,36.821666,614,0.1091,0
0202-172,31.240310,-17.022178,8193,0.0471,1
0202+319,31.270522,32.208360,214626,0.0429,1
0202-113,31.280045,-11.156129,102,1.8696,0
0202+296,31.295492,29.868027,196,0.2548,0
0202+145,31.304655,14.742329,700,0.1099,0
0202+240,31.338845,24.275792,410,0.1914,0
0200+751,31.407953,75.368954,302,0.2183,0
0203-349,31.481292,-34.735883,285,0.6569,0
0204-224,31.583640,-22.205460,435,0.2501,0
0203-120,31.608686,-11.844368,509,0.1318,0
0203+625,31.762570,62.770019,2038,0.0626,0
0159+839,31.806278,84.188634,630,0.1208,0
0205-391,31.815039,-38.950854,347,0.2331,0
0205-242,31.889164,-24.033946,297,0.3500,0
0204+316,31.895790,31.868462,543,0.1276,0
0206-689,31.962215,-68.631989,42,0.4775,0
0206-625,32.004879,-62.276537,20,0.6226,0
0205+080,32.009479,8.244962,412,0.1909,0
0206-270,32.093150,-26.838577,292,0.3225,0
0205-010,32.109775,-0.795637,365,0.1748,0
0206-178,32.145597,-17.659634,432,0.2128,0
0206+293,32.286018,29.546040,514,0.2330,0
0206-048,32.378195,-4.640596,355,0.1861,0
0205+643,32.399950,64.623825,537,0.1381,0
0206+136,32.399993,13.866876,6514,0.0510,0
0205+722,32.465793,72.490742,544,0.0935,0
0207-078,32.568870,-7.622415,251,0.4031,0
0207-149,32.596585,-14.749728,479,0.1860,0
0207+079,32.654410,8.206675,413,0.2349,0
0208+040,32.685473,4.326358,286,0.6174,0
0208-512,32.692502,-51.017192,10781,0.0475,1
0207+507,32.783203,50.974681,279,1.2806,0
0208+106,32.804906,10.859666,705,0.0919,0
0209+168,32.953245,17.122978,646,0.1320,0
0209-162,32.957336,-15.971902,416,0.1662,0
0209-204,33.012320,-20.236632,308,0.5253,0
0209+138,33.039613,14.049727,284,1.0166,0
0210-180,33.094348,-17.770651,286,0.1830,0
0210+225,33.220145,22.747848,413,0.3273,0
0210+119,33.271596,12.219697,570,0.1630,0
0210+181,33.293872,18.340402,820,0.0978,0
0210-075,33.319461,-7.325687,284,0.2964,0
0211+091,33.432858,9.422701,411,0.1989,0
0210+366,33.450800,36.876113,472,0.1502,0
0159+870,33.491028,87.291313,671,0.1892,0
0212-620,33.567518,-61.826016,323,0.1510,0
0210+515,33.574727,51.747763,485,0.1737,0
0211+390,33.603121,39.310847,271,0.1316,0
0212-214,33.669597,-21.224677,301,0.2911,0
0211+171,33.687137,17.380420,1121,0.1004,0
0212-039,33.797944,-3.718860,321,0.3491,0
0213-026,33.925072,-2.382431,451,0.1072,0
0213+051,33.979212,5.407099,546,0.1739,0
0214-522,34.013324,-52.003466,60,0.5925,0
0213-015,34.023599,-1.300943,462,0.2110,0
0213-013,34.050883,-1.088562,382,0.2805,0
0213+443,34.071549,44.628721,383,0.3008,0
0214-105,34.161983,-10.284166,360,0.1628,0
0213+432,34.174308,43.526162,601,0.1264,0
0214-330,34.200773,-32.794681,332,0.1758,0
0214-085,34.261093,-8.347876,328,0.1616,0
0214+108,34.281939,11.069410,256,0.4510,0
0214+083,34.321354,8.617750,655,0.1013,0
0212+735,34.378389,73.825728,58664,0.0435,0
0215+015,34.453978,1.747139,51680,0.0434,1
0215-015,34.479164,-1.364089,427,0.2662,0
0215-167,34.488540,-16.519576,314,0.2194,0
0216+011,34.779269,1.349963,1474,0.0643,0
0217-189,34.838174,-18.710763,513,0.1569,0
0216+472,34.847333,47.461113,574,0.1607,0
0216+478,34.861150,48.110795,446,0.1372,0
0217+166,35.003162,16.874608,558,0.1563,0
0218-133,35.117573,-13.088630,293,0.2114,0
0218-220,35.146459,-21.853356,419,0.2861,0
0217+324,35.200221,32.685129,450,0.1286,0
0218+095,35.224176,9.759772,412,0.3759,0
0219-637,35.225713,-63.505385,79,0.2774,0
0218-132,35.301052,-13.046617,291,0.2471,0
0218+279,35.346914,28.150615,296,0.2872,0
0219-474,35.371524,-47.215748,47,0.7289,0
0219-164,35.503021,-16.254597,279,0.2182,0
0219+096,35.565035,9.877172,266,0.4942,0
0219+428,35.665048,43.035500,1931,0.0629,0
0220+074,35.698701,7.715884,511,0.1716,0
0220-349,35.735007,-34.691314,1792,0.0814,0
0220+427,35.797547,42.992052,793,0.1225,0
0220-023,35.804336,-2.085537,290,0.2579,0
0219+628,35.873363,63.121474,267,0.3520,0
0221-540,35.878645,-53.794417,29,0.4458,0
0221-171,35.932348,-16.943805,279,0.2181,0
0221+177,36.036757,17.991345,271,0.8951,0
0221+067,36.118451,6.989817,8817,0.0461,1
0221+137,36.174283,13.959088,273,0.6543,0
0222-234,36.261756,-23.213469,484,0.2136,0
0222+185,36.269454,18.780213,526,0.1659,0
0222-262,36.295373,-26.055222,555,0.1498,0
0222+310,36.320126,31.316064,489,0.1568,0
0222+296,36.329980,29.920036,587,0.1397,0
0223+113,36.424624,11.573740,573,0.1312,0
0223-452,36.431365,-45.054579,32,0.7464,0
0223+341,36.543055,34.358413,501,0.1298,0
0223+093,36.557147,9.624099,525,0.2016,0
0224-189,36.698452,-18.727567,331,0.1940,0
0224+176,36.757907,17.824371,466,0.3661,0
0224+393,36.780900,39.528199,299,0.1824,0
0225-306,36.918903,-30.434341,382,0.1723,0
0224+498,37.001940,50.099725,499,0.1183,0
0225+419,37.051947,42.200957,553,0.1617,0
0226-559,37.089993,-55.767578,81,0.3151,0
0224+540,37.107049,54.318926,365,0.3433,0
0226-375,37.140557,-37.332321,298,0.2898,0
0224+671,37.208548,67.350841,4446,0.0503,0
0226-038,37.221713,-3.626979,359,0.1259,0
0227-542,37.303272,-54.056676,90,0.2611,0
0227-369,37.368538,-36.732451,4002,0.0636,1
0230-790,37.395611,-78.796000,3357,0.0535,1
0223+814,37.544865,81.691630,287,1.3808,0
0227+403,37.690462,40.548075,3525,0.0543,1
0227+448,37.707997,45.035414,567,0.1453,0
0228-163,37.770980,-16.113616,264,0.3531,0
0229-479,37.799183,-47.769884,188,0.1755,0
0229+131,37.941225,13.381866,119384,0.0432,0
0229-398,37.965901,-39.596462,333,0.2090,0
0228+626,37.996487,62.842836,266,0.6313,0
0229+072,38.020007,7.434859,281,0.2771,0
0229+230,38.086485,23.299127,521,0.1346,0
0229+262,38.115097,26.477386,579,0.1140,0
0230-288,38.153087,-28.657309,283,0.3307,0
0229+200,38.202564,20.288191,287,0.8669,0
0230+388,38.283109,39.089943,297,0.1650,0
0230+344,38.335083,34.714997,523,0.1615,0
0231+183,38.514053,18.548715,378,0.6630,0
0231+045,38.529814,4.778637,415,0.2542,0
0232-042,38.780591,-4.034810,258,0.2669,0
0231+620,38.835998,62.267315,173,0.9443,0
0233+128,38.959872,13.076619,427,0.2566,0
0233+160,38.987015,16.256763,285,0.4305,0
0233-133,39.040129,-13.133162,281,0.3430,0
0234-301,39.129873,-29.898761,4837,0.0638,1
0235-618,39.221857,-61.604218,324,0.1072,1
0233+434,39.255048,43.701163,140,2.0660,0
0234+110,39.306623,11.270966,421,0.3285,0
0234+052,39.308492,5.447214,392,0.2917,0
0235-266,39.319841,-26.398096,282,0.2557,0
0234+301,39.341007,30.383283,443,0.1624,0
0235+091,39.418872,9.317123,306,0.2828,0
0235+205,39.460954,20.771793,421,0.2394,0
0234+285,39.468357,28.802497,64525,0.0435,0
0234+469,39.568764,47.205153,583,0.1434,0
0235+153,39.582878,15.556260,319,0.3467,0
0235+129,39.589641,13.207191,453,0.2329,0
0235+164,39.662209,16.616465,117554,0.0431,1
0237-027,39.939468,-2.578032,23435,0.0442,1
0237+040,39.963596,4.272614,2150,0.0605,0
0236+420,40.021886,42.272922,558,0.1440,0
0237-233,40.034060,-23.154369,834,0.1202,0
0237+185,40.178401,18.800015,564,0.1348,0
0238-052,40.234053,-5.078389,337,0.2535,0
0238-084,40.269994,-8.255764,7086,0.0541,0
0239+175,40.601118,17.716347,4531,0.0529,1
0239+108,40.621545,11.016869,2125,0.0630,0
0240-217,40.649624,-21.540538,485,0.3192,0
0240-060,40.801956,-5.848693,514,0.1253,0
0240+110,40.823581,11.261585,365,0.2434,0
0241-564,40.860538,-56.211789,71,0.5796,0
0238+711,40.878714,71.338307,402,0.1742,0
0241-322,40.976717,-32.072663,84,3.2985,0
0242+131,41.190389,13.335339,744,0.0997,0
0241+622,41.240403,62.468476,1220,0.1632,0
0242+090,41.273100,9.261717,408,0.1838,0
0242+161,41.293579,16.343765,331,0.3124,0
0242+238,41.320233,24.093104,375,0.1299,0
0242-113,41.353967,-11.121337,263,0.2556,0
0244-452,41.475462,-44.994338,296,0.2597,0
0244-470,41.500492,-46.854787,414,0.1404,0
0243+181,41.549258,18.391690,188,0.2895,0
0243+354,41.587818,35.610555,561,0.1145,0
0244-297,41.589423,-29.584979,296,0.4855,0
0243+339,41.629928,34.190736,527,0.1467,0
0244-128,41.743624,-12.608555,301,0.1796,0
0244+327,41.921801,32.908844,481,0.1170,0
0245-066,41.930109,-6.478999,110,0.5194,0
0245-167,42.032218,-16.529552,722,0.1256,0
0245+043,42.061784,4.578017,351,0.3439,0
0246+061,42.325067,6.331097,433,0.1131,0
0247+076,42.466318,7.822320,366,0.4906,0
0247+16A,42.572532,17.135645,225,0.6930,0
0248-266,42.648205,-26.461810,516,0.1495,0
0249-281,42.868620,-27.921537,159,0.5140,0
0248+430,42.893903,43.254397,1203,0.0701,0
0248+560,42.977617,56.272090,747,0.0839,0
0248+373,42.996542,37.571702,549,0.1155,0
0249+171,43.032161,17.311858,891,0.0912,0
0252-712,43.192311,-71.076462,6,10.9117,0
0250-225,43.199807,-22.323741,644,0.1355,0
0250+197,43.286800,19.974048,139,0.6469,0
0249+383,43.287034,38.590278,523,0.1025,0
0250-001,43.337648,0.099985,652,0.1394,0
0250-122,43.348685,-12.007779,295,0.5276,0
0252-549,43.371585,-54.697621,499,0.0979,0
0250+320,43.390209,32.289137,484,0.1441,0
0250+178,43.395343,18.095146,556,0.1526,0
0250+508,43.490033,51.049016,502,0.1229,0
0251+165,43.575473,16.709713,268,0.2303,0
0251+235,43.602992,23.724021,451,0.1259,0
0251+393,43.677634,39.526309,501,0.1131,0
0253-218,44.053496,-21.624763,511,0.1772,0
0253+133,44.145769,13.576485,538,0.1446,0
0254-334,44.177511,-33.255910,309,0.1702,0
0254+155,44.228818,15.712002,578,0.1257,0
0252+657,44.255596,65.943174,536,0.1185,0
0255-124,44.420852,-12.200384,343,0.1635,0
0254+185,44.440119,18.784822,730,0.0954,0
0251+785,44.469043,78.729738,406,0.1266,0
0254+434,44.496157,43.643799,494,0.0978,0
0256-393,44.558521,-39.161301,551,0.1051,0
0256-256,44.569981,-25.499664,668,0.1549,0
0256+115,44.686481,11.715560,323,0.2166,0
0256+054,44.710526,5.685567,350,0.1460,0
0255+288,44.729922,29.000447,327,0.2494,0
0254+722,44.755771,72.478996,187,0.9526,0
0256+148,44.783581,15.050804,449,0.2146,0
0256+075,44.862819,7.794345,1938,0.0722,0
0256-005,44.868817,-0.333327,8767,0.0460,1
0256+192,44.873566,19.428980,870,0.1045,0
0256+423,44.907060,42.597170,266,0.1822,0
0257-057,45.005417,-5.522323,417,0.2135,0
0252+818,45.046402,82.044264,299,0.6612,0
0258-344,45.150793,-34.234850,193,0.6940,0
0258-184,45.277977,-18.204951,310,0.2161,0
0258-163,45.281564,-16.134338,319,0.3128,0
0259-316,45.317684,-31.437719,434,0.1817,0
0258-170,45.319261,-16.879195,320,0.2042,0
0258+011,45.348362,1.309999,318,0.1278,0
0258+058,45.390475,6.040912,442,0.1519,0
0259+203,45.592041,20.507324,302,0.2184,0
0258+533,45.594731,53.529579,859,0.0805,0
0259+121,45.627278,12.315765,468,0.2235,0
0300+129,45.783479,13.149665,310,0.2901,0
0301-243,45.860429,-24.119841,304,0.2838,0
0300+470,45.896843,47.271188,33214,0.0443,1
0302-623,45.960964,-62.190431,1541,0.0639,0
0259+681,46.091683,68.360410,832,0.0863,0
0302-437,46.121676,-43.554452,325,0.1473,0
0301+336,46.172344,33.812092,492,0.0992,0
0302+173,46.292601,17.583081,586,0.1509,0
0303-245,46.331328,-24.359500,175,0.7950,0
0303+051,46.450798,5.392091,578,0.1186,0
0303+130,46.618405,13.279286,413,0.2956,0
0258+818,46.662270,82.009077,478,0.4048,0
0302+625,46.677748,62.717229,7421,0.0507,1
0304+124,46.752219,12.690534,283,0.6004,0
0303+490,46.862645,49.252709,363,0.1486,0
0305-491,46.892468,-48.953203,21,1.7510,0
0305+237,47.046662,23.920337,432,0.2166,0
0305+039,47.109266,4.110917,3255,0.0550,1
0303+697,47.115901,69.933042,398,0.3917,0
0307-362,47.260461,-36.067709,247,0.4982,0
0306+102,47.265098,10.487872,5807,0.0476,0
0306+274,47.342070,27.648433,423,0.2059,0
0306-061,47.347037,-5.989014,465,0.3107,0
0308-611,47.483746,-60.977516,69557,0.0436,1
0307-085,47.508539,-8.394248,260,0.4527,0
0307+178,47.686522,18.070278,302,0.3827,0
0307+380,47.707833,38.248288,27346,0.0440,1
0312-770,47.980209,-76.864124,323,0.1085,0
0310-325,48.142555,-32.387963,4,48.1366,0
0310+013,48.181680,1.554879,482,0.1315,0
0309+360,48.209533,36.255429,383,0.3519,0
0309+411,48.258175,41.333662,5503,0.0494,0
0310+022,48.305856,2.476474,498,0.1597,0
0310+410,48.490191,41.256659,252,0.7457,0
0312+100,48.838083,10.211968,3114,0.0667,1
0313-171,48.865327,-16.941587,321,0.2313,0
0313-020,48.926933,-1.856463,327,0.1877,0
0313+273,49.120883,27.552263,585,0.1134,0
0315-216,49.346412,-21.462294,149,1.5955,0
0315-282,49.390414,-28.055170,252,0.3339,0
0314+565,49.478928,56.732720,528,0.1132,0
0316-444,49.490331,-44.238101,508,0.2847,1
0315-006,49.560115,-0.496925,343,0.2602,0
0316+162,49.740847,16.475741,1431,0.1059,0
0315+291,49.750460,29.371994,639,0.1526,0
0316-164,49.773033,-16.229735,276,0.2274,0
0315+389,49.779092,39.088875,509,0.1431,0
0316+159,49.836174,16.159593,257,0.3116,0
0314+696,49.841962,69.823783,395,0.1253,0
0316+308,49.850047,31.029013,460,0.1946,0
0316+413,49.950667,41.511696,8171,0.0543,0
0317+188,49.963570,19.025359,1503,0.0797,0
0318-172,50.079613,-17.044203,265,0.2576,0
0318-388,50.193352,-38.624582,264,0.2927,0
0319-315,50.369752,-31.382315,329,0.5486,0
0319-298,50.370129,-29.679525,97,2.1321,0
0318+438,50.403618,43.989579,334,0.2202,0
0319+121,50.471265,12.353876,2603,0.0670,0
0319-056,50.499460,-5.436786,451,0.1750,0
0319+234,50.499876,23.603113,225,0.5840,0
0319+177,50.549594,17.938018,276,0.5507,0
0319-133,50.563113,-13.216140,284,0.4614,0
0317+659,50.613454,66.174528,489,0.1096,0
0319+396,50.715958,39.800628,670,0.1867,0
0320+218,50.737085,22.069029,281,0.5148,0
0320+015,50.791135,1.764030,511,0.1394,0
0320+045,50.811345,4.770159,440,0.2034,0
0322-230,51.073139,-22.904979,251,0.4189,0
0321+340,51.171505,34.179405,414,0.1348,0
0322-294,51.184564,-29.305894,669,0.1401,0
0322+230,51.259889,23.194936,463,0.2328,0
0323-244,51.305603,-24.263348,617,0.1879,0
0321+467,51.334599,46.918510,411,0.1092,0
0322+222,51.403393,22.400102,63161,0.0433,1
0324-379,51.512502,-37.769217,281,0.3008,0
0323+022,51.558118,2.420744,173,0.5669,0
0324-328,51.562690,-32.723622,261,0.4451,0
0323+151,51.631803,15.357430,437,0.1936,0
0325-289,51.891714,-28.772590,91,2.5328,0
0325-182,51.930590,-18.061674,431,0.1994,0
0325+023,51.975812,2.561662,353,0.1825,0
0325+005,51.996731,0.739646,484,0.1520,0
0325-222,51.999683,-22.035110,382,0.2227,0
0325+256,52.184786,25.868999,313,0.4080,0
0325+395,52.209634,39.679046,1874,0.0644,0
0326+349,52.313979,35.168331,461,0.1057,0
0327-241,52.475315,-23.952437,650,0.1210,0
0326+277,52.490289,27.937639,577,0.1110,0
0327+467,52.635947,46.939804,731,0.1148,0
0328-060,52.643784,-5.856293,74,4.8378,0
0327+364,52.644857,36.661400,294,0.4474,0
0329-404,52.712933,-40.237944,262,0.3590,0
0329-255,52.787169,-25.412018,429,0.2063,0
0328+238,52.947825,24.052831,359,0.2846,0
0329-110,52.961486,-10.865418,309,0.4241,0
0329+174,53.008129,17.600488,255,0.6981,0
0329+232,53.093845,23.405488,276,0.5793,0
0328+677,53.248013,67.884409,311,0.6879,0
0330+148,53.303771,14.975292,315,0.2351,0
0329+654,53.486407,65.615607,473,0.1953,0
0331+022,53.541449,2.436014,254,0.6762,0
0332-403,53.556894,-40.140388,66779,0.0437,1
0332-375,53.564270,-37.428629,560,0.1284,0
0332+078,53.722153,8.004005,9665,0.0509,0
0334-546,53.974687,-54.506976,688,0.0889,0
0333-073,53.987730,-7.165515,306,0.3728,0
0333+224,54.020209,22.593110,355,0.2818,0
0333+321,54.125448,32.308151,4588,0.0510,0
0334-131,54.145983,-13.034628,2054,0.0699,1
0334-207,54.190048,-20.610325,286,0.3519,0
0335-364,54.225098,-36.268396,445,0.2111,0
0334+014,54.321283,1.622985,305,0.3521,0
0335-122,54.481048,-12.067929,308,0.4824,0
0334+309,54.501428,31.102720,566,0.1738,0
0335+225,54.574219,22.726662,521,0.1693,0
0336-017,54.754109,-1.554891,295,0.1984,0
0335+599,54.789136,60.149160,431,0.2890,0
0336-019,54.878907,-1.776612,115503,0.0431,0
0336+133,54.932692,13.484397,329,0.2450,0
0336+539,55.027040,54.094105,284,0.3268,0
0336+473,55.044954,47.540921,595,0.0957,0
0338-030,55.135815,-2.915064,380,0.1751,0
0338-214,55.148366,-21.325326,6944,0.0552,0
0337+337,55.291557,33.872679,397,0.2368,0
0340-330,55.508742,-32.937084,263,0.6425,0
0338+480,55.543136,48.163039,451,0.2275,0
0338+388,55.567787,38.985077,453,0.1705,0
0339+131,55.574153,13.328729,376,0.2421,0
0340-302,55.668095,-30.132848,281,0.2200,0
0340-140,55.687450,-13.914350,319,0.2476,0
0341-256,55.831350,-25.504835,325,0.2166,0
0340+362,55.870635,36.370119,10399,0.0483,0
0341+065,55.995747,6.732276,463,0.1852,0
0341+158,56.096551,15.995380,1046,0.0888,0
0339+651,56.135997,65.302884,401,0.1946,0
0339+683,56.172672,68.463281,735,0.0950,0
0342+147,56.276736,14.897099,3153,0.0552,0
0342+538,56.643767,54.016419,772,0.0883,0
0344-111,56.757092,-11.014992,332,0.1737,0
0343+485,56.798389,48.710409,536,0.1449,0
0344+199,56.873163,20.081401,721,0.1334,0
0341+729,56.895992,73.150811,313,0.3819,0
0344+558,56.986717,55.958772,524,0.1098,0
0344+235,56.987965,23.665368,1125,0.0980,0
0345+085,57.043401,8.702461,377,0.1932,0
0346-279,57.158936,-27.820435,18424,0.0449,1
0346-163,57.163628,-16.171598,374,0.1576,0
0345+416,57.188010,41.820743,486,0.1184,0
0347-241,57.314128,-24.020650,102,2.7670,0
0345+460,57.328090,46.166572,19252,0.0449,0
0346+209,57.438459,21.079434,480,0.1868,0
0346+242,57.476576,24.360832,326,0.3790,0
0347-211,57.490944,-21.046595,5772,0.0498,1
0346+514,57.604381,51.644093,359,0.2069,0
0347+288,57.655135,29.035133,412,0.2114,0
0348-326,57.680484,-32.549842,272,0.2128,0
0348+049,57.725843,5.105886,427,0.1916,0
0348-120,57.795737,-11.889629,397,0.1386,0
0348-031,57.814029,-3.021612,349,0.3286,0
0350-253,58.046052,-25.247296,569,0.1382,0
0350+177,58.220484,17.910222,190,0.9355,0
0349+662,58.515413,66.357257,494,0.1176,0
0351+045,58.600537,4.685351,488,0.1237,0
0352-164,58.604285,-16.272903,313,0.3356,0
0350+465,58.625049,46.721875,606,0.0959,0
0346+800,58.692192,80.158013,2296,0.0864,1
0351+390,58.819127,39.152724,661,0.1099,0
0352+199,58.832743,20.085556,304,0.4223,0
0352+123,58.939999,12.529467,369,0.2457,0
0355-669,58.949514,-66.759394,196,0.1533,1
0352+210,58.958334,21.222599,166,1.2848,0
0353+289,59.035258,29.061756,838,0.1162,0
0354-405,59.087282,-40.358108,411,0.1430,0
0352+605,59.104995,60.732772,868,0.0841,0
0353+206,59.156381,20.836319,562,0.1919,0
0354+000,59.226175,0.225383,144,1.1707,0
0354+231,59.340041,23.331618,1448,0.0722,0
0355-483,59.341325,-48.204211,100,0.3135,0
0355-079,59.430389,-7.854047,405,0.2108,0
0355+055,59.442190,5.708683,422,0.1682,0
0354+559,59.625784,56.112350,531,0.0892,0
0354+599,59.761000,60.089464,913,0.0716,0
0356-033,59.846705,-3.176117,193,1.3800,0
0356+278,59.866398,27.973346,601,0.1545,0
0355+508,59.873947,50.963934,36668,0.0481,0
0357-263,59.890341,-26.258703,439,0.3642,0
0356+157,59.915978,15.923942,437,0.3224,0
0356+322,59.937137,32.346432,707,0.0851,0
0357+057,60.048897,5.845312,446,0.1441,0
0358-162,60.277653,-16.110836,361,0.2057,0
0358+031,60.298938,3.307951,318,0.2665,0
0358+040,60.332971,4.226224,473,0.1142,0
0359-294,60.339516,-29.357453,443,0.2752,0
0358+210,60.438192,21.174607,6344,0.0528,0
0359-263,60.503271,-26.260948,77,0.6307,0
0352+825,60.552823,82.693091,274,1.1876,0
0359-151,60.569947,-14.972499,351,0.2573,0
0400-319,60.588608,-31.790540,3858,0.0564,1
0400+258,60.773275,26.000417,3075,0.0556,0
0401-248,60.923900,-24.735683,510,0.1457,0
0402-362,60.973958,-36.083865,29063,0.0445,1
0402+160,61.255011,16.173812,225,1.1554,0
0403-380,61.329202,-37.920559,108,0.6410,0
0403-132,61.391681,-13.137136,13595,0.0449,1
0402+379,61.455262,38.058954,379,0.2007,0
0403-179,61.551019,-17.832758,351,0.2726,0
0403+208,61.589981,20.939851,360,0.5498,0
0403+064,61.642948,6.620830,425,0.1375,0
0404-240,61.663917,-23.917719,297,0.2538,0
0405-385,61.745981,-38.441123,15207,0.0466,0
0404+075,61.871195,7.702075,535,0.0993,0
0404+169,61.882378,17.092069,182,1.3863,0
0405-331,61.891307,-33.062877,619,0.1323,0
0404+065,61.907791,6.634591,516,0.1900,0
0405-123,61.951796,-12.193517,1909,0.0698,0
0402+682,61.954857,68.358787,494,0.1050,0
0405-015,62.077226,-1.376360,419,0.2576,0
0405+304,62.084907,30.541803,528,0.1670,0
0407-658,62.084908,-65.752523,16,5.0450,0
0406-079,62.189057,-7.826688,164,0.5292,0
0406-056,62.248541,-5.494594,548,0.1716,0
0406-127,62.274041,-12.646707,3136,0.0738,1
0406+121,62.341703,12.294402,1955,0.0680,0
0406+065,62.357699,6.676417,467,0.2079,0
0407-170,62.405560,-16.926538,265,0.4243,0
0407-199,62.418955,-19.800495,254,0.5091,0
0407-041,62.444110,-4.000987,148,0.2042,0
0401+820,62.664279,82.139948,497,0.2941,0
0403+768,62.690045,76.945920,295,0.1149,0
0409-280,62.855134,-27.972447,337,0.2203,0
0408+085,62.891073,8.719838,411,0.1925,0
0408+171,62.919422,17.234743,366,0.3790,0
0409-045,62.957059,-4.404182,328,0.2016,0
0409+000,63.139402,0.180139,391,0.2287,0
0409+045,63.159113,4.635010,449,0.1413,0
0409+229,63.181945,23.084848,1092,0.0916,0
0409+188,63.191434,18.943632,538,0.1579,0
0410+200,63.289844,20.212581,459,0.2803,0
0410+168,63.343032,16.997528,331,0.2941,0
0411-063,63.367665,-6.250414,324,0.3391,0
0409+527,63.404527,52.848040,384,0.1591,0
0410+110,63.418087,11.204107,1648,0.0773,0
0411+245,63.561814,24.688695,261,0.5140,0
0411+341,63.655233,34.314225,498,0.1103,0
0411+054,63.657364,5.578425,276,0.4314,0
0412+254,63.777674,25.535025,466,0.3740,0
0412+256,63.804968,25.800109,543,0.2256,0
0413-136,63.940392,-13.487795,304,0.3132,0
0412+447,63.985527,44.880468,486,0.0914,0
0413-210,64.018166,-20.940977,656,0.1356,0
0414-341,64.041893,-34.051100,272,0.3238,0
0414-337,64.085461,-33.658987,257,0.3919,0
0414-253,64.118282,-25.221345,321,0.2335,0
0414-157,64.132680,-15.614898,319,0.2174,0
0414-189,64.152269,-18.852317,5889,0.0492,0
0414+548,64.580584,54.954260,430,0.1287,0
0415+379,64.588655,38.026611,426,0.1008,0
0415+211,64.667851,21.275320,352,0.4039,0
0416-216,64.751743,-21.543243,269,0.2990,0
0415+572,64.830887,57.383329,463,0.1187,0
0415+398,64.843956,39.924716,8456,0.0479,1
0416+184,64.879341,18.591297,349,0.4706,0
0417-302,64.946688,-30.173293,279,0.5040,0
0416+387,65.056603,38.828626,342,0.1385,0
0418-151,65.076639,-15.024049,421,0.2180,0
0418+259,65.263953,26.110132,410,0.2435,0
0418+437,65.465729,43.869564,480,0.1605,0
0419-068,65.544981,-6.729259,403,0.1999,0
0419+308,65.588432,30.969365,421,0.1595,0
0418+532,65.684995,53.407295,6177,0.0499,0
0419+175,65.699053,17.687739,432,0.3200,0
0420-206,65.701923,-20.582232,301,0.5734,0
0420+022,65.717561,2.324147,31528,0.0439,1
0420+210,65.758285,21.133924,600,0.1364,0
0420-014,65.815836,-1.342518,107061,0.0432,0
0420+417,65.983374,41.834087,2963,0.0536,0
0421+023,66.010740,2.445176,535,0.2246,0
0421+019,66.035675,2.073601,632,0.1166,0
0421+145,66.097878,14.704634,349,0.1957,0
0421+071,66.136502,7.260957,106,1.5669,0
0422-389,66.140484,-38.811567,539,0.1216,0
0421+464,66.163189,46.608967,396,0.1606,0
0422-380,66.176015,-37.939107,2568,0.0600,0
0422+004,66.195175,0.601758,6484,0.0509,0
0422+079,66.240012,8.088146,874,0.1006,0
0422+224,66.424774,22.585347,451,0.3478,0
0423-163,66.473223,-16.211176,284,0.4544,0
0423+297,66.625942,29.873037,469,0.2010,0
0423+186,66.638365,18.719257,290,0.6338,0
0423+051,66.652517,5.305520,885,0.0852,0
0421+683,66.708625,68.431369,511,0.1097,0
0423+183,66.722592,18.448001,132,0.2874,0
0424+128,66.725272,12.950626,314,0.3882,0
0423+233,66.732228,23.461009,1074,0.0778,0
0423+237,66.733210,23.840718,538,0.1205,0
0424-131,66.780439,-13.048255,335,0.4513,0
0425-071,66.858997,-7.008684,534,0.1470,0
0424+414,66.941856,41.550305,652,0.0940,0
0425+048,66.948211,4.952313,768,0.1121,0
0424+328,67.024203,32.997790,423,0.1201,0
0425+174,67.148474,17.539885,677,0.1047,0
0426-380,67.168434,-37.938772,6301,0.0516,0
0427-502,67.177634,-50.092860,171,0.2216,0
0426-126,67.186942,-12.504737,359,0.2664,0
0424+670,67.275105,67.171258,261,1.2274,0
0426+181,67.371474,18.264494,545,0.1490,0
0426+332,67.469671,33.317183,414,0.1331,0
0426+273,67.470670,27.410521,4345,0.0552,0
0428-375,67.499537,-37.450132,29,5.0859,0
0427-230,67.530328,-22.912426,270,0.2513,0
0428-252,67.566817,-25.127490,263,0.5371,0
0427-055,67.588334,-5.395516,347,0.4530,0
0427+168,67.593113,16.917986,299,0.2750,0
0427+235,67.643500,23.672449,331,0.2522,0
0428+172,67.749355,17.387690,336,0.2777,0
0428+205,67.765673,20.626184,398,0.1908,0
0428-042,67.867036,-4.107589,505,0.1380,0
0429+174,67.989080,17.526604,574,0.1480,0
0428+314,68.026843,31.520370,421,0.1477,0
0431-512,68.088244,-51.156996,19,1.4479,0
0430-163,68.121176,-16.234908,350,0.1676,0
0429+415,68.152095,41.641236,335,0.1328,0
0429+448,68.168256,45.003823,433,0.1919,0
0430-332,68.185684,-33.153314,316,0.3846,0
0430+052,68.296231,5.354339,11473,0.0467,0
0432-606,68.392119,-60.503825,110,0.2276,0
0430+289,68.407624,29.098744,10092,0.0500,1
0432-148,68.579271,-14.715377,402,0.1464,0
0432-253,68.586069,-25.242642,288,0.3720,0
0433-422,68.688807,-42.185539,277,0.1691,0
0432+246,68.803209,24.779475,335,0.3145,0
0432+254,68.894096,25.549916,562,0.1644,0
0433-101,69.047468,-10.048380,451,0.1871,0
0434-240,69.213663,-23.998918,282,0.7007,0
0434-188,69.256178,-18.746837,5847,0.0661,0
0433+295,69.268231,29.670505,423,0.2326,0
0437-719,69.268243,-71.805601,103,0.1531,0
0434+212,69.397144,21.345878,353,0.4239,0
0435-300,69.402370,-29.901144,302,0.2740,0
0434+299,69.520618,30.079310,500,0.1007,0
0435-073,69.590301,-7.272000,145,1.6659,0
0436-129,69.645921,-12.850933,4018,0.0562,0
0436-089,69.657820,-8.805974,282,0.6600,0
0436-203,69.710373,-20.207332,310,0.3440,0
0435+217,69.732854,21.886196,622,0.1346,0
0435+487,69.746273,48.812949,148,1.8318,0
0437-454,69.753561,-45.372934,11958,0.0472,1
0436+052,69.759426,5.345465,415,0.1653,0
0436+306,69.824061,30.752098,397,0.1255,0
0437-303,69.971673,-30.296007,286,0.2514,0
0436+426,70.032798,42.744516,558,0.1135,0
0438-436,70.071583,-43.552390,911,0.0847,0
0437+145,70.088081,14.632486,407,0.1327,0
0437+273,70.115581,27.477966,438,0.1330,0
0441-699,70.198989,-69.871691,105,0.1794,0
0438+189,70.309481,19.068666,248,0.4621,0
0439-299,70.331296,-29.876769,255,0.5398,0
0438+040,70.370258,4.144345,492,0.2415,0
0439-337,70.390700,-33.667754,297,0.3344,0
0440-520,70.492821,-51.915047,63,0.3181,0
0440-285,70.656905,-28.425232,308,0.2258,0
0440-003,70.661086,-0.295395,5240,0.0528,0
0439+283,70.683267,28.427346,479,0.2068,0
0439+186,70.713172,18.727484,401,0.1903,0
0440+345,70.881813,34.685184,4444,0.0558,0
0440+209,70.906503,21.085741,532,0.1548,0
0441+106,71.051942,10.713129,609,0.1284,0
0442+071,71.255953,7.264976,454,0.1506,0
0441+513,71.260072,51.413292,91,1.8377,0
0438+785,71.442981,78.649494,257,0.5766,0
0442+389,71.547892,39.004750,5110,0.0588,0
0443+333,71.786724,33.462746,290,0.1537,0
0445-221,71.905340,-22.060229,251,0.8179,0
0446-212,72.072424,-21.162453,315,0.1906,0
0443+592,72.085347,59.363828,253,0.7248,0
0445+097,72.090577,9.847628,450,0.1249,0
0446-265,72.099849,-26.437456,283,0.3132,0
0445+364,72.146507,36.492060,475,0.1557,0
0450-743,72.202325,-74.292013,182,0.1584,0
0446-096,72.206124,-9.592084,511,0.2966,0
0446+113,72.210050,11.465103,426,0.1846,0
0438+824,72.250806,82.555402,852,0.1384,0
0446+112,72.281963,11.357943,43409,0.0436,0
0446+178,72.302132,17.908776,532,0.1662,0
0446+074,72.338211,7.486304,318,0.3175,0
0444+634,72.347127,63.535954,3227,0.0542,0
0447-439,72.352909,-43.835823,48,0.4626,0
0446+422,72.390065,42.296490,70,2.9627,0
0448-392,72.426061,-39.185964,560,0.1027,0
0447-010,72.428775,-0.956209,420,0.1637,0
0454-810,72.522668,-81.017287,14411,0.0458,1
0447+205,72.575249,20.610208,408,0.2147,0
0446+462,72.628341,46.349943,299,0.3464,0
0448-187,72.649623,-18.616780,662,0.1351,0
0447+408,72.681998,40.937213,447,0.1162,0
0447+227,72.716436,22.818305,830,0.1378,0
0446+595,72.828007,59.592273,757,0.0890,0
0449+141,73.069148,14.251716,179,0.9672,0
0449+125,73.177505,12.606831,414,0.2301,0
0450+013,73.259328,1.476564,562,0.1333,0
0451-282,73.311028,-28.127035,3247,0.0552,0
0451-398,73.319247,-39.818314,265,0.2391,0
0450+299,73.465692,30.066217,203,0.7420,0
0451-078,73.482136,-7.757521,501,0.1576,0
0451+120,73.494035,12.082345,121,0.3013,0
0452+195,73.750898,19.604052,245,0.4850,0
0452-242,73.768853,-24.135042,179,1.0091,0
0452+068,73.836303,6.927465,356,0.3471,0
0454-463,73.961552,-46.266300,7912,0.0504,0
0454-220,74.037182,-21.985944,291,0.2356,0
0453+269,74.072358,27.039210,587,0.2092,0
0454-316,74.152847,-31.603466,279,0.1898,0
0454+039,74.196561,4.014707,392,0.1426,0
0454-234,74.263247,-23.414450,198682,0.0431,1
0454+066,74.282125,6.752017,452,0.1194,0
0454-088,74.334220,-8.818190,405,0.2639,0
0455-346,74.366241,-34.555420,105,1.1799,0
0454+291,74.375490,29.177462,394,0.1766,0
0455-183,74.476355,-18.321131,425,0.2076,0
0454+263,74.480859,26.411397,254,0.5859,0
0456-317,74.586847,-31.655620,84,3.3667,0
0455+201,74.624468,20.193354,455,0.2906,0
0456+060,74.703215,6.134405,487,0.1448,0
0454+550,74.728500,55.145016,784,0.0917,0
0456+310,74.887641,31.109524,460,0.1297,0
0457+024,74.966878,2.491993,2043,0.0766,0
0456+270,74.983697,27.100581,216,0.4715,0
0456+428,75.114470,42.891904,341,0.2229,0
0457+267,75.116126,26.859539,486,0.2160,0
0458-020,75.303375,-1.987293,170772,0.0430,1
0458+206,75.329447,20.748768,183,0.6305,0
0459-165,75.347405,-16.468888,339,0.5537,0
0458+254,75.398387,25.510768,345,0.2648,0
0458+138,75.438628,13.935339,2114,0.0761,0
0456+714,75.440750,71.476101,528,0.1266,0
0459-139,75.499771,-13.918007,360,0.2807,0
0459+060,75.564358,6.152082,643,0.1133,0
0459+387,75.635387,38.831928,444,0.1495,0
0459+135,75.638415,13.636377,471,0.1067,0
0459+006,75.641067,0.704942,233,0.6391,0
0459+415,75.658284,41.655374,474,0.1186,0
0500-357,75.684857,-35.687454,370,0.2369,0
0459+252,75.743645,25.273688,870,0.0876,0
0500+019,75.838322,2.051299,816,0.0976,0
0501-215,75.950375,-21.475371,315,0.2898,0
0500+443,75.959267,44.410939,406,0.1536,0
0501-067,75.983532,-6.634293,314,0.3664,0
0500+339,75.986603,34.057809,403,0.1928,0
0503-608,76.007088,-60.831261,84,0.2583,0
0502-152,76.119988,-15.207458,360,0.1996,0
0502-078,76.143722,-7.743579,139,0.1837,0
0501+279,76.226277,28.042217,495,0.1485,0
0502+049,76.346603,4.995201,1651,0.0682,0
0502+041,76.394871,4.265161,362,0.4869,0
0500+640,76.420571,64.107303,327,0.4090,0
0503-043,76.463493,-4.324059,396,0.2294,0
0503-295,76.482706,-29.510667,400,0.1351,0
0503-163,76.488169,-16.266114,470,0.2168,0
0503+216,76.641806,21.683378,643,0.1119,0
0506-612,76.683286,-61.161387,1760,0.0626,1
0504-099,76.721099,-9.845131,363,0.2569,0
0504+237,76.772170,23.862431,314,0.4033,0
0503+466,76.848579,46.761761,420,0.0887,0
0459+791,76.879863,79.215535,152,0.7840,0
0507-611,76.977795,-61.078643,97,0.1910,0
0506-196,77.079167,-19.598937,340,0.3742,0
0503+608,77.113581,60.940927,424,0.1817,0
0506-332,77.158689,-33.148322,267,0.3248,0
0454+844,77.176515,84.534596,21257,0.0450,1
0506-203,77.199685,-20.335125,197,0.9509,0
0506+198,77.255157,19.955108,286,0.3623,0
0505+354,77.274359,35.471468,479,0.1518,0
0506+056,77.358185,5.693148,2546,0.0536,0
0506+101,77.364404,10.195722,6199,0.0497,1
0506+398,77.453406,39.865173,391,0.1429,0
0506+274,77.463538,27.556261,397,0.3087,0
0507+179,77.509871,18.011550,5674,0.0477,1
0507+209,77.547112,20.970405,294,0.3726,0
0508-317,77.693087,-31.714981,301,0.2014,0
0508+138,77.909665,13.955332,530,0.1154,0
0508+264,77.959881,26.531907,486,0.2870,0
0509+011,77.990052,1.180399,457,0.1369,0
0509+205,78.162814,20.628557,451,0.2478,0
0509+152,78.170887,15.289856,548,0.1173,0
0509+293,78.175858,29.451003,463,0.2229,0
0509+406,78.218929,40.695450,483,0.0828,0
0510-005,78.260849,-0.540350,278,0.5803,0
0511+009,78.416802,1.006015,577,0.2412,0
0511-203,78.428577,-20.269860,396,0.2680,0
0511-220,78.454643,-21.987803,1260,0.0772,0
0512-205,78.572281,-20.489031,408,0.1559,0
0510+559,78.577915,56.036404,1796,0.0742,1
0513-459,78.683166,-45.909881,188,0.1997,0
0512-303,78.720896,-30.278124,81,0.5973,0
0511+267,78.768425,26.796455,334,0.3725,0
0512-129,78.809060,-12.927769,78,3.0110,0
0514-459,78.938542,-45.945333,356,0.1693,0
0512+153,78.947305,15.454609,143,0.4304,0
0514-161,79.066372,-16.052120,533,0.1608,0
0517-726,79.157163,-72.618740,178,0.1497,0
0513+276,79.168655,27.719522,548,0.1885,0
0516-621,79.187192,-62.118164,4751,0.0507,0
0514+109,79.194359,10.965219,398,0.2442,0
0514+074,79.234853,7.548125,416,0.2994,0
0514-156,79.238272,-15.619547,351,0.3834,0
0515-179,79.350196,-17.940041,538,0.2282,0
0515-053,79.367126,-5.344678,655,0.1330,0
0513+455,79.370414,45.618018,454,0.0926,0
0515+067,79.463934,6.800892,493,0.1860,0
0516-340,79.514465,-34.041559,244,0.2336,0
0515+208,79.515935,20.914583,6993,0.0505,1
0514+330,79.521427,33.103712,420,0.1302,0
0516-249,79.525214,-24.917195,331,0.2640,0
0514+474,79.550374,47.515424,360,0.1378,0
0515+227,79.603684,22.819425,278,0.6291,0
0516-095,79.690737,-9.532121,477,0.1447,0
0516+087,79.795046,8.815760,453,0.1314,0
0513+714,79.870341,71.551035,479,0.2569,0
0516+276,79.887613,27.734540,355,0.2420,0
0518-458,79.957180,-45.778848,268,0.1950,0
0517-027,80.039036,-2.670331,265,1.0536,0
0517+020,80.121453,2.073501,262,0.6223,0
0518+165,80.291191,16.639459,594,0.0973,0
0519-176,80.348156,-17.625051,436,0.2001,0
0518+211,80.441524,21.214292,831,0.1048,0
0519+124,80.499045,12.451542,234,0.2182,0
0519+011,80.572781,1.225329,521,0.1405,0
0522-611,80.643440,-61.132537,734,0.0882,1
0520-165,80.686062,-16.464557,728,0.1528,0
0519+142,80.688110,14.258135,561,0.2218,0
0521-403,80.725480,-40.341928,275,0.2618,0
0521-365,80.741603,-36.458570,11529,0.0475,0
0518+600,80.795867,60.129365,307,0.2283,0
0521-262,80.826956,-26.235987,293,0.2529,0
0520+411,80.982418,41.230781,397,0.1964,0
0522-314,81.041273,-31.439511,194,1.9829,0
0518+705,81.055972,70.581363,573,0.1337,0
0521+196,81.096389,19.724362,391,0.3105,0
0522-030,81.159869,-3.016816,72,2.3070,0
0522-283,81.227626,-28.311561,430,0.2463,0
0523-236,81.277108,-23.636335,751,0.0964,0
0523-202,81.366827,-20.180106,146,0.2945,0
0524-460,81.380834,-45.965190,263,0.1839,0
0521+632,81.527972,63.291389,438,0.2292,0
0524-485,81.569464,-48.510220,934,0.0782,1
0523+269,81.617477,26.994392,422,0.1953,0
0524-237,81.701606,-23.715517,452,0.2058,0
0525-230,81.779552,-22.971509,234,0.9550,0
0525-231,81.827534,-23.126945,300,0.2855,0
0525-100,81.850253,-10.049242,265,0.7070,0
0524+034,81.886273,3.525421,8281,0.0510,1
0526-332,82.102704,-33.185272,69,4.5025,0
0526+249,82.292264,25.014326,319,0.3657,0
0530-727,82.375176,-72.757919,10499,0.0465,1
0527-053,82.473056,-5.328227,525,0.1713,0
0527-253,82.487781,-25.266370,292,0.2200,0
0521+793,82.533116,79.348370,538,0.2210,0
0528-250,82.533178,-25.058305,1955,0.0691,0
0526+373,82.552289,37.392394,458,0.1282,0
0528+134,82.735070,13.531986,128653,0.0432,0
0529-355,82.876732,-35.559118,358,0.1349,0
0530-388,83.008591,-38.815094,264,0.2736,0
0529-031,83.031331,-3.118621,409,0.1664,0
0529+075,83.162494,7.545374,314,0.3670,0
0531-397,83.238273,-39.685841,282,0.2954,0
0529+483,83.316107,48.381336,97709,0.0431,1
0530+184,83.465122,18.507837,266,0.3867,0
0530+421,83.485354,42.181784,359,0.2608,0
0532-398,83.543768,-39.846906,260,0.3308,0
0532-378,83.572861,-37.790443,258,0.2455,0
0534-611,83.649052,-61.101965,751,0.0857,0
0531+194,83.685466,19.455970,170,2.3298,0
0532+196,83.764990,19.705855,519,0.2172,0
0532+255,83.958113,25.537369,529,0.1620,0
0532+506,84.084300,50.640625,413,0.1144,0
0534-201,84.092921,-20.092053,298,0.2607,0
0534-340,84.118468,-34.019852,6039,0.0587,1
0533+097,84.133242,9.739065,75,3.2836,0
0533+446,84.375253,44.684317,303,0.3016,0
0535+001,84.539495,0.144718,73,4.0455,0
0537-441,84.709840,-44.085816,99903,0.0434,0
0534+510,84.728313,51.123169,501,0.1125,0
0535+331,84.790300,33.137637,472,0.3157,0
0537-158,84.883376,-15.841756,423,0.1750,0
0536+145,84.926525,14.562656,9440,0.0471,1
0536+198,84.975724,19.862514,437,0.2063,0
0537-286,84.976173,-28.665541,30001,0.0443,1
0537-052,84.999738,-5.244806,279,0.6577,0
0537+251,85.059761,25.132041,473,0.2173,0
0537+392,85.185161,39.270065,417,0.1462,0
0539-543,85.191034,-54.306138,311,0.1436,0
0537+174,85.191365,17.477391,318,0.3696,0
0535+677,85.305821,67.756465,381,0.4187,0
0537+558,85.311491,55.845436,555,0.1122,0
0537+531,85.317392,53.206898,630,0.1041,0
0538-022,85.340401,-2.185663,242,0.2833,0
0538+133,85.343481,13.377534,349,0.3532,0
0539-057,85.408681,-5.697063,2764,0.0737,1
0538+474,85.455190,47.485447,422,0.1046,0
0538+330,85.455979,33.025529,478,0.2056,0
0543-735,85.461566,-73.537596,120,0.2206,0
0540-270,85.552973,-26.978483,296,0.3218,0
0540-380,85.618558,-38.056055,133,1.0481,0
0538+498,85.650575,49.852009,2014,0.0664,0
0540-092,85.732823,-9.225279,299,0.2349,0
0532+826,85.911863,82.641323,514,0.1587,0
0540+456,86.004860,45.684109,388,0.2237,0
0542-227,86.031530,-22.686106,524,0.1691,0
0541+269,86.041089,26.931548,351,0.3096,0
0540+529,86.058649,52.968475,257,0.5152,0
0542+112,86.217499,11.313868,288,0.4140,0
0542-056,86.347325,-5.660511,59,0.6620,0
0544+123,86.776151,12.396179,436,0.1845,0
0544+273,86.892287,27.365790,23214,0.0444,1
0545+221,87.016189,22.176556,324,0.3513,0
0545+258,87.154051,25.853529,381,0.4393,0
0545+276,87.277232,27.619446,416,0.1999,0
0547-278,87.384779,-27.877460,306,0.2528,0
0546+278,87.438599,27.883579,277,0.6488,0
0546+308,87.475754,30.913222,390,0.2645,0
0549-575,87.539918,-57.540110,1089,0.0734,0
0547+017,87.590823,1.772175,181,0.5476,0
0547+277,87.659687,27.725889,332,0.3855,0
0547+234,87.697462,23.446716,858,0.1010,0
0547+281,87.714928,28.207781,280,0.5407,0
0548+084,87.796789,8.486451,1241,0.0984,1
0548-090,87.833672,-9.000540,17,10.9107,0
0548+375,87.868924,37.551363,297,0.1929,0
0550-452,87.921241,-45.261511,149,0.2385,0
0549-191,87.980252,-19.155825,257,0.6617,0
0548+377,87.994591,37.852065,544,0.1174,0
0549+201,88.029172,20.122163,724,0.1105,0
0550-453,88.041834,-45.373520,250,0.2101,0
0549-074,88.047401,-7.456255,264,0.5561,0
0548+378,88.074737,37.907023,5120,0.0515,0
0549+192,88.107854,19.227852,555,0.1226,0
0550+032,88.208756,3.224235,787,0.0976,0
0546+726,88.220831,72.679198,534,0.1444,0
0550-075,88.333338,-7.511109,114,0.4526,0
0551-086,88.424547,-8.667194,350,0.3313,0
0548+689,88.503362,68.965122,421,0.1464,0
0550+356,88.539705,35.692056,748,0.1093,0
0552+398,88.878357,39.813657,473384,0.0428,1
0552+393,88.985907,39.368833,892,0.0718,0
0553+261,89.095201,26.174475,416,0.2208,0
0553+266,89.199250,26.692363,361,0.2502,0
0554-026,89.219263,-2.684866,291,0.7149,0
0554+242,89.269640,24.232027,2052,0.0609,0
0554+179,89.302271,18.001292,192,0.8544,0
0555-222,89.374546,-22.244194,263,0.2072,0
0556-306,89.490166,-30.616182,48,0.4753,0
0554+343,89.500369,34.313441,506,0.1190,0
0555-132,89.510611,-13.294777,400,0.1476,0
0555+270,89.617124,27.020788,294,0.3853,0
0556-350,89.682720,-35.069701,44,1.9788,0
0556-009,89.684965,-0.918591,290,0.3275,0
0555+378,89.751884,37.832089,486,0.1135,0
0557-454,89.798102,-45.494530,369,0.1434,0
0554+580,89.805808,58.067624,479,0.1206,0
0556+238,89.883471,23.898313,24757,0.0450,1
0557-182,89.943348,-18.296547,296,0.2089,0
0557-001,90.014597,-0.099732,262,0.5832,0
0558-396,90.130906,-39.617277,265,0.2593,0
0601-706,90.296866,-70.602442,160,0.1705,0
0558+234,90.447321,23.414857,705,0.1229,0
0559-276,90.453001,-27.606120,318,0.4580,0
0559-200,90.470110,-20.079226,403,0.1632,0
0558+584,90.622623,58.487674,74,0.4261,0
0600-000,90.678711,-0.074281,317,0.9033,0
0559+422,90.745600,42.202780,536,0.1270,0
0600+177,90.788043,17.704670,2582,0.0624,0
0600+063,90.809814,6.374429,494,0.1457,0
0600+219,90.964821,21.993805,422,0.1617,0
0600+299,90.982716,29.951488,408,0.2386,0
0602-317,90.985531,-31.742054,255,0.4035,0
0601-172,90.990552,-17.274505,1881,0.0705,0
0602-424,91.104894,-42.425026,320,0.1925,0
0601+020,91.137824,2.082274,207,0.2639,0
0600+442,91.148453,44.232930,563,0.1106,0
0601+242,91.166670,24.253860,358,0.2748,0
0602+109,91.205707,10.927882,614,0.1411,0
0601+245,91.229673,24.498621,779,0.0690,0
0602+000,91.243408,0.012041,44,3.1913,0
0603-353,91.276938,-35.371518,321,0.3433,0
0602+096,91.292138,9.653781,521,0.1223,0
0601+578,91.425948,57.887877,463,0.1648,0
0603+026,91.432247,2.663540,256,0.6381,0
0602+405,91.461897,40.502251,1527,0.0742,0
0604-074,91.681443,-7.408398,952,0.1023,0
0604-004,91.739348,-0.415962,447,0.2331,0
0605-247,91.818068,-24.794712,271,0.3376,0
0603+476,91.846896,47.663039,510,0.1053,0
0602+673,91.969465,67.348725,112958,0.0431,0
0605-085,91.998747,-8.580550,6240,0.0480,1
0605-153,92.006383,-15.343605,320,0.1782,0
0606-387,92.047757,-38.790718,306,0.3131,0
0606-272,92.188487,-27.286342,290,0.3028,0
0606-223,92.248695,-22.339155,18145,0.0447,0
0606-025,92.368798,-2.514703,406,0.3543,0
0607-157,92.420623,-15.711298,51085,0.0433,1
0608-187,92.574525,-18.794470,275,0.1986,0
0602+780,92.601164,78.026721,570,0.1366,0
0608-230,92.661614,-23.029398,323,0.1632,0
0604+728,92.703639,72.814773,596,0.1104,0
0608+042,92.818492,4.230402,317,0.5219,0
0609-119,92.896105,-11.929397,336,0.2671,0
0609-284,92.964023,-28.466625,320,0.2514,0
0607+624,93.043021,62.426115,385,0.3078,0
0610-436,93.119189,-43.630105,274,0.2195,0
0610-316,93.123602,-31.649499,356,0.1982,0
0609+413,93.213272,41.377058,657,0.1047,0
0611-001,93.399644,-0.142707,436,0.1782,0
0610+171,93.401500,17.140263,373,0.1578,0
0610+260,93.458913,26.076867,970,0.0871,0
0611+131,93.490386,13.112611,3878,0.0563,0
0612-255,93.571712,-25.614868,373,0.1792,0
0609+607,93.599442,60.772710,1963,0.0645,0
0610+510,93.704831,51.036977,411,0.1320,0
0611+483,93.766889,48.317980,501,0.1319,0
0613-312,93.830049,-31.289327,261,0.4524,0
0613-013,93.917562,-1.317963,332,0.2167,0
0613-030,94.033089,-3.113570,453,0.2393,0
0613+200,94.148848,20.081367,292,0.4825,0
0614-349,94.149920,-34.937936,265,0.6728,0
0614-106,94.174198,-10.685682,305,0.2019,0
0614-219,94.258511,-22.007826,352,0.2004,0
0613+282,94.275909,28.270795,265,0.8004,0
0613+570,94.320511,57.021229,111234,0.0431,1
0615-365,94.384703,-36.570792,143,2.2379,0
0615-172,94.389244,-17.256968,259,0.2790,0
0610+782,94.487220,78.268721,599,0.1093,0
0614+463,94.534182,46.337837,471,0.1580,0
0614+421,94.535916,42.133291,562,0.1133,0
0615-142,94.538903,-14.312922,324,0.2403,0
0616-244,94.594397,-24.443874,290,0.2910,0
0621-786,94.625661,-78.717261,289,0.1408,0
0616-116,94.767094,-11.681914,360,0.1573,0
0616+076,94.791546,7.611450,329,0.2514,0
0617+210,95.081369,21.041540,603,0.1649,0
0617+279,95.098397,27.903623,372,0.1619,0
0618-284,95.122328,-28.460023,495,0.1576,0
0618-252,95.133821,-25.254857,408,0.1552,0
0618-061,95.293185,-6.165057,338,0.4068,0
0614+761,95.328301,76.084599,412,0.2006,0
0619-140,95.436798,-14.048221,291,0.2166,0
0620-194,95.618905,-19.455051,280,0.2267,0
0619+314,95.639428,31.471462,437,0.1297,0
0619+334,95.717592,33.436225,454,0.1475,0
0620-011,95.741427,-1.157533,442,0.2458,0
0620-069,95.741858,-6.947770,462,0.1771,0
0622-645,95.782068,-64.605756,202,0.1808,0
0620+227,95.824223,22.693271,269,0.3391,0
0618+588,95.840747,58.817188,444,0.1155,0
0620+385,95.870582,38.513836,451,0.1179,0
0622-441,95.882442,-44.217373,200,0.4072,0
0621-338,95.916294,-33.837434,126,0.4368,0
0620+459,95.985466,45.910975,420,0.1656,0
0621-010,96.007021,-1.057818,366,0.3413,0
0620+389,96.079255,38.946871,2314,0.0619,0
0623-156,96.321308,-15.694529,217,0.6801,0
0621+446,96.326106,44.667118,571,0.0989,0
0622+147,96.441342,14.672151,297,0.3213,0
0622+477,96.445293,47.734898,60,3.3294,0
0623-115,96.455571,-11.556764,395,0.1706,0
0624-546,96.467628,-54.647418,128,0.1603,0
0615+820,96.512526,82.040436,6448,0.0482,1
0622+336,96.545902,33.656668,473,0.1744,0
0624-151,96.639420,-15.210012,316,0.3838,0
0623+264,96.728749,26.388837,371,0.2553,0
0625-354,96.778039,-35.487594,268,0.2765,0
0624+185,96.835530,18.517780,354,0.3139,0
0625+034,96.909515,3.416524,309,0.2545,0
0625+202,97.042918,20.176336,399,0.3789,0
0628-671,97.165033,-67.213168,21,0.4710,0
0626-280,97.180329,-28.088718,420,0.1950,0
0625+286,97.209662,28.597341,526,0.1334,0
0628-627,97.239533,-62.812429,109,0.3119,0
0627-199,97.349008,-19.988812,10406,0.0459,1
0626+154,97.413448,15.465831,534,0.2575,0
0627-050,97.479295,-5.083353,437,0.2566,0
0627+176,97.530244,17.636925,567,0.1364,0
0627+330,97.718655,33.009025,467,0.1957,0
0628-133,97.724596,-13.392915,322,0.1695,0
0628+203,97.754427,20.349781,894,0.1079,0
0629-418,97.799992,-41.907485,465,0.1826,0
0629-141,97.834276,-14.175484,407,0.1414,0
0627+532,97.894522,53.191042,415,0.1540,0
0629-128,98.006853,-12.842439,308,0.1908,0
0630-261,98.027091,-26.237232,607,0.1200,0
0623+803,98.041165,80.341041,297,0.3351,0
0629+104,98.063859,10.367144,409,0.2706,0
0629+320,98.128262,32.014898,458,0.1214,0
0629+159,98.139649,15.906273,375,0.1543,0
0629+160,98.179731,15.999339,595,0.1109,0
0629+362,98.311259,36.201954,482,0.1459,0
0631-223,98.361472,-22.389543,367,0.1794,0
0630+367,98.393383,36.713818,455,0.1516,0
0630+497,98.467528,49.729423,542,0.1798,0
0631+258,98.615415,25.848088,265,0.5019,0
0631+142,98.685442,14.241274,43,5.5354,0
0632-235,98.745838,-23.586655,4608,0.0513,0
0632-183,98.795887,-18.357289,262,0.7271,0
0633-26B,98.830901,-26.348811,257,0.3126,0
0633-263,98.837121,-26.344408,319,0.1676,0
0632+193,98.863094,19.273757,543,0.1947,0
0634-584,98.920125,-58.452854,11,0.8438,0
0637-752,98.943783,-75.271338,18025,0.0454,0
0633-142,98.958201,-14.250384,200,0.5967,0
0633-211,99.002507,-21.220056,393,0.2091,0
0634-311,99.009830,-31.219923,150,0.7281,0
0632+502,99.045902,50.166563,386,0.1759,0
0634-057,99.201373,-5.785429,497,0.1496,0
0634-108,99.281995,-10.881139,307,0.3453,0
0635-296,99.286918,-29.710769,268,0.2976,0
0634+233,99.359899,23.332838,462,0.2231,0
0627+814,99.430736,81.424359,398,0.2724,0
0635-355,99.443370,-35.613437,303,0.4663,0
0634+150,99.462718,14.982579,383,0.2107,0
0634+334,99.483085,33.368403,426,0.2217,0
0633+595,99.511966,59.556171,615,0.0814,0
0635+250,99.558849,24.980614,336,0.4890,0
0636-087,99.742705,-8.753975,397,0.3104,0
0636+022,99.795609,2.191857,440,0.2008,0
0637-337,99.837103,-33.766698,316,0.1910,0
0633+734,99.841505,73.416122,743,0.0849,0
0637-216,99.869690,-21.699390,331,0.5053,0
0638-411,99.939956,-41.225596,300,0.1732,0
0637-128,100.029927,-12.887613,280,0.8233,0
0638+182,100.297628,18.220518,389,0.1650,0
0639-358,100.325303,-35.909309,163,0.2579,0
0639+098,100.438324,9.784537,147,0.7940,0
0639-032,100.463054,-3.346828,1273,0.0613,0
0636+680,100.517739,67.976561,5612,0.0508,0
0603+882,100.525566,88.198615,892,0.0992,0
0639+115,100.604233,11.475807,212,0.5713,0
0638+528,100.615925,52.799798,498,0.1293,0
0641-434,100.693998,-43.526938,121,1.2404,0
0639+352,100.742248,35.155105,683,0.1245,0
0641-248,100.781120,-24.855920,328,0.2445,0
0640+074,100.841972,7.414568,306,0.4307,0
0640+090,100.860188,8.960559,227,0.4952,0
0641-135,100.884841,-13.597189,373,0.1399,0
0641+126,100.999398,12.638363,488,0.2388,0
0642-349,101.105337,-34.994986,1877,0.0957,1
0644-671,101.116850,-67.215933,138,0.1560,0
0641+292,101.186733,29.184449,437,0.2736,0
0641+392,101.223790,39.246537,17216,0.0464,1
0643-336,101.333055,-33.677828,103,0.3163,0
0642+214,101.350415,21.364222,573,0.1173,0
0643+057,101.446986,5.689553,301,0.4534,0
0643+307,101.563492,30.689898,342,0.2179,0
0641+598,101.586161,59.773894,77,1.9730,0
0644-390,101.628836,-39.060863,305,0.2568,0
0642+449,101.633442,44.854608,224962,0.0429,0
0643+548,101.816857,54.770209,507,0.1833,0
0644+258,101.851094,25.828341,416,0.2055,0
0645-160,101.874862,-16.090933,354,0.1527,0
0646-306,102.058735,-30.738794,20283,0.0459,1
0646-176,102.118744,-17.734844,363,0.1423,0
0645+209,102.136308,20.885811,570,0.1598,0
0644+491,102.196328,49.122425,415,0.1955,0
0647-475,102.201875,-47.574226,21,18.7314,0
0647-410,102.308795,-41.148063,239,1.1960,0
0646+370,102.404540,36.964709,262,0.2567,0
0647-164,102.505077,-16.533428,349,0.3006,0
0648-165,102.602424,-16.627702,62594,0.0433,1
0647-018,102.607076,-1.872824,307,0.2058,0
0647+315,102.623674,31.469658,399,0.2229,0
0647+286,102.627303,28.559528,435,0.2985,0
0646+600,102.630226,60.029043,506,0.0995,0
0648-287,102.637199,-28.821626,289,0.2330,0
0647+040,102.658892,3.969011,437,0.2173,0
0648-086,102.688230,-8.666717,299,0.2552,0
0647+251,102.693709,25.049896,530,0.2116,0
0646+563,102.700794,56.276247,590,0.1036,0
0647+402,102.772560,40.227249,112,0.4995,0
0649-209,102.992167,-21.019977,353,0.1537,0
0650+168,103.223282,16.803140,428,0.2546,0
0650-063,103.252490,-6.425750,371,0.1505,0
0650+239,103.352445,23.890489,429,0.1633,0
0650+052,103.364516,5.147516,339,0.2842,0
0650+166,103.416220,16.612126,168,0.7983,0
0650+232,103.443220,23.229270,349,0.3861,0
0651-194,103.490857,-19.494355,355,0.1896,0
0650+371,103.492845,37.094613,1081,0.0820,0
0651-108,103.544331,-10.893603,442,0.1136,0
0650+507,103.592055,50.706631,489,0.1264,0
0650+453,103.598807,45.239874,476,0.0999,0
0651+428,103.681358,42.799649,473,0.1777,0
0652-130,103.710046,-13.158446,55,4.6249,0
0651+410,103.791770,41.002822,508,0.1111,0
0653-242,103.953201,-24.272443,261,0.3011,0
0653+139,104.034101,13.914668,377,0.1607,0
0653+254,104.034825,25.417883,279,0.9257,0
0652+426,104.044425,42.617431,427,0.1858,0
0653-033,104.046336,-3.385217,401,0.1207,0
0654-140,104.117460,-14.109571,61,2.2088,0
0654-14B,104.122809,-14.144600,79,2.1738,0
0653+322,104.170371,32.159041,373,0.1465,0
0654+033,104.246583,3.264845,399,0.4336,0
0654+244,104.273648,24.398721,735,0.0951,0
0652+577,104.302089,57.699098,375,0.2223,0
0655-319,104.318728,-32.059118,222,0.2231,0
0655+132,104.480350,13.231648,255,0.4679,0
0656-366,104.587189,-36.713134,267,0.7160,0
0656-062,104.763549,-6.352943,279,0.5678,0
0656+082,104.824983,8.225265,36311,0.0466,0
0657-276,104.957987,-27.755142,301,0.2880,0
0657+172,105.006356,17.156028,42974,0.0434,1
0655+696,105.277570,69.608172,551,0.1215,0
0700-465,105.393944,-46.576841,109,0.8581,1
0659+268,105.632462,26.736396,533,0.1303,0
0645+858,105.636739,85.831244,475,0.1536,0
0700-101,105.648987,-10.251783,374,0.1740,0
0700-286,105.668344,-28.697236,271,0.4312,0
0700-197,105.678753,-19.856121,16657,0.0450,1
0658+548,105.692762,54.743259,375,0.2657,0
0659+445,105.723557,44.519986,62,3.7642,0
0700-007,105.829528,-0.850877,452,0.1081,0
0700+285,105.942668,28.472328,375,0.3025,0
0701-049,106.011533,-4.989952,494,0.1865,0
0701-130,106.025984,-13.122867,280,0.4389,0
0700+470,106.039826,47.015567,448,0.1947,0
0701+262,106.226361,26.181841,292,0.3082,0
0702+400,106.435510,39.975562,407,0.2333,0
0703-133,106.498423,-13.414593,339,0.3247,0
0704-231,106.639659,-23.193847,214,0.6565,0
0705-412,106.679416,-41.373275,150,2.2229,0
0702+612,106.752566,61.169891,625,0.0961,0
0704+293,106.858267,29.288508,415,0.3305,0
0704-003,106.874436,-0.435606,218,0.4038,0
0704+384,106.887125,38.370361,249,0.7012,0
0705+025,106.932074,2.436062,79,2.3173,0
0705-142,107.014064,-14.354393,358,0.3323,0
0705+350,107.101866,34.928365,469,0.2504,0
0705+239,107.195304,23.887532,426,0.2493,0
0705+377,107.288427,37.631439,479,0.1356,0
0707-028,107.437728,-2.921527,722,0.1059,0
0709-387,107.681818,-38.843621,534,0.1296,0
0707+424,107.684692,42.348623,398,0.1542,0
0707+476,107.692104,47.536429,6561,0.0483,0
0708-204,107.694261,-20.556650,272,0.3239,0
0708-139,107.750566,-13.992018,338,0.2913,0
0709+008,107.947192,0.805487,150,2.2705,0
0709-015,107.964162,-1.632610,601,0.1556,0
0708+591,108.086040,59.042580,17,4.9216,0
0708+506,108.182015,50.556308,597,0.0886,0
0711-381,108.257756,-38.207860,84,1.1594,0
0709+509,108.303734,50.895525,383,0.2291,0
0710+257,108.403003,25.671357,322,0.4897,0
0710+439,108.409017,43.821447,969,0.0947,0
0710+196,108.481997,19.583447,634,0.1238,0
0710+268,108.489549,26.747075,334,0.3802,0
0711+356,108.603406,35.577721,707,0.1330,0
0708+742,108.650521,74.136151,848,0.1028,0
0712-037,108.701879,-3.852021,44,2.6888,0
0704+819,108.716826,81.865263,259,0.5140,0
0709+683,108.743214,68.233479,543,0.1249,0
0712+207,108.777713,20.692660,377,0.2779,0
0713-092,108.889138,-9.365076,275,0.3646,0
0714+101,109.304812,10.017854,275,0.7192,0
0715+028,109.451785,2.715638,204,0.2960,0
0714+457,109.466052,45.634239,9221,0.0464,0
0714+205,109.468450,20.438594,365,0.3488,0
0713+669,109.523467,66.864814,793,0.1288,0
0716-181,109.558992,-18.217793,359,0.2006,0
0716+215,109.752079,21.427632,336,0.4019,0
0716+332,109.830915,33.119363,608,0.1010,0
0717-198,109.851555,-19.922361,291,0.4527,0
0717-393,109.913662,-39.480194,186,1.3161,0
0716+477,110.089574,47.628924,570,0.0821,0
0718+157,110.260057,15.678603,438,0.2233,0
0718-154,110.306214,-15.511392,303,0.2852,0
0718+042,110.349625,4.112281,675,0.1001,0
0718+277,110.383591,27.703558,453,0.1917,0
0719-353,110.444549,-35.471471,219,0.8476,0
0716+714,110.472702,71.343434,190447,0.0429,1
0718+374,110.505249,37.374620,454,0.1863,0
0720-305,110.615397,-30.634620,207,1.0575,0
0719+255,110.704697,25.476530,335,0.3721,0
0721-071,111.072053,-7.255653,849,0.0690,0
0721+300,111.116830,29.963336,418,0.2266,0
0722+032,111.201704,3.140303,344,0.2366,0
0722+145,111.320032,14.420485,6175,0.0479,0
0723-265,111.351721,-26.675744,518,0.2161,0
0723-189,111.459023,-19.071965,709,0.1551,0
0722+284,111.460791,28.318283,56,2.5386,0
0723-008,111.461000,-0.915706,9774,0.0486,0
0718+792,111.548897,79.191949,74680,0.0433,0
0723+219,111.559420,21.888921,7842,0.0480,0
0723+067,111.651517,6.611903,608,0.1256,0
0725-381,111.750544,-38.219839,171,1.7234,0
0723+488,111.762919,48.736146,633,0.1240,0
0723+679,112.045399,67.813065,706,0.0850,0
0725+219,112.085868,21.885108,1146,0.0774,0
0726-224,112.124160,-22.526863,286,0.3404,0
0726-047,112.200889,-4.896605,249,0.2043,0
0724+571,112.206798,57.023437,473,0.1156,0
0727-365,112.272549,-36.662564,277,0.2798,0
0726-132,112.324240,-13.333964,366,0.2169,0
0728-345,112.489021,-34.655444,243,0.5396,0
0727-115,112.579635,-11.686834,321189,0.0428,1
0727-025,112.607823,-2.690251,477,0.1300,0
0728-054,112.618485,-5.596362,352,0.3238,0
0728-320,112.659577,-32.138939,253,0.4151,0
0727+409,112.713944,40.830785,806,0.1176,0
0728-235,112.777783,-23.696631,518,0.1492,0
0729-222,112.881285,-22.405796,435,0.1839,0
0728+249,112.890606,24.866277,799,0.1314,0
0728+281,112.969706,28.075817,235,1.0528,0
0729+146,112.995821,14.560137,437,0.1938,0
0729+019,113.094953,1.843162,625,0.1504,0
0730-034,113.210681,-3.575976,285,0.5748,0
0729+259,113.234480,25.810777,4558,0.0509,0
0729+562,113.369231,56.094927,152,2.0316,0
0730+353,113.373252,35.261867,167,1.0513,0
0730+504,113.468836,50.369184,951,0.0769,0
0731+050,113.489416,4.937360,822,0.0869,0
0731+166,113.498737,16.518270,312,0.3580,0
0731+479,113.759632,47.835674,546,0.0938,0
0733-174,113.940885,-17.596806,736,0.1467,0
0732+207,113.969762,20.610794,389,0.1889,0
0733+016,113.994311,1.501010,352,0.3780,0
0733+076,113.995049,7.576940,138,1.3360,0
0732+237,113.999669,23.684130,278,0.7258,0
0733-187,114.009907,-18.886090,249,0.6051,0
0733+300,114.056921,29.906162,511,0.1112,0
0734-044,114.140114,-4.553295,271,0.2603,0
0733+261,114.241974,26.080540,567,0.1529,0
0734-072,114.279720,-7.343900,282,0.2827,0
0733+597,114.375362,59.684221,555,0.1348,0
0734+175,114.388692,17.484403,312,0.4764,0
0736-397,114.482668,-39.909460,235,1.0309,0
0733+646,114.495751,64.512041,450,0.1483,0
0735+178,114.530807,17.705277,16150,0.0459,0
0736-332,114.570620,-33.370216,284,0.2949,0
0738-674,114.735401,-67.597452,267,0.1305,1
0736-063,114.738232,-6.449460,328,0.2162,0
0732+755,114.804978,75.463253,342,0.1898,0
0736+017,114.825141,1.617949,30499,0.0437,1
0737-242,114.849938,-24.348593,281,0.5805,0
0736+177,114.868972,17.657550,433,0.2897,0
0736+178,114.950993,17.717806,163,0.6266,0
0738-246,115.061319,-24.743523,281,0.2668,0
0737+289,115.139766,28.879791,485,0.1492,0
0737+176,115.215175,17.505733,243,0.8686,0
0735+674,115.222494,67.318954,433,0.1872,0
0738+313,115.294597,31.200064,12520,0.0447,0
0738+272,115.357220,27.112609,486,0.1089,0
0738+260,115.373923,25.958960,312,0.2370,0
0739-266,115.482005,-26.791804,293,0.3543,0
0738+491,115.511454,49.004336,37864,0.0436,1
0739+199,115.575897,19.788747,553,0.1891,0
0738+548,115.665795,54.740185,670,0.1007,0
0740-383,115.675020,-38.484418,180,1.2170,0
0740+173,115.771278,17.240114,662,0.1107,0
0739+398,115.791194,39.691883,568,0.1196,0
0742-562,115.835355,-56.325822,203,0.2676,1
0743-673,115.881715,-67.440430,394,0.1120,0
0741-444,115.886494,-44.568087,151,2.1297,0
0741-379,115.936753,-38.065667,271,0.2550,0
0740+235,115.937384,23.477501,586,0.1642,0
0741-045,115.968361,-4.672370,345,0.2009,0
0741+169,115.981903,16.802856,466,0.3152,0
0744-691,116.084973,-69.318655,86,0.2908,0
0741-063,116.090235,-6.493309,279,0.2360,0
0741+214,116.196986,21.333452,743,0.2860,0
0741+294,116.214018,29.335011,456,0.1820,0
0742+263,116.274677,26.236047,731,0.1159,0
0743-247,116.292764,-24.862157,272,0.1791,0
0742+103,116.387748,10.186859,10706,0.0511,0
0742+318,116.423631,31.715727,421,0.1222,0
0743-006,116.475343,-0.738206,6942,0.0483,1
0742+333,116.497183,33.226148,412,0.1805,0
0743+182,116.569441,18.122127,459,0.1885,0
0744-158,116.575983,-15.926318,398,0.2351,0
0743+259,116.607809,25.817260,36769,0.0437,1
0743+277,116.668468,27.583069,18338,0.0444,1
0744-124,116.791901,-12.621706,285,0.2099,0
0740+767,116.810865,76.654798,485,0.0973,0
0745-330,116.832013,-33.179714,281,0.2440,0
0745-291,116.924540,-29.317242,271,0.4788,0
0745-165,117.012849,-16.663959,383,0.1459,0
0745+241,117.150455,24.006697,7900,0.0468,0
0746-167,117.202827,-16.840944,485,0.1808,0
0743+744,117.343570,74.344887,442,0.1062,0
0746+110,117.364106,10.959202,509,0.2336,0
0745+579,117.487300,57.837584,525,0.1979,0
0747+087,117.493893,8.625204,380,0.2793,0
0747+185,117.501375,18.386502,2390,0.0584,0
0746+503,117.534762,50.251892,492,0.2089,0
0748-378,117.570414,-37.996897,45,16.6166,0
0746+483,117.585151,48.248210,943,0.0838,0
0747+104,117.636992,10.357436,503,0.1512,0
0747+194,117.666377,19.329816,449,0.1661,0
0742+792,117.680272,79.154723,573,0.0829,0
0748-069,117.696451,-7.101119,312,0.2263,0
0748-121,117.714078,-12.272640,167,1.3312,0
0748+126,117.716857,12.518008,113358,0.0430,1
0740+828,117.740648,82.699453,595,0.1086,0
0748+042,117.748718,4.104599,192,0.4604,0
0748+019,117.759507,1.871045,366,0.3875,0
0749-333,117.772794,-33.526665,258,0.3563,0
0748-006,117.792522,-0.780847,271,0.7494,0
0746+688,117.941603,68.674120,483,0.1478,0
0748+333,117.973638,33.222172,447,0.1154,0
0748+582,118.040324,58.147849,354,0.2894,0
0750-395,118.118147,-39.670825,165,0.9783,0
0749+211,118.135330,20.999706,348,0.2562,0
0749+376,118.170450,37.506753,456,0.1618,0
0748+637,118.252652,63.596172,598,0.1379,0
0749+540,118.255769,53.883233,88753,0.0431,1
0749+426,118.263906,42.525212,505,0.1340,0
0751+095,118.466435,9.405490,410,0.1848,0
0750+218,118.472041,21.767151,390,0.2167,0
0750+535,118.563407,53.415679,358,0.3531,0
0751+253,118.581477,25.176316,345,0.6176,0
0752-116,118.610235,-11.788041,372,0.1233,0
0751+393,118.654456,39.179943,240,0.6557,0
0752-385,118.673187,-38.710291,181,1.4812,0
0749+718,118.689580,71.682427,452,0.1668,0
0751+485,118.690294,48.397430,545,0.1021,0
0751+306,118.703548,30.565284,366,0.1747,0
0750+633,118.840170,63.209921,564,0.1295,0
0753-425,118.846551,-42.666192,182,0.9351,0
0752+236,118.870499,23.490476,422,0.3599,0
0752+258,118.904303,25.710840,348,0.4004,0
0753+135,119.110181,13.428122,461,0.1641,0
0754-155,119.211246,-15.701510,349,0.1490,0
0752+639,119.227543,63.799732,506,0.1375,0
0753+519,119.248096,51.850066,520,0.1467,0
0754+100,119.277679,9.943015,3813,0.0523,0
0758-737,119.308655,-73.885937,416,0.1903,0
0754+256,119.408629,25.470202,452,0.2702,0
0753+613,119.436222,61.175767,579,0.1762,0
0755+117,119.531908,11.612791,494,0.1771,0
0755+085,119.616850,8.452509,475,0.2415,0
0755+379,119.617117,37.786613,575,0.1365,0
0758-229,120.053295,-23.047371,264,0.3084,0
0758-398,120.101124,-39.988224,218,1.5995,0
0756+503,120.150061,50.178969,258,0.3319,0
0758+120,120.252012,11.889885,221,1.6165,0
0755+742,120.256042,74.139593,550,0.1322,0
0757+441,120.284484,44.019488,518,0.1059,0
0759-334,120.358135,-33.605527,237,0.7637,0
0757+477,120.383190,47.604462,286,0.3574,0
0759-283,120.443725,-28.518575,301,0.3771,0
0759-105,120.524703,-10.704644,417,0.1444,0
0758+594,120.602470,59.359666,356,0.2196,0
0800-380,120.615020,-38.181407,188,1.3033,0
0800-177,120.629617,-17.862355,154,0.9392,0
0759+252,120.673281,25.153027,651,0.1290,0
0759+183,120.700133,18.163680,7693,0.0499,1
0801-079,120.913779,-8.089275,364,0.1755,0
0759+641,120.967331,64.053993,369,0.1245,0
0801+044,120.985185,4.350761,548,0.1354,0
0801+103,121.031588,10.203677,556,0.1666,0
0802-170,121.140479,-17.201077,255,0.3165,0
0802-276,121.214380,-27.819811,494,0.1375,0
0802+115,121.285440,11.365886,460,0.1772,0
0802-010,121.303702,-1.187165,2007,0.0576,1
0800+618,121.325748,61.739917,62983,0.0434,1
0802+212,121.410559,21.114331,645,0.1168,0
0759+743,121.460878,74.174527,480,0.1858,0
0803-047,121.536607,-4.903150,304,0.5308,0
0804-267,121.553011,-26.875919,2148,0.1235,1
0804-172,121.604024,-17.412315,282,0.3519,0
0802+596,121.608120,59.518586,291,0.6046,0
0804-290,121.639355,-29.193028,252,0.3435,0
0803+452,121.639469,45.075631,457,0.1117,0
0806-710,121.642059,-71.204373,13,1.1538,0
0759+779,121.655860,77.768685,494,0.1464,0
0804-351,121.686527,-35.328181,282,0.4783,0
0803+514,121.754223,51.294077,576,0.1448,0
0804-153,121.772121,-15.523717,287,0.3269,0
0804-055,121.790073,-5.687199,635,0.1693,0
0805-119,121.899995,-12.128810,366,0.1901,0
0804+140,121.910437,13.871489,476,0.1679,0
0805+072,121.986508,7.144499,646,0.1670,0
0805+046,121.989744,4.542925,1507,0.0963,0
0805-077,122.064733,-7.852746,1401,0.0740,0
0802+733,122.068715,73.253330,505,0.1031,0
0805+130,122.088391,12.896684,469,0.1381,0
0805+269,122.153187,26.776872,489,0.1446,0
0804+499,122.165276,49.843481,95971,0.0431,1
0805+410,122.236050,40.879136,48206,0.0436,1
0806-030,122.252583,-3.194534,123,0.7883,0
0806-153,122.280800,-15.546354,277,0.3452,0
0806+315,122.306018,31.373032,242,0.5689,0
0806+350,122.412028,34.927018,246,0.2465,0
0805+538,122.423886,53.690304,561,0.0930,0
0806+524,122.454945,52.316181,669,0.1389,0
0807+103,122.610099,10.178055,372,0.3323,0
0807+083,122.672360,8.166754,343,0.3347,0
0808-132,122.739251,-13.365681,285,0.7463,0
0807+417,122.745809,41.567446,517,0.1234,0
0806+573,122.752539,57.236804,427,0.1000,0
0808+218,122.753901,21.693644,320,0.4243,0
0808+044,122.773442,4.338180,80,2.4159,0
0809-493,122.786681,-49.495420,23,2.7796,1
0808+019,122.861280,1.781172,34407,0.0437,1
0809+166,123.038753,16.489584,336,0.2960,0
0810-180,123.118816,-18.178559,405,0.2095,0
0809+255,123.199094,25.378334,239,0.7592,0
0809+404,123.221355,40.316631,27,7.4488,0
0810+258,123.265975,25.703064,528,0.1017,0
0810+232,123.358297,23.061939,259,0.4455,0
0810+152,123.446051,15.050380,331,0.4289,0
0810+247,123.446407,24.599764,385,0.1545,0
0811-113,123.462312,-11.527157,49,1.2258,0
0811-179,123.532920,-18.107237,396,0.3071,0
0810+563,123.633817,56.165747,251,0.5561,0
0810+646,123.663293,64.522785,525,0.1015,0
0812-252,123.729709,-25.362201,327,0.7014,0
0812+020,123.845670,1.916522,1553,0.0716,0
0812+367,123.858104,36.587541,11486,0.0468,0
0812+100,123.872804,9.911305,493,0.2150,0
0812+578,124.094698,57.652538,481,0.1794,0
0814-241,124.168385,-24.351825,511,0.1390,0
0814+201,124.272889,19.978583,251,0.4926,0
0814+240,124.293949,23.873320,552,0.1249,0
0814-029,124.364525,-3.127031,524,0.2791,0
0814+326,124.368926,32.450813,488,0.1575,0
0814+227,124.396142,22.621601,289,0.5442,0
0813+557,124.420916,55.625912,461,0.1186,0
0815-094,124.457289,-9.558480,432,0.1813,0
0815-294,124.495209,-29.608728,269,0.3277,0
0814+425,124.566665,42.379282,59074,0.0433,0
0816+054,124.734320,5.293685,547,0.1574,0
0815+326,124.759702,32.443671,515,0.1310,0
0816+279,124.828565,27.791858,447,0.1309,0
0810+812,124.851262,81.092546,376,0.6869,0
0817-063,124.902698,-6.513380,634,0.2314,0
0813+758,124.960496,75.644323,295,0.5387,0
0817+368,125.084122,36.667906,110,0.5844,0
0818-128,125.239365,-12.983103,3093,0.0592,1
0818+312,125.281723,31.130874,320,0.1694,0
0819-262,125.324857,-26.416393,90,2.2373,0
0820-578,125.335531,-58.005209,16,0.6977,0
0819-032,125.416823,-3.386816,363,0.2143,0
0819+258,125.560227,25.642351,286,0.8806,0
0819+408,125.739816,40.697157,449,0.1244,0
0820+225,125.853163,22.384247,432,0.1332,0
0820+296,125.921383,29.474500,473,0.0969,0
0821-094,125.966765,-9.657199,375,0.3915,0
0821-182,126.016942,-18.461344,453,0.2003,0
0821+248,126.137539,24.645310,718,0.1197,0
0821+411,126.162510,40.952156,453,0.2422,0
0820+560,126.196818,55.878519,5071,0.0496,0
0822-243,126.205250,-24.481265,304,0.3498,0
0822-152,126.215090,-15.462754,354,0.1760,0
0821+394,126.231183,39.278307,28016,0.0437,0
0822+086,126.269901,8.519748,418,0.2119,0
0822+137,126.299546,13.542372,600,0.1349,0
0823-500,126.361953,-50.177358,46,0.9242,0
0821+621,126.410884,61.957939,1157,0.0847,0
0823+033,126.459743,3.156811,82715,0.0436,0
0823-321,126.464053,-32.306454,321,0.1964,0
0823-223,126.506554,-22.507556,1440,0.1017,0
0824+131,126.726981,12.950582,437,0.2593,0
0824+110,126.777136,10.873376,434,0.1900,0
0824+355,126.910784,35.418077,637,0.1216,0
0824+524,126.973742,52.299527,434,0.1088,0
0826-373,127.019918,-37.518412,9499,0.0509,1
0824+509,127.151636,50.807367,432,0.2011,0
0826+180,127.270119,17.904407,312,0.3007,0
0826+091,127.376329,8.972580,287,0.3066,0
0826+215,127.380796,21.385396,313,0.3759,0
0826+404,127.398234,40.316465,318,0.2432,0
0827+115,127.618506,11.390580,398,0.2263,0
0828-025,127.659229,-2.711283,148,1.2061,0
0828-064,127.707267,-6.605553,511,0.2403,0
0827+243,127.717026,24.183283,22822,0.0442,0
0828+065,127.734000,6.403576,385,0.4511,0
0828+06A,127.785473,6.364323,286,0.3448,0
0828-222,127.788121,-22.474111,362,0.3331,0
0828+080,127.839245,7.929350,140,1.1224,0
0829+046,127.953654,4.494191,1903,0.0698,0
0829+089,127.979548,8.795459,2108,0.1466,1
0826+707,127.990659,70.593404,429,0.1309,0
0829-008,128.050774,-0.988741,191,0.5340,0
0829+187,128.066835,18.536704,459,0.1926,0
0828+493,128.096736,49.222511,1618,0.0665,0
0829+108,128.160322,10.672126,388,0.2004,0
0830+160,128.205821,15.902395,656,0.1303,0
0830+115,128.309861,11.393399,625,0.1654,0
0830+040,128.328804,3.842320,441,0.1646,0
0831-445,128.342982,-44.694087,113,3.0184,0
0830+217,128.403687,21.529087,242,0.5313,0
0830+425,128.474522,42.400514,830,0.0864,0
0830+605,128.573109,60.329741,400,0.1007,0
0832-225,128.684158,-22.686892,225,0.9251,0
0831+557,128.728767,55.572520,806,0.1578,0
0831+442,128.742500,44.060595,429,0.1720,0
0833-168,128.824434,-17.034989,57,1.4353,0
0833-199,128.924970,-20.157502,129,2.0417,0
0831+668,128.932763,66.672426,501,0.1617,0
0830+687,128.948370,68.586525,392,0.1543,0
0833+010,129.065797,0.883334,456,0.1698,0
0833+218,129.067570,21.650995,674,0.1354,0
0833+276,129.095369,27.481259,499,0.1083,0
0833+416,129.153719,41.431864,411,0.1347,0
0834-201,129.163397,-20.283196,32402,0.0453,1
0833+240,129.192956,23.925456,466,0.3586,0
0834-223,129.211537,-22.552802,317,0.3086,0
0835-339,129.251319,-34.154128,525,0.1837,0
0833+585,129.343374,58.417179,2023,0.0596,0
0834+250,129.417690,24.906423,5779,0.0520,1
0836-384,129.545896,-38.613796,266,0.4456,0
0836+195,129.778933,19.363524,305,0.4071,0
0836+202,129.795413,20.035371,330,0.2269,0
0836+290,129.815949,28.844112,572,0.1494,0
0836+182,129.878006,18.046429,617,0.2150,0
0837+035,129.954983,3.331628,449,0.1585,0
0837+012,129.956713,1.074094,500,0.1303,0
0837-120,129.960762,-12.242868,378,0.1695,0
0836+426,129.985672,42.465504,420,0.1754,0
0838+133,130.198285,13.206546,1312,0.0803,0
0838-090,130.198602,-9.180442,342,0.4789,0
0837+448,130.213704,44.666470,342,0.3852,0
0836+710,130.351522,70.895048,4091,0.0489,0
0842-754,130.362649,-75.674409,44,0.5491,0
0839-314,130.385844,-31.609915,318,0.1980,0
0838+235,130.475236,23.331873,371,0.3548,0
0839+187,130.521226,18.594720,1533,0.0838,0
0838+456,130.563966,45.428939,572,0.1883,0
0841-607,130.610671,-60.897334,35,0.2781,0
0839+157,130.644403,15.600342,142,1.9631,0
0839+458,130.779561,45.628584,298,0.4260,0
0840+424,130.881823,42.258201,299,0.3840,0
0839+687,130.954590,68.554765,336,0.1039,0
0841+386,131.121241,38.515475,591,0.1456,0
0842-375,131.218005,-37.702605,387,0.1358,0
0843-547,131.260345,-54.969039,116,0.5513,0
0843-336,131.283935,-33.794740,265,0.3652,0
0844-652,131.297229,-65.456434,184,0.2214,0
0842+048,131.321432,4.663154,443,0.1183,0
0843-371,131.427068,-37.315282,220,0.6621,0
0843-259,131.503058,-26.181711,248,0.7425,0
0844-342,131.545391,-34.409329,254,0.3630,0
0844-147,131.678642,-14.939009,227,0.2877,0
0844+068,131.708367,6.696939,271,0.6668,0
0844-259,131.735903,-26.130739,332,0.2761,0
0844+081,131.755183,7.996803,148,1.2403,0
0844-177,131.796542,-17.913927,261,0.4663,0
0844+086,131.804329,8.506059,566,0.1828,0
0844+387,131.813205,38.519440,557,0.1241,0
0843+575,131.866919,57.393983,351,0.3296,0
0844+463,131.892911,46.157779,442,0.1435,0
0845-068,131.986405,-7.054695,461,0.1393,0
0845-051,131.994687,-5.342750,531,0.1169,0
0845+201,132.104348,20.003272,364,0.2914,0
0845+080,132.117478,7.914270,154,0.2621,0
0848-588,132.311990,-59.083548,99,0.2942,0
0847-354,132.440098,-35.683688,432,0.2172,0
0846+513,132.491570,51.141396,658,0.0966,0
0847-120,132.540148,-12.226493,14075,0.0458,1
0847-049,132.556552,-5.129168,335,0.3561,0
0847+379,132.603041,37.785966,420,0.1345,0
0848-304,132.640339,-30.659538,256,0.5601,0
0848+089,132.868438,8.754253,373,0.3082,0
0848+203,132.888500,20.183404,261,0.5815,0
0850-522,132.982705,-52.470216,25,1.1273,0
0849+287,133.021540,28.566592,540,0.1049,0
0850-152,133.128530,-15.469021,286,0.3163,0
0851-577,133.161358,-57.924947,227,0.1883,0
0851-382,133.250768,-38.404586,259,0.4046,0
0850-016,133.255550,-1.846708,340,0.4726,0
0850+140,133.285872,13.881902,306,0.4291,0
0850+284,133.324285,28.230555,752,0.1136,0
0848+686,133.328737,68.471948,306,0.4289,0
0849+675,133.393014,67.371017,463,0.1753,0
0851+071,133.450791,6.913121,474,0.1320,0
0851+146,133.473861,14.488947,256,0.4560,0
0850+443,133.541203,44.141745,321,0.5534,0
0852-254,133.634083,-25.672454,297,0.4093,0
0851+075,133.645985,7.340035,465,0.1854,0
0850+581,133.674985,57.958317,2105,0.0652,0
0847+807,133.702495,80.572884,569,0.1300,0
0851+202,133.703646,20.108511,467633,0.0427,0
0850+625,133.710735,62.313942,432,0.1507,0
0855-716,133.799041,-71.818460,103,0.2044,1
0851+580,133.838986,57.862248,225,1.1118,0
0853-197,134.060417,-19.959898,97,0.7732,0
0853+211,134.165585,20.962056,268,0.3868,0
0854-108,134.174184,-11.087342,7997,0.0481,0
0851+719,134.228619,71.773306,517,0.1475,0
0854+178,134.236209,17.663272,434,0.2005,0
0854+213,134.238520,21.195461,861,0.1011,0
0854+334,134.362305,33.221431,39,1.0587,0
0854+156,134.436628,15.444139,358,0.2470,0
0855+133,134.462361,13.116890,397,0.4621,0
0855-248,134.472062,-25.024159,239,0.4670,0
0855-196,134.522347,-19.843593,466,0.1453,0
0855+098,134.659146,9.629157,404,0.3433,0
0855+143,134.672696,14.162434,483,0.1569,0
0855+142,134.673334,14.094548,422,0.2445,0
0857-329,134.836721,-33.156867,264,1.0697,0
0857+413,135.089308,41.139719,506,0.1588,0
0857+336,135.126716,33.502491,203,0.2283,0
0858-125,135.165690,-12.709061,278,0.3275,0
0858-279,135.166828,-28.138985,298,0.2175,0
0858-313,135.184560,-31.524605,246,0.4663,0
0858+050,135.299434,4.816343,660,0.1358,0
0859-068,135.434332,-7.037797,336,0.2860,0
0859-140,135.570129,-14.258577,1695,0.0696,0
0858+542,135.580365,54.049238,506,0.1397,0
0859+210,135.612132,20.846221,495,0.1273,0
0859+433,135.628833,43.170602,496,0.1075,0
0900-171,135.750082,-17.351453,393,0.2188,0
0859+470,135.766625,46.851149,3458,0.0544,0
0901-310,135.908062,-31.294201,244,0.4179,0
0859+681,135.971479,67.956302,450,0.1027,0
0900+520,135.994061,51.850184,491,0.1104,0
0900+428,136.065119,42.634657,475,0.1217,0
0902-309,136.085483,-31.190463,260,0.2908,0
0902-350,136.176578,-35.240097,365,0.2016,0
0901+237,136.184740,23.565028,448,0.3616,0
0902-256,136.217442,-25.881044,258,0.3755,0
0903-573,136.221580,-57.584940,293,0.1191,0
0902+210,136.309739,20.870363,495,0.1753,0
0902+490,136.364433,48.847213,476,0.1429,0
0902+343,136.375524,34.132230,134,1.2019,0
0902+290,136.424041,28.824528,357,0.1549,0
0903+031,136.468353,2.992088,341,0.5867,0
0903-392,136.481187,-39.464854,43,6.7852,0
0902+468,136.564749,46.605285,373,0.1805,0
0903+154,136.581234,15.220639,481,0.2580,0
0901+697,136.628120,69.508564,796,0.1711,0
0904-201,136.713772,-20.331890,783,0.1104,0
0903+500,136.714608,49.876653,373,0.3771,0
0903+669,136.848003,66.746372,446,0.2435,0
0903+684,136.970611,68.262478,421,0.1669,0
0905-202,136.975168,-20.447076,384,0.1549,0
0905-097,137.009177,-9.993729,292,0.4518,0
0905+420,137.149431,41.846168,369,0.2002,0
0906+163,137.233022,16.165212,671,0.1542,0
0906+015,137.292048,1.359894,1761,0.0673,0
0906+087,137.300656,8.594750,579,0.1907,0
0906-048,137.320849,-5.014693,282,0.5279,0
0905+524,137.352837,52.275730,150,1.2321,0
0906+430,137.389571,42.896245,448,0.0979,0
0906+196,137.406014,19.468970,262,0.3336,0
0907+022,137.416033,2.001463,511,0.1646,0
0906+480,137.427634,47.893854,367,0.3371,0
0907-023,137.437183,-2.525099,335,0.3074,0
0907-179,137.438580,-18.142763,326,0.2114,0
0900+836,137.496755,83.465644,498,0.2351,0
0907+336,137.654314,33.490117,343,0.2872,0
0907+230,137.675555,22.809884,662,0.1090,0
0908-052,137.712508,-5.441442,316,0.3267,0
0907+258,137.730141,25.655961,342,0.5266,0
0908+201,137.889413,19.970581,417,0.2101,0
0857+863,137.907792,86.125987,422,0.3237,0
0908+340,137.949006,33.821331,317,0.4218,0
0908+535,138.006970,53.343507,45,3.9851,0
0910-414,138.053128,-41.621154,244,0.3926,0
0909+222,138.103269,22.085069,492,0.1273,0
0910-276,138.131612,-27.871449,274,0.4240,0
0909+445,138.213035,44.367959,316,0.1868,0
0910+151,138.395755,14.905580,208,1.0474,0
0911+048,138.446476,4.608531,216,0.2882,0
0910+442,138.472357,44.049222,337,0.1802,0
0912-273,138.569109,-27.554629,260,0.6752,0
0912-330,138.653006,-33.247891,215,0.7497,0
0912+029,138.657973,2.766457,22353,0.0450,0
0911+354,138.664265,35.201275,416,0.1539,0
0912-204,138.748733,-20.649339,278,1.2908,0
0912+211,138.786587,20.935380,321,0.2363,0
0913-042,138.906991,-4.487859,361,0.3444,0
0913-302,138.920398,-30.497062,238,0.9016,0
0913+003,138.965396,0.120364,337,0.3195,0
0912+297,138.968340,29.556679,2074,0.1107,1
0913+079,138.970701,7.761026,283,0.3223,0
0913+188,139.158445,18.637581,517,0.2333,0
0914+029,139.174028,2.714695,421,0.1709,0
0914-027,139.181670,-2.985874,283,0.3071,0
0913+391,139.203769,38.907818,462,0.0982,0
0914-160,139.316049,-16.300918,238,0.9845,0
0915-213,139.362568,-21.526240,438,0.1776,0
0915-135,139.412503,-13.761733,465,0.2011,0
0913+657,139.481535,65.504202,279,0.5214,0
0915-118,139.523619,-12.095502,297,0.2317,0
0916-062,139.666471,-6.474723,150,0.2646,0
0916-074,139.758178,-7.651419,322,0.2903,0
0917-354,139.778707,-35.640843,299,0.1842,0
0916+216,139.781437,21.431709,422,0.1837,0
0916+336,139.786613,33.411651,470,0.1436,0
0917-286,139.802049,-28.822660,165,1.6254,0
0918-534,139.933498,-53.668458,206,0.3112,1
0917-185,139.946068,-18.785463,320,0.2861,0
0913+786,139.968998,78.424044,475,0.1737,0
0918-363,140.109171,-36.529865,454,0.1240,0
0918-297,140.179974,-29.941748,260,0.2557,0
0920+168,140.232778,16.429895,287,0.6791,0
0917+449,140.243577,44.698329,8071,0.0523,0
0916+718,140.349771,71.603445,576,0.1221,0
0919-260,140.372308,-26.312052,12778,0.0494,0
0918+140,140.380723,13.846732,549,0.1703,0
0917+624,140.400963,62.264495,7920,0.0466,0
0919-052,140.598637,-5.485329,417,0.1335,0
0920-397,140.693409,-39.993075,20943,0.0487,0
0920+390,140.810221,38.827753,14091,0.0454,1
0920+416,140.880437,41.424289,437,0.1361,0
0921-213,140.912021,-21.596425,426,0.2064,0
0920+313,140.949786,31.131706,364,0.2179,0
0920+284,140.964681,28.256951,588,0.0897,0
0921+197,141.161408,19.485753,314,0.3287,0
0921+454,141.187477,45.199422,460,0.1797,0
0922+005,141.282563,0.320537,495,0.1177,0
0922-202,141.299781,-20.459892,329,0.2862,0
0922+316,141.431876,31.453001,376,0.1674,0
0923+102,141.438955,10.082601,334,0.5396,0
0923-355,141.441913,-35.784093,248,0.2406,0
0923+171,141.458185,16.970057,501,0.1916,0
0922+364,141.466047,36.209910,466,0.1166,0
0922+407,141.501779,40.497131,448,0.1474,0
0923+257,141.545047,25.575960,177,0.7278,0
0923+392,141.762558,39.039126,242062,0.0428,0
0923+575,141.775223,57.295929,444,0.2069,0
0924+178,141.819943,17.661007,518,0.3211,0
0925-203,141.965935,-20.580898,15051,0.0458,0
0925+449,142.100571,44.768000,456,0.1155,0
0926-039,142.139456,-4.152458,1554,0.0900,1
0926-306,142.141617,-30.828890,273,0.5394,0
0926-181,142.259423,-18.346044,284,0.2064,0
0925+504,142.314334,50.226664,526,0.1005,0
0924+732,142.425670,73.067924,292,0.6348,0
0916+864,142.429407,86.205911,534,0.1060,0
0927-378,142.489617,-38.030047,271,0.2915,0
0927+011,142.600698,0.970183,393,0.3404,0
0936-853,142.635703,-85.566582,115,0.2616,0
0927+469,142.646170,46.735738,494,0.1626,0
0928+008,142.717723,0.583039,788,0.1379,0
0925+745,142.724092,74.334976,573,0.1041,0
0927+352,142.730330,35.060447,432,0.1658,0
0928-100,142.761302,-10.223616,287,0.2275,0
0928+144,142.772260,14.237922,721,0.1451,0
0928+130,142.889835,12.829269,289,0.4961,0
0929-289,142.898248,-29.198253,273,0.4196,0
0928+280,142.965767,27.847388,536,0.1453,0
0930-200,143.081611,-20.277002,292,0.3154,0
0930-338,143.152063,-34.099583,301,0.2973,0
0929+533,143.171462,53.109389,510,0.1164,0
0928+653,143.227407,65.128138,403,0.1506,0
0930-080,143.321231,-8.319681,2204,0.0689,1
0931-446,143.331241,-44.906346,53,1.1452,0
0931-524,143.388208,-52.672005,39,0.6581,0
0931-114,143.393556,-11.657077,307,0.1843,0
0930+289,143.405341,28.758976,323,0.6812,0
0931+103,143.442114,10.152451,291,0.8015,0
0930+396,143.527792,39.442259,377,0.1367,0
0930+493,143.565676,49.139369,399,0.1482,0
0931+132,143.592831,12.978839,371,0.5432,0
0932+139,143.707165,13.677041,474,0.2397,0
0932+075,143.754483,7.321836,349,0.2444,0
0933-333,143.788458,-33.543808,319,0.2690,0
0932-281,143.797926,-28.342092,178,2.4667,0
0932+094,143.806839,9.252176,692,0.1470,0
0932-194,143.815064,-19.652434,252,0.5171,0
0932+243,143.846973,24.086756,430,0.3158,0
0932+197,143.871747,19.493075,461,0.2079,0
0932+367,143.882667,36.554879,384,0.1737,0
0934-053,144.152802,-5.597912,295,0.2335,0
0933+503,144.301364,50.147805,2159,0.0570,0
0935+181,144.523806,17.930667,505,0.3286,0
0936+171,144.710779,16.908618,467,0.2814,0
0936-069,144.733768,-7.133505,582,0.1182,0
0936-172,144.829980,-17.526605,290,0.2419,0
0936+419,144.956733,41.698386,428,0.1267,0
0937-282,145.020376,-28.491632,282,0.2901,0
0937+262,145.061345,26.058318,367,0.1197,0
0938-133,145.260623,-13.597496,748,0.1408,0
0938+119,145.306495,11.758982,422,0.3396,0
0938+277,145.450483,27.477449,453,0.1686,0
0938+275,145.468423,27.371630,114,0.7411,0
0939-138,145.526022,-14.121177,184,0.3899,0
0939-077,145.589422,-7.998112,508,0.1399,0
0939+144,145.626977,14.235755,292,0.7133,0
0939+620,145.810429,61.842598,493,0.1261,0
0940+172,145.821766,17.038601,570,0.1524,0
0940+364,145.829806,36.247798,492,0.1226,0
0940-118,145.848168,-12.082210,313,0.5816,0
0941-080,145.903936,-8.325228,255,0.6035,0
0941+206,145.950410,20.469434,322,0.3773,0
0940+618,146.085173,61.597276,660,0.1037,0
0941+522,146.217314,52.042838,600,0.0959,0
0942+358,146.408836,35.581969,348,0.1503,0
0942+468,146.425386,46.614055,412,0.1619,0
0942+581,146.425983,57.963249,244,0.4815,0
0943-016,146.433489,-1.884432,499,0.1360,0
0942+505,146.566854,50.335930,278,0.4335,0
0943+105,146.646125,10.285037,6488,0.0612,1
0944-201,146.709214,-20.345681,312,0.6518,0
0944-469,146.713900,-47.133121,57,0.5551,0
0943+593,146.770270,59.128188,436,0.1633,0
0945-321,147.039635,-32.396511,288,0.4448,0
0945-287,147.048097,-29.028930,268,0.5869,0
0945+163,147.178540,16.148137,220,1.0970,0
0945+408,147.230576,40.662385,2257,0.0572,0
0946+006,147.238834,0.373767,436,0.1376,0
0946-096,147.257207,-9.926218,80,4.9295,0
0947-138,147.384833,-14.113165,150,1.7680,0
0946+181,147.415678,17.880391,427,0.1503,0
0947-006,147.428245,-0.840080,34,2.7954,0
0947+064,147.514448,6.251060,433,0.2407,0
0947+248,147.543821,24.566836,74,2.4255,0
0948-285,147.638768,-28.747980,178,0.7001,0
0948+139,147.681459,13.729635,471,0.3730,0
0949+28A,148.025323,28.475672,55,2.5502,0
0950-271,148.067890,-27.347623,355,0.1691,0
0949+510,148.113784,50.814070,478,0.1884,0
0950-246,148.131894,-24.897469,274,0.2196,0
0949+354,148.133442,35.214556,3531,0.0533,0
0948+658,148.134135,65.633672,184,0.6164,0
0949+120,148.138564,11.772370,245,0.4950,0
0950-298,148.218403,-30.113753,236,0.2031,0
0950-084,148.261290,-8.671766,305,0.4975,0
0950+326,148.366486,32.430978,585,0.1043,0
0951-198,148.372987,-20.036811,89,1.0164,0
0951+175,148.496797,17.349071,495,0.1766,0
0952-408,148.579420,-41.136900,97,0.5944,0
0951+268,148.665819,26.656818,7232,0.0518,1
0950+748,148.697679,74.599207,537,0.1387,0
0952+179,148.736765,17.725340,1661,0.0701,0
0951+488,148.770839,48.638623,448,0.1113,0
0952-185,148.811170,-18.758851,324,0.4721,0
0951+693,148.888221,69.065295,2438,0.0794,0
0952+338,148.908079,33.584429,397,0.3360,0
0951+699,148.964805,69.679393,12,32.3600,0
0951+725,149.051599,72.324956,88,2.3877,0
0952+581,149.094310,57.898862,836,0.1177,0
0954+101,149.195627,9.908279,424,0.3270,0
0953+254,149.207814,25.254458,23958,0.0451,0
0954-135,149.325763,-13.833660,753,0.1317,0
0954+556,149.409102,55.382713,269,0.4521,0
0955+476,149.581965,47.418845,295131,0.0429,1
0956-244,149.585282,-24.733234,89,0.6818,0
0955+326,149.587290,32.400614,6518,0.0496,0
0956-256,149.596974,-25.937590,55,5.9559,0
0956-266,149.602479,-26.926654,263,0.3070,0
0956-359,149.628722,-36.211335,304,0.2266,0
0955+509,149.657539,50.665968,466,0.1237,0
0956-409,149.659566,-41.175882,297,0.1778,0
0954+658,149.696855,65.565227,22565,0.0445,1
0956+015,149.836545,1.298593,136,1.8961,0
0957-082,149.990199,-8.473903,432,0.1967,0
0957+136,150.141044,13.403027,405,0.5083,0
0958-314,150.170152,-31.664547,289,0.3431,0
0958+294,150.292523,29.193760,399,0.1196,0
0958+346,150.299788,34.414016,3027,0.0606,0
0959+105,150.490562,10.263807,459,0.2150,0
0958+559,150.490840,55.679791,289,0.5402,0
0959-443,150.499617,-44.633501,230,0.2622,0
0959+127,150.627236,12.535985,458,0.2433,0
1000+125,150.720189,12.270718,726,0.1289,0
0959+684,150.778192,68.221337,511,0.2708,0
1001+329,150.989853,32.734317,355,0.2403,0
1001+123,151.078677,12.117110,328,0.3937,0
1001-050,151.124603,-5.339191,201,0.6095,0
1002-223,151.160423,-22.578298,134,1.8345,0
1002+073,151.203411,7.143816,263,0.2642,0
1002+483,151.316614,48.092590,265,0.7708,0
1001+621,151.323368,61.904800,296,0.6055,0
1003+079,151.486520,7.660582,405,0.2795,0
1003+351,151.507293,34.902889,408,0.1449,0
1005-739,151.517272,-74.162247,126,0.2071,0
1004-500,151.558372,-50.303742,1325,0.0713,1
1003+174,151.632358,17.221420,335,0.4438,0
1004+054,151.656711,5.164994,440,0.1890,0
1004-217,151.693390,-21.989003,3237,0.0796,1
1004-018,151.768125,-2.119700,725,0.1020,0
1004-125,151.813449,-12.796110,356,0.1975,0
1005-333,151.880781,-33.551866,445,0.1750,0
1004+069,151.890196,6.733511,258,0.6437,0
1004+141,151.922909,13.941556,5062,0.0554,0
1005+073,151.957566,7.143316,689,0.1109,0
1005+066,152.003401,6.355893,808,0.1079,0
1005-162,152.063358,-16.491955,281,0.9536,0
1006-093,152.182772,-9.556490,451,0.2900,0
1006+136,152.250398,13.381791,325,0.2940,0
1007+066,152.457533,6.366941,500,0.1813,0
1007+135,152.486637,13.289731,257,0.5602,0
1003+830,152.565763,82.837329,574,0.0951,0
1008+082,152.693711,8.051555,530,0.1613,0
1008-017,152.715278,-2.005437,479,0.1489,0
1007+337,152.715954,33.504934,592,0.1105,0
1008-285,152.772989,-28.794560,299,0.2241,0
1008+013,152.815163,1.111809,437,0.2220,0
1009-041,152.876000,-4.391030,309,0.2604,0
1007+716,152.885910,71.411554,380,0.2548,0
1007+657,152.909122,65.489264,559,0.1420,0
1009-333,152.939829,-33.641103,71,1.1677,0
1009-321,152.984191,-32.393357,359,0.3110,0
1009+334,153.047723,33.157348,255,0.3536,0
1009+067,153.055617,6.515889,398,0.2005,0
1009+234,153.068291,23.204058,539,0.1217,0
1010-374,153.100312,-37.668308,288,0.3256,0
1010-427,153.154006,-42.984901,243,0.5152,0
1010+356,153.259589,35.434919,471,0.1743,0
1010-255,153.304604,-25.781859,409,0.1918,0
1010+495,153.374720,49.311379,498,0.1470,0
1009+747,153.377769,74.457461,353,0.1925,0
1010+350,153.456725,34.764107,511,0.1049,0
1011+250,153.472620,24.821234,1905,0.0650,0
1011-370,153.503503,-37.260558,213,0.4573,0
1010+553,153.561021,55.056668,504,0.2406,0
1012+232,153.696106,23.021270,7419,0.0486,1
1012+091,153.703794,8.882829,286,0.4340,0
1012-448,153.709812,-45.144765,327,0.1506,0
1011+496,153.767249,49.433529,551,0.1433,0
1012+022,153.815166,1.981452,278,0.5383,0
1011+677,153.908381,67.479015,420,0.1228,0
1013+127,153.933431,12.451964,4569,0.0546,0
1013-196,153.967719,-19.874047,321,0.4664,0
1013+014,153.987729,1.153818,429,0.1989,0
1013+054,154.013069,5.217317,7858,0.0507,0
1011+765,154.035029,76.288006,302,0.7703,0
1013+208,154.184675,20.629807,804,0.0956,0
1013+596,154.264529,59.407974,496,0.1663,0
1014+615,154.357865,61.274305,5108,0.0521,0
1015-314,154.538614,-31.737251,109,2.6836,0
1015+359,154.545784,35.710956,9426,0.0484,0
1015+075,154.588705,7.252116,451,0.1905,0
1015-214,154.590620,-21.668839,292,0.5745,0
1015+057,154.616035,5.508323,8639,0.0484,1
1016-311,154.619806,-31.398292,1732,0.0916,1
1015+594,154.743916,59.191070,324,0.4298,0
1016-268,154.785346,-27.148796,342,0.3058,0
1016+635,154.961987,63.333785,532,0.0919,0
1017+436,155.113346,43.348983,559,0.1171,0
1018+456,155.275193,45.392173,117,0.2900,0
1018+348,155.322811,34.622685,503,0.1070,0
1019+416,155.508431,41.434826,550,0.1868,0
1019+429,155.554718,42.657114,485,0.1339,0
1019+309,155.626243,30.684755,463,0.1480,0
1020-103,155.636748,-10.628975,264,0.3145,0
1020-045,155.683802,-4.726791,361,0.3104,0
1020+191,155.729820,18.892851,548,0.1501,0
1020-097,155.739657,-9.972943,357,0.2537,0
1020+400,155.798190,39.804274,2004,0.0620,0
1020-114,155.812620,-11.680372,308,0.9497,0
1020+292,155.850192,28.947497,342,0.2321,0
1022-665,155.931388,-66.780199,1019,0.0777,1
1021-323,156.001766,-32.571127,310,0.1875,0
1021-006,156.123278,-0.882082,1381,0.1134,0
1022+194,156.186707,19.205671,6863,0.0501,1
1022+237,156.223489,23.542768,803,0.1016,0
1022-102,156.234770,-10.528611,350,0.1714,0
1022-095,156.306856,-9.807798,271,0.2215,0
1023-049,156.439262,-5.165037,395,0.2392,0
1023-042,156.453229,-4.492419,296,0.3105,0
1023+131,156.484522,12.896951,1122,0.0749,0
1023+017,156.529234,1.529314,305,0.6742,0
1024-336,156.602101,-33.892372,90,0.6721,0
1022+707,156.652846,70.545295,319,0.1758,0
1024+091,156.682534,8.876515,333,0.3384,0
1024+483,156.804500,48.053760,463,0.1367,0
1023+747,156.850612,74.473916,1018,0.0926,0
1025+187,156.937644,18.527426,327,0.5209,0
1025-264,157.040298,-26.738296,239,0.4219,0
1025+031,157.085005,2.922909,494,0.1742,0
1025+242,157.088583,24.022715,452,0.1769,0
1026-023,157.141843,-2.616591,264,0.2254,0
1026-084,157.161652,-8.744038,676,0.2413,0
1025+665,157.261585,66.247370,91,2.6965,0
1026+055,157.340961,5.327439,521,0.1978,0
1027-186,157.387907,-18.880636,4339,0.0640,1
1027+517,157.646357,51.542265,146,0.5871,0
1028+091,157.659925,8.890258,344,0.2974,0
1028+313,157.746223,31.048812,338,0.3375,0
1027+749,157.841767,74.699540,492,0.1182,0
1028+605,157.936485,60.341768,418,0.0955,0
1029-222,157.967967,-22.473605,286,0.3337,0
1029-041,157.979174,-4.398019,421,0.1810,0
1028+564,158.010482,56.182425,368,0.2785,0
1029-137,158.025945,-14.005408,300,0.2952,0
1029+042,158.034874,4.032505,528,0.1640,0
1029+378,158.169671,37.640764,400,0.2743,0
1030-590,158.177191,-59.299161,4,29.8480,0
1030+415,158.265449,41.268398,46163,0.0437,0
1030-357,158.281920,-36.032448,265,0.4410,0
1030+398,158.341921,39.597523,539,0.1151,0
1030+074,158.391768,7.190597,2806,0.0632,0
1030+611,158.464287,60.852038,568,0.0787,0
1031-253,158.464409,-25.604689,133,2.3381,0
1030+687,158.504623,68.540874,357,0.4815,0
1031-019,158.601645,-2.184079,354,1.0272,0
1031+147,158.655532,14.496164,246,1.1648,0
1032-199,158.758980,-20.192878,2108,0.0643,0
1032+509,158.775081,50.668362,472,0.1672,0
1031+567,158.779333,56.479665,391,0.2183,0
1032+354,158.795796,35.172124,301,0.3615,0
1032+382,158.963196,37.944920,334,0.3199,0
1033+111,159.053638,10.861183,393,0.1770,0
1033-259,159.075612,-26.213145,67,3.5299,0
1033+223,159.137420,22.053390,572,0.1050,0
1034-058,159.198221,-6.094774,390,0.1696,0
1034-374,159.222665,-37.737518,3459,0.0702,1
1034-293,159.316999,-29.567448,43743,0.0442,0
1034+102,159.403086,10.002623,356,0.2202,0
1035+046,159.413915,4.400485,611,0.1387,0
1035-268,159.415532,-27.090689,317,0.2508,0
1035-281,159.426906,-28.384474,332,0.1716,0
1034+288,159.432647,28.583183,470,0.1336,0
1034+574,159.434616,57.198786,381,0.1357,0
1036-431,159.561236,-43.429413,261,0.2355,0
1035+430,159.575794,42.745211,419,0.1211,0
1035+140,159.593623,13.782616,392,0.4578,0
1036-529,159.669405,-53.195353,561,0.1139,1
1036+054,159.694916,5.208080,1123,0.0831,0
1036-154,159.777938,-15.685192,322,0.1745,0
1038+064,160.321510,6.171368,3392,0.0609,0
1038+212,160.362930,21.028186,408,0.1625,0
1039-441,160.407029,-44.381358,64,1.0394,0
1039-474,160.436041,-47.666685,407,0.1111,0
1038+528,160.444924,52.557842,9097,0.0475,0
1038+529,160.453740,52.565447,242,0.2819,0
1039+046,160.541825,4.352520,419,0.4629,0
1039+036,160.645359,3.363291,467,0.2432,0
1040-414,160.685000,-41.723819,260,0.1921,0
1040+123,160.685855,12.058684,576,0.1230,0
1040+080,160.739950,7.814040,304,0.2170,0
1040+244,160.787649,24.143169,43446,0.0437,1
1040-056,160.828932,-5.897927,284,0.3102,0
1041-452,160.964260,-45.502656,115,0.5311,0
1041+536,161.044471,53.372372,566,0.1304,0
1039+811,161.096094,80.910956,53650,0.0435,0
1042+071,161.232964,6.927295,4416,0.0649,1
1042+178,161.309832,17.596690,374,0.1332,0
1043-291,161.419274,-29.457315,259,0.2390,0
1043+066,161.469722,6.410125,617,0.1676,0
1043-290,161.541373,-29.352728,166,0.8133,0
1043+541,161.600160,53.907288,432,0.1180,0
1044-128,161.766379,-13.142338,329,0.1732,0
1044+007,161.778600,0.493634,362,0.3794,0
1044-062,161.843816,-6.508219,127,1.5665,0
1045-620,161.928968,-62.287398,335,0.1322,0
1045-400,161.960552,-40.323351,57,0.9598,0
1045+155,162.005027,15.244009,123,3.2370,0
1045-188,162.027586,-19.159924,7667,0.0490,0
1045+011,162.032269,0.928745,540,0.1419,0
1045+019,162.095283,1.696698,463,0.1192,0
1044+719,162.115083,71.726650,121433,0.0429,0
1045+063,162.123694,6.077195,315,0.4801,0
1045+604,162.140416,60.146012,220,0.8036,0
1045+352,162.142699,34.956957,78,3.3064,0
1046-409,162.159463,-41.233365,525,0.1778,0
1046-222,162.341121,-22.518751,251,0.3626,0
1047+038,162.406254,3.604421,162,0.4158,0
1047+147,162.443032,14.494048,368,0.1563,0
1047+048,162.541920,4.546977,690,0.1125,0
1047-030,162.602064,-3.302329,255,0.2512,0
1048-526,162.658452,-52.830091,192,0.2247,0
1049-726,162.688541,-72.908975,9,0.4819,0
1048-470,162.722516,-47.317932,62,0.5689,0
1048-350,162.722563,-35.295822,273,0.3099,0
1048+347,162.742179,34.503038,386,0.2187,0
1048+207,162.755726,20.455547,464,0.1582,0
1048-313,162.769906,-31.637308,540,0.1117,0
1049-534,162.787916,-53.746262,100,0.2096,0
1048+470,162.816233,46.738158,400,0.1406,0
1049-650,162.848005,-65.302396,20,4.0280,0
1049+215,162.953288,21.331198,3246,0.0585,0
1046+835,163.075865,83.290731,379,0.4884,0
1050+056,163.163211,5.415676,133,1.6528,0
1050+341,163.208584,33.918063,57,3.5008,0
1050+024,163.209910,2.157065,312,0.1661,0
1050+052,163.221249,4.959632,529,0.1859,0
1051+087,163.432569,8.530385,248,0.5197,0
1051+027,163.588183,2.465309,538,0.3084,0
1046+867,163.592810,86.493372,435,0.3107,0
1051+391,163.632882,38.922681,260,0.4669,0
1051+397,163.635093,39.470106,509,0.1443,0
1052-069,163.670868,-7.223971,237,0.3018,0
1052+023,163.821968,2.095806,491,0.1987,0
1053-282,163.889181,-28.526102,262,0.4143,0
1053+704,164.223406,70.196088,98470,0.0431,1
1054+055,164.225643,5.287022,231,0.6737,0
1054+004,164.315698,0.200993,447,0.3246,0
1054-234,164.351755,-23.700476,323,0.1894,0
1055-248,164.475557,-25.158073,359,0.2370,0
1055-242,164.480871,-24.563574,170,2.0336,0
1055-301,164.501781,-30.415285,255,0.1979,0
1055+433,164.512170,43.078196,505,0.0868,0
1055-028,164.545878,-3.157571,416,0.2407,0
1053+815,164.548064,81.242410,46387,0.0434,0
1055+201,164.574587,19.864130,536,0.1360,0
1055+018,164.623355,1.566340,22628,0.0443,0
1055+285,164.624562,28.296170,410,0.1994,0
1055+567,164.657199,56.469780,407,0.1276,0
1057-797,164.680457,-80.065044,117254,0.0432,0
1056+026,164.775566,2.417868,460,0.4212,0
1056+512,164.800934,50.945913,173,1.0504,0
1056-113,164.801777,-11.572994,355,0.1845,0
1056+212,164.912678,20.956099,1050,0.0928,0
1057+411,164.966275,40.853944,433,0.3361,0
1057+050,165.047772,4.733759,497,0.2322,0
1057+100,165.084193,9.826580,82,3.4555,0
1058-425,165.209658,-42.820362,174,0.2659,0
1058+393,165.375290,39.075732,569,0.1175,0
1059+025,165.405970,2.253393,346,0.1542,0
1059-138,165.414128,-14.093833,29,2.2008,0
1058+726,165.453356,72.426977,701,0.0854,0
1058+629,165.472712,62.697390,458,0.2448,0
1059-631,165.476577,-63.422945,81,0.4051,0
1059+229,165.513102,22.698924,372,0.1797,0
1059-438,165.520151,-44.073011,245,0.2160,0
1059+289,165.549413,28.678086,312,0.4592,0
1059+282,165.559535,27.952414,14051,0.0457,1
1059+599,165.678178,59.688774,334,0.1407,0
1100+122,165.764708,11.971285,3142,0.0589,0
1100+305,165.805425,30.245195,557,0.0965,0
1100+223,165.846115,22.060478,604,0.1255,0
1101-325,165.881360,-32.854637,330,0.1561,0
1101+028,165.935586,2.536105,280,0.6790,0
1101-536,165.967590,-53.950194,1037,0.0843,1
1100+798,166.023159,79.548043,639,0.1186,0
1100+772,166.057755,76.982832,644,0.1490,0
1101+077,166.100298,7.514773,751,0.1319,0
1101+384,166.113808,38.208833,21336,0.0449,0
1102-242,166.192402,-24.523833,515,0.1655,0
1101+609,166.223728,60.648699,403,0.1376,0
1102-392,166.296173,-39.478376,282,0.2644,0
1102+211,166.358928,20.871510,69,2.4747,0
1103+023,166.412470,2.049298,595,0.1129,0
1103+400,166.474248,39.782479,151,0.3688,0
1103-267,166.495910,-26.992533,347,0.2610,0
1103+284,166.530257,28.213074,372,0.1367,0
1103-006,166.632393,-0.881217,370,0.1905,0
1104-121,166.776374,-12.441894,308,0.3423,0
1104-445,166.786226,-44.818783,21979,0.0490,0
1105-680,166.802896,-68.347424,196,0.2112,0
1104+167,166.812698,16.467290,528,0.1794,0
1104+525,166.857616,52.325455,407,0.1927,0
1104+728,166.923844,72.543335,2165,0.0646,0
1105+148,167.034473,14.593246,284,0.5084,0
1105+037,167.082707,3.436151,536,0.1577,0
1105+437,167.097821,43.514905,526,0.1049,0
1106+084,167.156245,8.183773,453,0.1960,0
1106+023,167.189535,2.044696,435,0.2200,0
1106+380,167.370224,37.741974,489,0.1779,0
1107+072,167.463561,6.982311,303,0.5447,0
1107-187,167.501695,-18.980206,297,0.3927,0
1107+607,167.554534,60.478491,430,0.1622,0
1107+047,167.562684,4.495271,466,0.2742,0
1107+087,167.590698,8.479645,353,0.3836,0
1107+485,167.651351,48.297903,346,0.3671,0
1107+443,167.693107,44.057202,508,0.1175,0
1108+052,167.703869,4.935565,316,0.3602,0
1108+527,167.774509,52.463611,392,0.2864,0
1108+201,167.833607,19.926667,291,0.2169,0
1109+027,167.965296,2.480414,247,0.5675,0
1109-220,168.011989,-22.303402,8,28.5376,0
1109-567,168.030290,-57.061041,70,0.6775,0
1109+076,168.039827,7.413644,555,0.1608,0
1109+353,168.138527,35.060896,417,0.1972,0
1110-374,168.153356,-37.762558,90,1.5712,0
1109+350,168.161538,34.777530,504,0.1009,0
1110-217,168.207703,-21.974819,307,0.4971,0
1110-355,168.256176,-35.830076,251,0.3062,0
1111-227,168.478281,-23.012128,177,0.2145,0
1111+149,168.494563,14.707487,10288,0.0504,1
1112-080,168.635628,-8.277501,601,0.1230,0
1112-025,168.665266,-2.792151,282,0.1838,0
1112-365,168.742890,-36.877791,235,0.3444,0
1113-307,168.995061,-30.990954,268,0.5397,0
1113+087,169.041556,8.489453,852,0.1068,0
1113-282,169.049168,-28.475166,81,2.9052,0
1114+205,169.276047,20.235383,107,1.4129,0
1115-023,169.391031,-2.600112,258,0.4318,0
1115-039,169.551899,-4.223444,355,0.1549,0
1115-122,169.571422,-12.548406,649,0.1118,0
1115-306,169.585876,-30.916258,303,0.3954,0
1116-462,169.612323,-46.570834,784,0.0937,1
1116+128,169.738756,12.578255,1865,0.0685,0
1116+603,169.809772,60.082557,465,0.3718,0
1116+227,169.876326,22.447048,496,0.1518,0
1117+044,169.928434,4.174424,503,0.1815,0
1117-248,170.038014,-25.135490,117,2.0566,0
1117-124,170.050336,-12.727175,372,0.1795,0
1117-270,170.067466,-27.318435,375,0.1559,0
1117+543,170.096790,54.074198,457,0.1978,0
1117+146,170.115866,14.348605,243,0.6036,0
1118+073,170.160182,7.079770,465,0.1636,0
1118-140,170.231515,-14.341646,367,0.1702,0
1118+000,170.330926,-0.221238,457,0.3113,0
1118-056,170.354617,-5.899011,458,0.1384,0
1118-057,170.364945,-6.004014,99,1.7654,0
1119-069,170.425512,-7.185095,497,0.1485,0
1119-044,170.429643,-4.710042,359,0.3496,0
1119-252,170.523930,-25.542731,380,0.2793,0
1119+183,170.623798,18.090651,672,0.1095,0
1120-274,170.735042,-27.713463,296,0.3973,0
1121-200,170.889765,-20.336956,318,0.2669,0
1120+510,170.904634,50.758844,456,0.2655,0
1120+807,170.930729,80.506474,342,0.2056,0
1121-147,171.010690,-15.033042,324,0.2152,0
1121+238,171.011275,23.612742,676,0.0935,0
1121+518,171.054860,51.563710,257,0.7559,0
1121+661,171.102775,65.917051,555,0.2185,0
1121+234,171.131618,23.132209,405,0.1546,0
1122-037,171.190772,-4.041067,270,0.2738,0
1122+076,171.283042,7.368975,380,0.1928,0
1123-356,171.381174,-35.950931,301,0.2479,0
1123+002,171.426208,0.017055,637,0.1310,0
1123+264,171.473800,26.172216,24208,0.0441,0
1123+203,171.494758,20.098427,396,0.1724,0
1124-382,171.683889,-38.478902,264,0.2374,0
1124+067,171.721442,6.432483,539,0.2288,0
1124-056,171.739680,-5.931329,427,0.2663,0
1124+455,171.740229,45.268412,494,0.1215,0
1124-186,171.768302,-18.954845,104233,0.0432,1
1124-073,171.801818,-7.586712,517,0.1884,0
1125+062,171.902190,5.925572,539,0.1260,0
1124+571,171.917230,56.837443,475,0.1321,0
1125+221,171.960280,21.893002,484,0.1279,0
1125+366,171.995295,36.341209,1726,0.0744,0
1125+596,172.055586,59.420777,857,0.0872,0
1125-110,172.102686,-11.371681,230,1.0588,0
1125+329,172.137646,32.722960,154,1.0022,0
1125+213,172.148089,21.043710,383,0.1746,0
1125+688,172.152186,68.572725,366,0.1934,0
1126+109,172.189790,10.651939,288,0.2897,0
1126+237,172.215396,23.438151,256,0.3888,0
1126+101,172.308740,9.866393,352,0.1981,0
1126+373,172.309638,37.054980,122,0.4669,0
1127-443,172.382175,-44.597206,187,0.4092,0
1127-045,172.397965,-4.783192,283,0.4210,0
1127+025,172.423444,2.309385,271,0.2414,0
1127+507,172.449831,50.430920,94,2.2208,0
1127-023,172.470496,-2.668826,527,0.1408,0
1127-368,172.482432,-37.132600,273,0.3719,0
1127-358,172.518403,-36.134468,263,0.3221,0
1127-145,172.529386,-14.824275,1290,0.0684,0
1127+078,172.572426,7.536952,415,0.4409,0
1128+090,172.649798,8.778641,501,0.1435,0
1128+111,172.654143,10.900343,327,0.1993,0
1128+308,172.676788,30.526497,514,0.1181,0
1128+385,172.722011,38.255152,116483,0.0430,0
1128+517,172.856204,51.482625,316,0.5714,0
1128-047,172.877153,-5.005460,687,0.1390,0
1129-161,172.903116,-16.475955,433,0.2532,0
1129-580,172.930367,-58.314845,451,0.1035,0
1130-741,173.079625,-74.419173,10,0.7251,0
1130+008,173.190080,0.574396,321,0.4688,0
1130+106,173.247870,10.395059,648,0.1379,0
1130+005,173.262625,0.263606,709,0.1453,0
1130-037,173.271301,-4.013247,240,0.5735,0
1130+009,173.333566,0.681344,5876,0.0538,1
1131-088,173.399970,-9.089834,315,0.2955,0
1131+012,173.489948,0.979534,276,0.5080,0
1131+730,173.547532,72.822237,656,0.1998,0
1131+052,173.628712,5.001662,362,0.5418,0
1132+374,173.774717,37.144657,144,1.0373,0
1132-000,173.804217,-0.355273,249,0.7618,0
1132-306,173.836569,-30.941647,286,0.3251,0
1133-041,173.992646,-4.474413,434,0.1335,0
1133-681,174.008742,-68.451617,151,0.1484,0
1134-739,174.040248,-74.262576,41,0.4501,0
1133-032,174.102404,-3.508194,18435,0.0450,1
1133+704,174.110035,70.157585,485,0.1369,0
1133+344,174.113933,34.127634,624,0.1296,0
1133-006,174.126290,-0.895067,252,0.6669,0
1134-051,174.158240,-5.387004,619,0.1445,0
1135+480,174.588076,47.754277,469,0.1253,0
1136+047,174.711830,4.477648,361,0.1458,0
1136-466,174.731496,-46.895072,85,0.5947,0
1136+408,174.761393,40.548567,528,0.1273,0
1136+014,174.771933,1.173103,272,0.8760,0
1136-135,174.794594,-13.845455,311,0.2018,0
1136-156,174.873234,-15.881015,358,0.1507,0
1136+771,174.964745,76.908985,598,0.1153,0
1137+660,174.987606,65.797079,669,0.0981,0
1137-272,175.044160,-27.511293,259,0.2533,0
1137+123,175.115603,12.052297,271,0.6617,0
1137+472,175.123523,46.957818,127,1.1175,0
1138-277,175.214039,-28.010758,254,0.2206,0
1138+406,175.239911,40.371723,379,0.2126,0
1138+020,175.287088,1.788882,343,0.1511,0
1138+644,175.300951,64.168197,436,0.1455,0
1138+006,175.334455,0.382439,459,0.1494,0
1138-120,175.350821,-12.277402,280,0.6695,0
1139+160,175.532233,15.798383,435,0.1587,0
1140+190,175.775120,18.728576,279,0.5702,0
1140+188,175.858624,18.577322,359,0.1505,0
1141+235,175.907905,23.250680,239,0.2577,0
1140+668,175.923347,66.558675,415,0.1950,0
1141+011,176.036308,0.910093,598,0.1836,0
1142-388,176.256230,-39.154710,98,0.4983,0
1142+198,176.270871,19.606317,618,0.1492,0
1142-027,176.307787,-2.994180,315,0.8106,0
1142+134,176.312297,13.170939,357,0.3349,0
1142+052,176.338813,4.924080,775,0.1172,0
1142-225,176.341862,-22.842040,308,0.1442,0
1142+422,176.358325,41.939752,562,0.2188,0
1143+446,176.410494,44.339421,616,0.1399,0
1143-696,176.473434,-69.900499,961,0.0796,1
1143-245,176.533764,-24.792471,2785,0.0709,1
1143-287,176.609119,-28.988474,368,0.1337,0
1143+590,176.612132,58.809518,708,0.0869,0
1143-031,176.614957,-3.397353,258,0.2543,0
1143-332,176.618549,-33.478509,1471,0.1082,1
1143+052,176.632256,4.972025,528,0.1836,0
1144+542,176.684185,53.945301,483,0.1006,0
1144+402,176.742908,39.976196,138747,0.0430,1
1144-379,176.755711,-38.203062,82305,0.0435,1
1144-043,176.770267,-4.595059,395,0.1874,0
1144+352,176.842204,35.018759,321,0.1898,0
1145-676,176.889165,-67.894936,298,0.1326,0
1145-071,176.964808,-7.411428,12350,0.0468,0
1145+268,176.999016,26.595092,9155,0.0481,0
1145-005,177.029967,-0.779354,472,0.2246,0
1145+321,177.078667,31.902782,344,0.2309,0
1146+189,177.157403,18.669158,518,0.1221,0
1146+596,177.209826,59.415662,717,0.1143,0
1146-037,177.232854,-4.069323,370,0.2084,0
1146+531,177.235705,52.907034,419,0.1070,0
1146+286,177.287106,28.409693,411,0.1400,0
1146+362,177.391565,35.985582,445,0.1497,0
1147+438,177.569178,43.534974,695,0.1205,0
1147+245,177.580051,24.298288,5240,0.0495,0
1147-063,177.599945,-6.674048,445,0.1408,0
1147-192,177.631363,-19.513764,297,0.2108,0
1147+067,177.636371,6.508172,391,0.2447,0
1147+659,177.643917,65.657854,487,0.2087,0
1148-001,177.682795,-0.398390,848,0.1030,0
1148-171,177.763349,-17.399957,293,0.2656,0
1148-671,177.805944,-67.469748,291,0.1228,0
1148+592,177.852752,58.988213,318,0.2777,0
1148+387,177.872339,38.431215,376,0.4319,0
1149-084,178.071706,-8.684254,53454,0.0436,1
1149+324,178.114535,32.166492,343,0.3705,0
1149+499,178.136963,49.660769,828,0.0784,0
1150+334,178.216292,33.121879,524,0.1251,0
1150-834,178.221758,-83.735956,14,0.4839,0
1150-050,178.231215,-5.330148,388,0.2243,0
1150+812,178.302080,80.974765,7469,0.0470,0
1150+095,178.302300,9.233966,396,0.2664,0
1150-108,178.342974,-11.086830,334,0.2636,0
1150+588,178.349880,58.527374,153,0.2839,0
1150+497,178.351944,49.519119,5523,0.0507,1
1150+365,178.361262,36.290636,430,0.3324,0
1151+102,178.452197,9.931913,569,0.1138,0
1151-032,178.462236,-3.492592,291,0.3507,0
1151+408,178.477746,40.614616,541,0.0968,0
1151+598,178.505693,59.581722,481,0.1352,0
1151+606,178.518897,60.372449,375,0.0908,0
1151-324,178.525693,-32.711939,294,0.2502,0
1151+029,178.538690,2.637539,284,0.3258,0
1151+126,178.543364,12.419376,502,0.2136,0
1151-348,178.590780,-35.091406,237,0.5985,0
1152-308,178.763157,-31.132980,319,0.2023,0
1152+462,178.795871,45.927675,338,0.3020,0
1152-295,178.813592,-29.831767,279,0.2943,0
1153-362,178.887761,-36.503041,94,1.4277,0
1153-119,178.903414,-12.276529,269,0.3331,0
1153-100,178.939797,-10.297846,336,0.3305,0
1153-206,179.065978,-20.908292,57,4.0249,0
1153+733,179.113579,73.113936,401,0.1874,0
1154-081,179.202900,-8.446248,354,0.1890,0
1154+098,179.226983,9.544826,229,0.9143,0
1154+069,179.252719,6.686830,443,0.1868,0
1154+815,179.303174,81.306661,260,0.9648,0
1154+552,179.335432,54.960940,99,2.1044,0
1155+169,179.395151,16.649903,562,0.1124,0
1155+186,179.584520,18.363682,349,0.4030,0
1155+251,179.607448,24.838323,529,0.1168,0
1155+486,179.611540,48.421175,482,0.1189,0
1156+033,179.793426,3.036402,471,0.2945,0
1156-215,179.794939,-21.834631,250,0.5554,0
1156-221,179.796947,-22.476917,327,0.2090,0
1156+101,179.799445,9.913052,469,0.1346,0
1156-094,179.802965,-9.681125,700,0.1259,0
1156-663,179.826273,-66.594285,294,0.1612,0
1156-214,179.839302,-21.712476,516,0.1317,0
1156+295,179.882641,29.245507,136405,0.0430,0
1157+026,179.896894,2.336278,296,0.9665,0
1157-011,179.920712,-1.452337,277,0.5824,0
1157+014,179.936783,1.201940,644,0.1394,0
1157-215,179.966275,-21.814919,496,0.1309,0
1157+532,180.047435,53.013022,373,0.1398,0
1158+043,180.189628,4.110309,125,1.9492,0
1158+007,180.346878,0.474532,815,0.1515,0
1159+148,180.434454,14.526792,600,0.1035,0
1159+450,180.536094,44.739576,314,0.4111,0
1159+085,180.582091,8.277298,425,0.1755,0
1200-051,180.642604,-5.467359,745,0.1055,0
1200+028,180.730318,2.590734,346,0.2248,0
1200+068,180.754219,6.578205,656,0.1642,0
1200+608,180.764613,60.521990,443,0.1557,0
1200+115,180.804088,11.304817,535,0.1511,0
1200-391,180.824517,-39.439187,23,3.0480,0
1200+045,180.841396,4.238637,455,0.2500,0
1200+483,180.874388,48.053785,466,0.0931,0
1200+468,180.882491,46.548766,335,0.3501,0
1201+454,180.897481,45.180435,273,0.6184,0
1201+588,180.909267,58.619052,163,1.2989,0
1201-041,181.008336,-4.379212,253,0.7185,0
1201-068,181.069436,-7.169168,437,0.1692,0
1202+492,181.150748,48.948321,366,0.3253,0
1202+527,181.153333,52.478269,360,0.1525,0
1202+044,181.215311,4.137249,421,0.2753,0
1202+057,181.327940,5.463481,386,0.2007,0
1202-262,181.388385,-26.567907,436,0.1703,0
1203+011,181.452045,0.895520,354,0.3300,0
1203+109,181.483696,10.714966,256,0.6894,0
1204+399,181.654389,39.684374,957,0.0797,0
1204-613,181.714570,-61.649099,13,2.3842,0
1204+057,181.741778,5.497846,453,0.1856,0
1204+124,181.802602,12.196068,571,0.1361,0
1204+281,181.866252,27.916347,397,0.1096,0
1204-267,181.868134,-27.052801,376,0.2314,0
1205-008,181.923657,-1.110192,771,0.1111,0
1205-043,182.009925,-4.592507,320,0.3717,0
1205-140,182.097065,-14.361745,345,0.2803,0
1205+545,182.114582,54.222088,349,0.1839,0
1205+011,182.140226,0.906090,451,0.2620,0
1206+549,182.226069,54.699490,484,0.1271,0
1206-238,182.260188,-24.105766,426,0.1268,0
1206+43C,182.306712,43.655810,290,0.9700,0
1206-202,182.310879,-20.544164,411,0.1241,0
1206+416,182.344950,41.328158,461,0.1390,0
1206-399,182.396849,-40.270305,285,0.2912,0
1207-319,182.416853,-32.248085,558,0.1699,0
1207+260,182.437896,25.784369,394,0.1549,0
1207-120,182.517351,-12.295818,275,0.5655,0
1208+646,182.631829,64.371519,341,0.1944,0
1208+396,182.635753,39.405848,64,6.8438,0
1208-269,182.726046,-27.192740,260,0.4870,0
1208+186,182.777868,18.342856,731,0.0986,0
1209-191,182.990576,-19.435461,317,0.4006,0
1209-220,183.015407,-22.364309,389,0.2460,0
1210+197,183.233733,19.429727,666,0.1118,0
1210-097,183.345595,-10.057019,285,0.3675,0
1210-246,183.373690,-24.886993,338,0.5251,0
1210+134,183.384044,13.122473,538,0.1969,0
1211-271,183.416954,-27.406267,54,0.5701,0
1211-192,183.427680,-19.534861,79,3.9672,0
1211-167,183.432367,-16.982436,321,0.5590,0
1211+003,183.448054,0.025009,277,0.4413,0
1211-142,183.507294,-14.480557,195,0.4020,0
1211+334,183.517149,33.162665,553,0.1180,0
1211+029,183.595945,2.714677,377,0.3585,0
1212-092,183.658311,-9.559751,235,0.2216,0
1212+087,183.749638,8.489588,354,0.1914,0
1212+503,183.753325,50.037650,231,0.5809,0
1212+171,183.766580,16.910544,5148,0.0505,0
1212+467,183.791427,46.454196,473,0.1807,0
1212+078,183.795737,7.534631,302,0.5369,0
1212-061,183.809975,-6.467759,329,0.2341,0
1212+177,183.811334,17.500626,263,0.7765,0
1213-172,183.944799,-17.529279,32047,0.0442,0
1213+350,183.981671,34.804228,1468,0.0770,0
1213+097,184.025876,9.486002,405,0.3702,0
1213-102,184.101678,-10.554339,375,0.1838,0
1214-609,184.273452,-61.223730,19,1.4584,0
1214+588,184.295912,58.590624,685,0.0949,0
1215+333,184.385591,33.093897,256,0.8435,0
1215+521,184.402751,51.919527,274,0.6878,0
1215+303,184.467008,30.116843,4220,0.0534,0
1215-362,184.493310,-36.571566,131,0.5118,0
1215-002,184.494704,-0.496194,732,0.1168,0
1215-457,184.526044,-46.008053,91,1.0606,0
1215+062,184.531872,5.983519,338,0.2553,0
1215+113,184.608718,11.084795,688,0.1214,0
1215+013,184.615743,1.043708,343,0.3236,0
1216-010,184.645541,-1.331762,691,0.1121,0
1216-062,184.650762,-6.521282,176,2.0472,0
1216+179,184.694186,17.638130,542,0.1790,0
1216-217,184.744739,-21.996167,254,0.3916,0
1216+487,184.776728,48.498935,1541,0.0659,0
1216+640,184.794096,63.736311,549,0.1231,0
1216+061,184.846734,5.824917,324,0.2099,0
1217+662,184.899143,66.008846,521,0.1229,0
1217+713,185.015118,71.091982,773,0.0923,0
1217+295,185.028439,29.280754,317,0.2752,0
1217+348,185.034559,34.522707,567,0.1858,0
1217-088,185.040205,-9.159824,229,0.2338,0
1217+023,185.049519,2.061729,676,0.1206,0
1217-266,185.071605,-26.896492,313,0.3170,0
1217-558,185.109812,-56.078493,37,0.5479,0
1217-273,185.138168,-27.600217,255,0.3401,0
1218+339,185.141148,33.720008,576,0.1865,0
1218-082,185.188975,-8.519029,400,0.2128,0
1218+384,185.246789,38.148807,425,0.1160,0
1218-341,185.257464,-34.388417,263,0.3179,0
1218+304,185.341428,30.176989,225,0.4754,0
1218-024,185.349755,-2.697114,510,0.1505,0
1218+444,185.362686,44.191576,857,0.0759,0
1219+285,185.382044,28.232917,992,0.0856,0
1219-036,185.454551,-3.969099,336,0.3414,0
1219+054,185.468059,5.171136,429,0.1916,0
1219-411,185.542326,-41.382645,64,0.5904,0
1219-164,185.567078,-16.765245,331,0.3126,0
1219+044,185.593957,4.221049,42413,0.0443,1
1220+107,185.786734,10.483607,513,0.2567,0
1222+848,185.851189,84.604168,622,0.1979,0
1221+464,185.913903,46.188501,541,0.1183,0
1221+809,185.918724,80.667872,10697,0.0453,1
1221+509,185.929872,50.631504,528,0.1388,0
1221-055,185.941902,-5.782787,506,0.1495,0
1221+071,185.977601,6.834048,476,0.1587,0
1221+484,185.992628,48.216018,438,0.2709,0
1221+503,186.041327,50.032079,423,0.3659,0
1221+248,186.100776,24.606528,242,0.8292,0
1221+405,186.100977,40.252909,264,0.4750,0
1222+438,186.214605,43.588691,429,0.1277,0
1222+037,186.218425,3.513970,1153,0.0867,0
1221-829,186.226594,-83.219473,376,0.1103,0
1222+216,186.226910,21.379552,953,0.0774,0
1222-293,186.255519,-29.638774,359,0.2384,0
1222+131,186.265597,12.886983,2880,0.0833,1
1223+395,186.460704,39.239635,384,0.1817,0
1223-074,186.567462,-7.680843,262,0.6626,0
1224+141,186.640021,13.867540,480,0.2782,0
1223-188,186.646987,-19.077370,329,0.4366,0
1224-132,186.726745,-13.477496,317,0.1987,0
1224+439,186.741266,43.682903,480,0.1340,0
1224-443,186.861178,-44.610652,170,0.3972,0
1225+498,186.982186,49.548902,727,0.1246,0
1225+368,186.994690,36.586619,340,0.2199,0
1225-088,187.072743,-9.077381,120,1.5881,0
1225+028,187.080236,2.541499,481,0.1336,0
1225-083,187.084811,-8.636858,327,0.1869,0
1225+317,187.104025,31.477119,492,0.1146,0
1226-028,187.153822,-3.077587,776,0.1520,0
1226+373,187.197599,37.103360,11823,0.0461,1
1226+492,187.215699,48.967025,470,0.1172,0
1226+638,187.275109,63.583607,498,0.1711,0
1226+023,187.277916,2.052388,27043,0.0546,0
1227+274,187.392700,27.198994,430,0.1967,0
1227+587,187.529405,58.502156,619,0.1055,0
1227+255,187.558706,25.301982,2538,0.0623,1
1228-310,187.687219,-31.356475,242,0.6559,0
1228+126,187.705931,12.391123,110803,0.0433,0
1228-008,187.730401,-1.147237,470,0.4103,0
1228-113,187.731483,-11.652721,323,0.3708,0
1228-352,187.818926,-35.555254,202,0.9521,0
1228+077,187.835674,7.431288,245,0.5802,0
1228+045,187.864941,4.300525,707,0.1170,0
1229+645,187.880811,64.238411,286,0.5223,0
1229-319,187.952922,-32.220498,308,0.3661,0
1229-123,187.959441,-12.610292,296,0.8030,0
1229-021,188.000067,-2.401332,490,0.1386,0
1229+184,188.057539,18.157334,298,0.3850,0
1229-099,188.066083,-10.256992,483,0.1164,0
1230+486,188.144948,48.359150,459,0.1098,0
1230-183,188.179310,-18.601627,251,0.6324,0
1231+811,188.303721,80.909437,1020,0.1034,0
1230-101,188.304854,-10.421788,390,0.2006,0
1231+507,188.455277,50.439661,422,0.2512,0
1231+481,188.555545,47.897566,484,0.1141,0
1231+248,188.606974,24.528767,84,2.6708,0
1232-338,188.692167,-34.149738,241,0.3316,0
1232+366,188.774194,36.355367,361,0.1567,0
1233+527,188.877330,52.474377,468,0.1790,0
1233+128,188.915864,12.556342,408,0.2703,0
1234-504,189.313496,-50.773104,14,4.6310,0
1234+082,189.340242,7.925541,497,0.1908,0
1235+196,189.401751,19.411283,789,0.1310,0
1235+208,189.485796,20.571903,439,0.2010,0
1235+076,189.510190,7.389394,774,0.1191,0
1235-197,189.601623,-19.987135,385,0.2201,0
1236-066,189.660360,-6.936715,429,0.2579,0
1236-381,189.719715,-38.432495,293,0.3238,0
1236+077,189.852451,7.504775,8592,0.0474,1
1236+049,189.886482,4.718120,616,0.1043,0
1237-101,189.929423,-10.391303,1839,0.0692,0
1236-684,189.944381,-68.758581,133,0.2872,0
1237-113,189.997633,-11.623054,285,0.4749,0
1237+246,190.038012,24.425340,267,0.5239,0
1237-170,190.107452,-17.289694,148,0.5394,0
1238+702,190.144585,69.975170,615,0.1186,0
1238-110,190.155592,-11.356891,416,0.1431,0
1238+243,190.199937,24.087264,271,0.3904,0
1239+552,190.365432,54.971959,337,0.3987,0
1239+606,190.373295,60.344812,456,0.1702,0
1239+170,190.487126,16.819875,249,0.2050,0
1239+376,190.540885,37.334915,905,0.1034,0
1240+381,190.714038,37.850007,2752,0.0598,0
1240-294,190.794425,-29.722918,290,0.2677,0
1241+735,190.796738,73.266458,529,0.1517,0
1240+367,190.803068,36.462221,291,0.3882,0
1241+749,190.937639,74.710310,539,0.1013,0
1241-066,190.948024,-6.896738,250,0.8342,0
1241-020,190.968700,-2.310667,376,0.2669,0
1241+166,190.990205,16.381498,421,0.1082,0
1241+176,191.045104,17.351251,269,0.4442,0
1241-262,191.061008,-26.556945,337,0.3585,0
1242-044,191.204278,-4.769149,422,0.5337,0
1242+410,191.204948,40.801712,318,0.1659,0
1242+574,191.291665,57.165104,459,0.2093,0
1243-160,191.473926,-16.279363,13365,0.0454,1
1243-412,191.490130,-41.479220,108,1.6428,0
1243+440,191.499999,43.774159,268,0.5655,0
1243+014,191.510569,1.221897,407,0.3138,0
1243+004,191.511809,0.131983,363,0.4072,0
1243-072,191.517634,-7.512937,31936,0.0439,1
1244-255,191.695008,-25.797025,24404,0.0446,1
1245+710,191.781469,70.779200,505,0.1143,0
1244+279,191.787641,27.689696,158,0.3866,0
1245+716,191.788866,71.405561,522,0.2284,0
1244+324,191.836543,32.150187,304,0.3425,0
1245+676,191.888873,67.387902,388,0.2326,0
1245-235,191.997297,-23.816465,287,0.3083,0
1245-082,192.042620,-8.524297,439,0.4380,0
1246+586,192.078270,58.341310,507,0.1281,0
1245-062,192.095732,-6.536061,1547,0.0730,0
1245-197,192.099575,-19.988497,251,0.4986,0
1245-457,192.118730,-45.996439,753,0.1179,1
1246+517,192.142934,51.468854,468,0.2235,0
1246+489,192.212285,48.664767,383,0.2094,0
1246+285,192.326705,28.295449,429,0.1929,0
1246+239,192.358804,23.659684,205,0.2899,0
1247+022,192.528507,1.967818,326,0.4035,0
1247+166,192.538446,16.355962,368,0.1580,0
1247-442,192.595020,-44.534302,254,0.2732,0
1247+139,192.617575,13.727885,416,0.1372,0
1247+025,192.635753,2.275604,402,0.1650,0
1248-001,192.795948,-0.451046,283,0.3341,0
1248-170,192.810313,-17.286989,358,0.1957,0
1248-017,192.826595,-2.035409,272,0.2197,0
1248-343,192.849847,-34.670386,237,0.6180,0
1248-191,192.897044,-19.465065,220,0.4211,0
1248-350,192.913438,-35.310995,295,0.2547,0
1249-116,193.110169,-11.968755,301,0.2019,0
1249-673,193.180050,-67.627430,285,0.1243,0
1250-330,193.243322,-33.333211,433,0.1885,0
1250+293,193.276703,29.087190,355,0.4024,0
1250+532,193.299669,53.019927,442,0.0972,0
1250+279,193.310345,27.661563,124,0.6741,0
1251+413,193.412911,41.123466,279,0.2910,0
1251+037,193.445857,3.441785,223,0.4963,0
1251-407,193.498057,-40.991857,230,0.2687,0
1252+458,193.620120,45.601202,336,0.2520,0
1251-130,193.631118,-13.287837,269,0.2383,0
1252+192,193.638631,18.933864,172,0.3069,0
1251-197,193.655232,-20.015668,1009,0.0995,0
1252+119,193.659398,11.684971,5696,0.0501,0
1252+028,193.689444,2.558045,397,0.1700,0
1252-441,193.739639,-44.415723,235,0.2996,0
1252+092,193.745657,8.996542,269,0.2267,0
1251-713,193.749673,-71.638455,1876,0.0617,1
1252+039,193.752075,3.678642,177,1.4802,0
1253+185,193.882333,18.297475,393,0.1515,0
1253-590,194.020380,-59.328893,23,1.3422,0
1253-055,194.046527,-5.789313,18483,0.0453,0
1254+571,194.059308,56.873677,498,0.1004,0
1253-115,194.066469,-11.777039,279,0.2921,0
1253-216,194.106296,-21.922540,419,0.2670,0
1253-065,194.128507,-6.869032,319,0.5350,0
1254+130,194.145241,12.792854,228,0.2422,0
1254+226,194.178505,22.340138,83,4.6972,0
1254-012,194.374129,-1.544335,225,0.9428,0
1256+802,194.382194,79.967363,413,0.2798,0
1257+839,194.401771,83.708690,433,0.3362,0
1255-070,194.413855,-7.290060,312,0.3044,0
1255+327,194.488466,32.491480,424,0.0972,0
1255-316,194.496087,-31.921348,39646,0.0446,0
1256+546,194.565028,54.364478,327,0.4739,0
1256+009,194.645480,0.642268,451,0.2607,0
1255-177,194.659590,-18.000868,2874,0.0570,0
1256-220,194.726995,-22.325313,1519,0.0674,0
1256-033,194.755920,-3.635376,337,0.3963,0
1256-015,194.777563,-1.849545,288,0.3544,0
1256-229,194.785259,-23.177404,710,0.1194,0
1256-243,194.802607,-24.601529,262,0.6582,0
1257+519,194.879892,51.682295,458,0.1012,0
1257+123,195.008079,12.106144,401,0.1568,0
1257-127,195.078084,-13.048246,296,0.5062,0
1257+145,195.087162,14.288481,1056,0.1000,0
1258+287,195.118875,28.502830,381,0.1468,0
1258+087,195.151828,8.467462,539,0.1688,0
1258+145,195.170988,14.291504,407,0.1619,0
1258+507,195.171863,50.493546,619,0.0984,0
1257-326,195.176775,-32.886698,329,0.3023,0
1259+338,195.371478,33.616773,154,0.1670,0
1259+468,195.385860,46.567483,410,0.1551,0
1300+485,195.571650,48.321548,486,0.1125,0
1300+693,195.658021,69.047667,605,0.0989,0
1300+580,195.718605,57.810447,126076,0.0430,1
1300-105,195.807783,-10.854758,589,0.1420,0
1300-554,195.955066,-55.675447,91,0.2551,0
1301-192,196.140389,-19.547304,56,8.2954,0
1302-034,196.181843,-3.767375,686,0.1054,0
1302+641,196.197376,63.896498,469,0.1683,0
1302-208,196.246122,-21.111794,326,0.2591,0
1304+791,196.250059,78.909943,629,0.1242,0
1302-285,196.285285,-28.845008,337,0.2518,0
1302-366,196.303125,-36.929260,200,0.2534,0
1303+515,196.344772,51.277836,80,1.3613,0
1302-312,196.379473,-31.547838,422,0.1812,0
1302-102,196.387563,-10.555397,1325,0.0848,0
1303+577,196.447424,57.531892,192,0.7351,0
1303+557,196.513963,55.495516,527,0.0998,0
1305+804,196.523819,80.139046,606,0.1162,0
1303-170,196.636086,-17.316219,313,0.2399,0
1305+770,196.771859,76.821715,293,0.9205,0
1304-318,196.813245,-32.132956,332,0.2487,0
1305+502,197.033018,49.964853,386,0.1264,0
1305-104,197.051632,-10.721306,474,0.1510,0
1305+042,197.064805,4.019264,396,0.4937,0
1306+660,197.091483,65.737544,86,3.5232,0
1306+360,197.098788,35.776990,17343,0.0448,0
1305-247,197.136364,-24.975669,291,0.3536,0
1303-827,197.159144,-82.992999,18,5.0827,0
1306-095,197.163156,-9.842338,317,0.2503,0
1305-241,197.175050,-24.382757,69,7.2063,0
1307+562,197.290644,55.960609,570,0.1022,0
1306-039,197.324304,-4.254499,470,0.2681,0
1306-094,197.354636,-9.698003,284,0.5202,0
1307+433,197.356360,43.084883,442,0.2338,0
1306+075,197.371606,7.282309,300,0.2945,0
1307+121,197.391385,11.906820,1748,0.0684,0
1306-395,197.452035,-39.809191,1383,0.1096,1
1307-116,197.551908,-11.962969,313,0.4215,0
1307+010,197.618768,0.735801,522,0.1967,0
1308+326,197.619433,32.345495,106582,0.0431,0
1307-556,197.680648,-55.869869,42,0.4370,0
1308+471,197.723298,46.897839,452,0.1511,0
1308+328,197.747511,32.559569,32190,0.0439,1
1308+554,197.763378,55.231756,3895,0.0583,0
1308+145,197.782601,14.296291,411,0.1824,0
1308+172,197.849250,16.978943,384,0.1916,0
1309+070,197.902207,6.780086,289,0.7007,0
1310+484,198.046407,48.157017,396,0.3418,0
1309+257,198.059537,25.520327,325,0.2744,0
1309+355,198.073970,35.255857,277,0.4274,0
1310+487,198.180640,48.475261,374,0.2090,0
1310+314,198.203324,31.216831,345,0.2416,0
1310-041,198.212088,-4.413859,870,0.1002,0
1310-271,198.255923,-27.383013,379,0.2455,0
1311+678,198.366621,67.597322,284,0.3294,0
1311+552,198.407721,54.973306,397,0.1724,0
1311+107,198.423531,10.453993,392,0.1465,0
1312+240,198.682526,23.807439,383,0.2361,0
1312+533,198.682628,53.107703,433,0.1217,0
1312+126,198.757720,12.347955,382,0.2080,0
1312-533,198.767421,-53.576632,534,0.1192,1
1312+289,198.806215,28.681575,474,0.1828,0
1313-072,198.970728,-7.550577,144,1.1448,0
1313-333,199.033275,-33.649770,13166,0.0500,1
1313+200,199.102366,19.784572,312,0.2094,0
1314+677,199.113340,67.440073,526,0.1522,0
1313-301,199.137375,-30.425604,239,0.2207,0
1315+727,199.246002,72.439125,374,0.2698,0
1315+396,199.327649,39.424484,486,0.2103,0
1314-202,199.358953,-20.527257,252,0.3043,0
1315+346,199.402059,34.421092,1434,0.0759,0
1314-134,199.402240,-13.759070,421,0.1566,0
1315+415,199.413307,41.262672,326,0.3087,0
1315+047,199.623509,4.502781,487,0.1962,0
1315-058,199.640456,-6.123283,1220,0.0799,0
1316-12A,199.678555,-12.584402,257,0.5650,0
1316-178,199.736273,-18.127896,137,1.2381,0
1316+109,199.763708,10.659774,399,0.3841,0
1317+625,199.781188,62.289259,316,0.2146,0
1316-120,199.800300,-12.292258,627,0.1130,0
1316-123,199.881957,-12.656966,510,0.1780,0
1317+143,199.882260,14.092534,306,0.4895,0
1317-005,199.911526,-0.827761,381,0.1350,0
1317+520,199.942492,51.801605,1247,0.0768,0
1317-271,199.958380,-27.410282,254,1.2910,0
1317+019,200.111645,1.676892,420,0.1499,0
1318+508,200.175868,50.602166,340,0.2183,0
1322+850,200.221599,84.836433,512,0.1588,0
1318-080,200.286151,-8.304313,100,1.9335,0
1318+225,200.296677,22.270030,2190,0.0587,0
1318-434,200.303520,-43.704679,242,0.3150,0
1318-263,200.308487,-26.602907,483,0.1923,0
1319+006,200.414859,0.399344,475,0.3487,0
1322+835,200.440037,83.270395,894,0.0918,0
1319+220,200.547515,21.803411,433,0.1663,0
1319+270,200.562389,26.762856,174,1.6532,0
1319-058,200.583660,-6.104900,316,0.2727,0
1319-140,200.627433,-14.315137,303,0.2375,0
1319-093,200.653803,-9.627167,1350,0.0876,0
1320-267,200.690973,-26.970890,131,0.4338,0
1320+394,200.731935,39.202209,457,0.1559,0
1320-385,200.767285,-38.816853,265,0.7998,0
1320-446,200.767706,-44.876067,90,2.6316,0
1320-338,200.821412,-34.120097,301,0.4114,0
1320-303,200.831114,-30.635185,443,0.2289,0
1320-078,200.877212,-8.106009,391,0.1313,0
1320-407,200.920154,-41.023246,93,7.0965,0
1323+799,200.964875,79.714402,581,0.0904,0
1322+579,201.003776,57.654543,222,0.7647,0
1321-323,201.049420,-32.593220,264,0.3417,0
1321+410,201.050398,40.803267,355,0.1522,0
1321-105,201.107471,-10.823093,889,0.0865,0
1322+479,201.122260,47.722396,391,0.1398,0
1322+366,201.214338,36.378548,371,0.2105,0
1322-078,201.290065,-8.080109,541,0.1623,0
1322-110,201.305082,-11.294189,537,0.1074,0
1322+214,201.327951,21.157024,210,0.7374,0
1322-427,201.365063,-43.019113,277,0.2620,0
1323+415,201.495587,41.250079,157,0.2447,0
1323-165,201.536686,-16.851164,313,0.2473,0
1323+321,201.568799,31.902645,354,0.3442,0
1323+037,201.611175,3.441048,318,0.5101,0
1323-527,201.705121,-52.939898,422,0.1081,0
1324+574,201.710718,57.201874,367,0.1380,0
1324-168,201.712204,-17.142900,369,0.1201,0
1324-047,201.727558,-5.016382,388,0.1550,0
1324+224,201.753589,22.180601,75465,0.0432,1
1325+437,201.837412,43.441108,430,0.1173,0
1325+504,201.854682,50.146993,588,0.0987,0
1325-133,201.925099,-13.600045,596,0.1461,0
1325+126,201.977846,12.385883,2557,0.0629,1
1326+626,202.169018,62.360288,562,0.1602,0
1325-558,202.254770,-56.134074,932,0.0865,1
1327+504,202.274178,50.157334,10353,0.0476,0
1327+482,202.288527,48.019347,314,0.2870,0
1327+321,202.470270,31.903071,831,0.0693,0
1327-214,202.529699,-21.700501,178,0.2240,0
1326-697,202.546153,-70.053633,207,0.1477,0
1327-311,202.579517,-31.383093,443,0.2068,0
1328+501,202.622454,49.907634,217,0.3159,0
1328+254,202.657067,25.153051,280,0.4656,0
1328+522,202.677497,52.037626,567,0.1289,0
1328+307,202.784533,30.509155,2306,0.0805,0
1328-263,202.798721,-26.652672,285,0.2288,0
1328+056,202.816360,5.355503,68,3.2990,0
1328+130,202.850595,12.745725,273,1.0263,0
1328-034,202.871506,-3.687254,361,0.1615,0
1329+174,202.889352,17.214054,83,0.8771,0
1329+063,202.974571,6.139831,391,0.1990,0
1329-049,203.018603,-5.162029,1017,0.0844,0
1330+300,203.085631,29.829428,342,0.6330,0
1329-137,203.128868,-14.036996,477,0.1821,0
1329-126,203.163547,-12.937595,472,0.1231,0
1330+075,203.177269,7.327241,110,2.6429,0
1330+476,203.188527,47.372963,4909,0.0524,1
1330+022,203.221961,2.012694,4022,0.0522,1
1330+071,203.270821,6.875547,419,0.2118,0
1330+276,203.281211,27.421773,748,0.0978,0
1331+170,203.399094,16.817782,659,0.1218,0
1330-236,203.412192,-23.940439,367,0.1984,0
1331-195,203.438232,-19.845095,344,0.1714,0
1331-109,203.459309,-11.214354,596,0.1014,0
1331+512,203.474100,50.959977,395,0.1930,0
1331-115,203.517462,-11.837298,465,0.1527,0
1331-350,203.550117,-35.337260,211,0.4456,0
1332+317,203.707201,31.473347,117,1.0915,0
1332+031,203.799604,2.885974,340,0.2310,0
1333+459,203.841509,45.710620,460,0.0965,0
1333+589,203.858036,58.733414,665,0.0890,0
1333-049,203.985320,-5.194906,453,0.2021,0
1333-082,204.034416,-8.497722,810,0.0957,0
1333+034,204.131032,3.239873,603,0.2009,0
1333-152,204.142038,-15.496686,711,0.1195,0
1333-186,204.143306,-18.878243,323,0.1543,0
1333-170,204.148520,-17.290861,470,0.1104,0
1333-337,204.162636,-33.965854,734,0.1559,0
1335+658,204.316915,65.546199,531,0.1518,0
1334-179,204.406477,-18.194705,183,0.7842,0
1335+023,204.415141,2.115973,391,0.4000,0
1334-127,204.415762,-12.956859,144726,0.0431,1
1335+552,204.456843,55.017255,501,0.1059,0
1334-649,204.468521,-65.156916,56,1.0609,0
1336-237,204.757277,-24.020557,523,0.1364,0
1336-063,204.779773,-6.618022,359,0.3430,0
1336-180,204.823102,-18.318028,293,0.2544,0
1336-260,204.832878,-26.341804,519,0.1528,0
1337+637,204.849095,63.482896,498,0.1475,0
1337-013,205.019229,-1.629596,528,0.1059,0
1337-033,205.055435,-3.589112,355,0.4540,0
1338+381,205.095633,37.912176,317,0.2510,0
1338+362,205.150040,36.007426,396,0.3299,0
1338+303,205.174939,30.143005,352,0.3207,0
1339+696,205.200031,69.389645,463,0.1308,0
1338-164,205.253638,-16.720395,282,0.4369,0
1338+332,205.283797,33.019537,212,1.1995,0
1338+285,205.313678,28.268077,685,0.1146,0
1339+373,205.499632,37.119483,268,0.6626,0
1339+129,205.519325,12.713880,553,0.2338,0
1339-206,205.519748,-20.858206,453,0.1414,0
1339-324,205.525842,-32.679901,208,0.2091,0
1339+274,205.534903,27.158505,491,0.1286,0
1339-287,205.563940,-29.011620,1221,0.1112,0
1340+289,205.750748,28.735419,574,0.1445,0
1341+691,205.752307,68.921432,587,0.1199,0
1341+457,205.774281,45.547693,257,0.3295,0
1341+576,205.869667,57.363073,382,0.2441,0
1340-175,205.905892,-17.798735,451,0.1495,0
1342+662,205.941498,66.040485,28926,0.0440,0
1342+581,205.990085,57.911789,168,0.1814,0
1341-366,206.001479,-36.930993,130,0.5646,0
1342+663,206.036165,66.103234,7404,0.0479,0
1341-171,206.060010,-17.394554,658,0.1250,0
1341+144,206.098937,14.154131,43,17.1085,0
1341-36A,206.099100,-36.941332,94,0.9603,0
1344+793,206.232123,79.119657,296,0.4960,0
1343+451,206.388219,44.883215,511,0.0959,0
1343+386,206.403926,38.386807,300,0.3504,0
1343+537,206.438980,53.547858,653,0.1157,0
1343+073,206.455478,7.108644,431,0.1674,0
1343-300,206.464667,-30.251276,298,0.4935,0
1343-125,206.533596,-12.805934,291,0.3409,0
1345+735,206.535313,73.348138,523,0.1442,0
1343-601,206.704344,-60.408155,54,1.3183,0
1344-180,206.769043,-18.333255,350,0.3110,0
1344+188,206.847876,18.593770,635,0.1153,0
1344-135,206.872938,-13.778502,277,0.5315,0
1345+061,206.881020,5.876057,434,0.3801,0
1345+125,206.889007,12.290066,322,0.1878,0
1344-375,206.918454,-37.843506,314,0.2860,0
1345+289,207.018121,28.673713,379,0.4046,0
1345-164,207.166287,-16.667088,251,0.6933,0
1346-168,207.246793,-17.068350,353,0.3296,0
1346-109,207.263304,-11.166894,749,0.1419,0
1346-306,207.334994,-30.940054,395,0.2727,0
1346-233,207.352868,-23.575318,160,0.3961,0
1346-113,207.381014,-11.548286,756,0.1233,0
1347+539,207.394403,53.688067,2050,0.0616,0
1347-218,207.558709,-22.078077,426,0.2892,0
1347+099,207.592233,9.669626,484,0.1674,0
1347-163,207.650600,-16.580421,299,0.1933,0
1349+617,207.659112,61.546810,370,0.2512,0
1348+237,207.690243,23.529211,367,0.3232,0
1348+308,207.719734,30.581553,4458,0.0534,1
1349+647,207.732081,64.482440,212,0.1455,0
1348+087,207.820496,8.511084,602,0.1044,0
1348-289,207.945162,-29.204903,279,0.2244,0
1349-145,207.969373,-14.820711,726,0.0947,0
1349-265,208.042925,-26.824520,157,0.6795,0
1349-275,208.116859,-27.751981,268,0.2008,0
1349+027,208.127926,2.546434,88,1.6204,0
1349-439,208.235562,-44.211219,1336,0.0801,0
1350-142,208.286554,-14.454250,251,0.3583,0
1352+757,208.346534,75.549371,705,0.0807,0
1351+021,208.464935,1.864969,399,0.2197,0
1352+636,208.495197,63.409016,355,0.2917,0
1351-018,208.528731,-2.100886,45824,0.0455,1
1351-237,208.626815,-23.963544,204,0.3732,0
1352-104,208.693828,-10.684071,3222,0.0570,0
1352-197,208.706201,-20.026549,54,2.2645,0
1352-632,208.944217,-63.445159,25,1.8507,0
1353-095,208.949562,-9.798666,330,0.5086,0
1354+487,209.013856,48.527100,401,0.3691,0
1353-341,209.022444,-34.353016,251,0.4747,0
1353-171,209.028971,-17.408838,579,0.1010,0
1354+247,209.168250,24.516725,275,0.7784,0
1354-107,209.195133,-11.024785,538,0.1133,0
1354+195,209.268486,19.318715,3322,0.0631,0
1354-174,209.275309,-17.733862,627,0.1075,0
1354-152,209.296854,-15.457996,12608,0.0467,0
1354+005,209.360332,0.261786,170,0.2515,0
1355+017,209.411243,1.470453,135,0.9177,0
1355+441,209.419133,43.899936,387,0.2169,0
1357+769,209.480715,76.722514,219911,0.0429,1
1355-381,209.503630,-38.354817,174,1.0176,0
1400+839,209.505616,83.672767,353,0.4787,0
1355+115,209.593415,11.325811,367,0.1944,0
1356+478,209.669444,47.632864,473,0.1236,0
1355-416,209.750771,-41.881288,169,0.9399,0
1357+559,209.773931,55.741496,576,0.1011,0
1356+022,209.863122,1.998490,686,0.0920,0
1357+404,209.908726,40.193959,494,0.1125,0
1357-187,210.016108,-18.969746,380,0.1507,0
1357-101,210.085248,-10.394725,181,1.0280,0
1358+624,210.119368,62.177386,264,0.2449,0
1358+046,210.201850,4.425245,472,0.1628,0
1358-090,210.272216,-9.275437,532,0.1801,0
1358-298,210.395581,-30.076909,326,0.2769,0
1359-113,210.424356,-11.606921,147,0.9097,0
1400+588,210.440416,58.595074,521,0.1623,0
1359-281,210.510007,-28.373651,320,0.2714,0
1400+585,210.561716,58.296392,184,0.2108,0
1400+162,210.685473,15.999074,365,0.1817,0
1400-181,210.690648,-18.432341,338,0.2427,0
1400-184,210.702102,-18.679858,424,0.1825,0
1400+064,210.805392,6.168988,334,0.4913,0
1402+660,211.021996,65.860440,376,0.1516,0
1401+000,211.050517,-0.223636,524,0.1266,0
1402+077,211.137468,7.479712,428,0.2335,0
1402-012,211.191231,-1.506097,936,0.0976,0
1402+044,211.254666,4.259950,1641,0.0773,0
1403+411,211.282481,40.949398,571,0.1159,0
1402-144,211.386947,-14.671749,751,0.1228,0
1402-388,211.422413,-39.121792,73,3.3945,0
1403-107,211.502380,-10.980539,330,0.4151,0
1403-085,211.502925,-8.801912,648,0.1133,0
1403-068,211.545057,-7.117308,402,0.1390,0
1406+787,211.652362,78.469557,649,0.1731,0
1404+347,211.724364,34.560363,481,0.1239,0
1404+286,211.751643,28.454081,67454,0.0438,0
1406+767,211.758263,76.470424,511,0.1772,0
1404-267,211.874010,-27.017859,354,0.2706,0
1404-428,211.915505,-43.042205,54,0.8931,0
1404-342,211.978821,-34.524518,282,0.5488,0
1406+564,212.053943,56.225690,660,0.1072,0
1407+691,212.079483,68.914119,534,0.2778,0
1405-298,212.124126,-30.073252,302,0.3337,0
1407+653,212.203380,65.091122,276,0.3608,0
1405-287,212.206724,-29.006558,488,0.1949,0
1406-076,212.235338,-7.874074,37640,0.0438,1
1406-230,212.299901,-23.263781,376,0.5231,0
1406-267,212.459041,-26.960272,5583,0.0584,1
1407+022,212.519400,2.051920,442,0.1234,0
1407-188,212.582063,-19.052834,267,0.4732,0
1408+077,212.646147,7.522636,465,0.2424,0
1409+625,212.647575,62.279832,450,0.1909,0
1408+370,212.679314,36.789409,210,0.6634,0
1408-027,212.767738,-3.012062,528,0.1667,0
1408+008,212.782640,0.602008,391,0.4245,0
1409+373,212.810484,37.093229,423,0.1404,0
1409+595,212.841599,59.284528,366,0.3524,0
1411+746,212.894408,74.408257,335,0.5601,0
1409+218,212.978593,21.573177,813,0.1206,0
1409+428,212.998879,42.663975,276,0.4157,0
1409-162,213.086534,-16.524689,339,0.1370,0
1410+138,213.151553,13.577265,560,0.1405,0
1410-029,213.311989,-3.207684,251,0.9305,0
1410-279,213.312007,-28.227052,275,0.3787,0
1411+533,213.351140,53.090811,178,0.2665,0
1412+461,213.561885,45.913536,280,0.5526,0
1412-279,213.768692,-28.165120,307,0.2816,0
1412+087,213.791327,8.534825,413,0.2277,0
1412-097,213.836808,-9.932870,464,0.2057,0
1412-368,213.858401,-37.090825,1337,0.1308,1
1413+373,213.868612,37.105878,430,0.1311,0
1414+652,213.889684,65.023307,281,0.9156,0
1413+487,213.903333,48.508458,257,0.6495,0
1413-069,213.953769,-7.135446,327,0.4188,0
1413+135,213.995073,13.339920,8983,0.0468,0
1413+349,214.017442,34.743452,424,0.1294,0
1414+129,214.119402,12.703771,251,0.4553,0
1413-168,214.143207,-17.096037,579,0.1156,0
1413-213,214.176311,-21.531954,280,0.1438,0
1415+463,214.284006,46.118180,455,0.0998,0
1414-435,214.324633,-43.820895,63,2.4101,0
1415+269,214.376721,26.749175,166,0.2375,0
1415+385,214.418524,38.305873,427,0.2056,0
1415+172,214.515578,17.056842,272,0.7060,0
1415-297,214.579201,-29.974273,112,1.9224,0
1416+159,214.711339,15.685094,367,0.4392,0
1415-349,214.745487,-35.161808,297,0.1778,0
1416-156,214.749797,-15.927034,316,0.2390,0
1416+067,214.784084,6.476334,1142,0.1064,0
1416-084,214.843984,-8.642261,379,0.1366,0
1416-516,214.896855,-51.916270,74,0.2574,0
1418+546,214.944156,54.387441,138065,0.0430,1
1417+385,214.944224,38.363465,49048,0.0434,0
1417-192,214.957244,-19.473686,493,0.1971,0
1417-141,214.982581,-14.389148,73,3.0447,0
1417+273,214.997071,27.107098,3435,0.0562,0
1417+083,214.997676,8.078218,117,0.2102,0
1417+375,215.001421,37.359628,449,0.1650,0
1417-064,215.074823,-6.702236,294,0.1525,0
1417+172,215.087046,17.058104,565,0.1148,0
1418-110,215.250628,-11.305668,258,0.3422,0
1418-065,215.282315,-6.732321,518,0.1726,0
1419+286,215.308566,28.414663,274,0.6452,0
1421+754,215.312571,75.222293,257,1.0313,0
1419+469,215.346137,46.763330,366,0.1309,0
1418-192,215.403992,-19.521903,699,0.1495,0
1418-481,215.411027,-48.339666,19,0.5721,0
1418-198,215.430814,-20.028857,313,0.3378,0
1419+104,215.435659,10.232510,435,0.3568,0
1420+326,215.626579,32.386233,658,0.0984,0
1419-229,215.654610,-23.141704,310,0.2359,0
1420+044,215.677044,4.244200,400,0.4579,0
1419-272,215.705113,-27.465756,167,0.2661,0
1421+482,215.775653,48.036346,329,0.1258,0
1421+511,215.809110,50.927024,440,0.1588,0
1421+122,215.875417,11.997569,320,0.4605,0
1420-220,215.920042,-22.304866,361,0.1933,0
1418-782,215.931455,-78.493028,160,0.1959,0
1421+048,216.039587,4.581134,372,0.2616,0
1421-138,216.066813,-14.117498,497,0.1607,0
1422+473,216.154499,47.099082,419,0.1445,0
1422+268,216.168867,26.625128,56,4.2628,0
1420-724,216.217659,-72.688082,133,0.1937,0
1422+364,216.231298,36.260012,356,0.4104,0
1420-679,216.231489,-68.132804,1531,0.0634,1
1422-249,216.345989,-25.218603,347,0.3498,0
1423+146,216.454242,14.415806,4934,0.0547,1
1424+366,216.654531,36.419326,1932,0.0697,0
1424-020,216.731184,-2.262300,428,0.1131,0
1424+240,216.751632,23.800010,2805,0.0577,0
1425+267,216.898365,26.537373,275,1.0366,0
1424-328,216.922338,-33.092085,286,0.2001,0
1424-418,216.984573,-42.105399,117733,0.0433,1
1425-156,217.118785,-15.885789,454,0.3125,0
1426+276,217.132340,27.408953,420,0.2495,0
1426+212,217.193386,21.060210,601,0.1650,0
1427+634,217.272112,63.267959,622,0.1285,0
1427+543,217.341162,54.103090,584,0.0892,0
1426-206,217.393599,-20.920444,300,0.3034,0
1427-009,217.452772,-1.214514,177,0.2167,0
1427+109,217.540578,10.724128,443,0.1162,0
1428+422,217.598923,42.076803,1307,0.0964,0
1427+000,217.630424,-0.152116,271,0.6735,0
1428+370,217.669099,36.817747,2992,0.0586,1
1428-311,217.788431,-31.344120,150,0.5550,0
1429+400,217.835577,39.878202,409,0.1235,0
1429+249,217.857853,24.705751,461,0.2543,0
1428-149,217.867218,-15.157999,264,0.2074,0
1428-288,217.983345,-29.054961,256,0.3705,0
1430+365,218.165957,36.302204,344,0.2733,0
1430+412,218.180404,41.057735,140,0.7273,0
1430-178,218.240378,-18.026458,865,0.1118,0
1430-155,218.339414,-15.812413,542,0.1164,0
1424-834,218.368470,-83.685753,33,0.3386,0
1432+422,218.523727,42.054442,422,0.1414,0
1431-115,218.588066,-11.772086,525,0.1692,0
1432+200,218.665806,19.866871,6194,0.0510,0
1432-102,218.809976,-10.509222,272,0.5235,0
1433+304,218.897509,30.206811,415,0.2871,0
1433-040,218.916269,-4.248694,282,0.5033,0
1436+763,218.946245,76.090508,269,0.6299,0
1434+235,219.170755,23.350905,630,0.1039,0
1435+638,219.190842,63.610518,1842,0.0617,0
1434-185,219.236534,-18.776148,333,0.2837,0
1434-295,219.287372,-29.788508,258,0.6011,0
1435+514,219.332518,51.213714,435,0.1818,0
1434-111,219.424605,-11.319639,256,0.9437,0
1435-218,219.539456,-22.081875,2971,0.0576,1
1435-311,219.544940,-31.374591,308,0.2326,0
1436+445,219.618769,44.303353,383,0.2210,0
1437+624,219.686596,62.198455,297,0.2211,0
1436+373,219.723379,37.176505,612,0.1010,0
1436+214,219.787093,21.247450,432,0.1520,0
1437+397,219.822828,39.545224,178,0.4717,0
1437+374,219.835741,37.200788,537,0.1550,0
1437+331,219.848560,32.898562,287,0.4116,0
1437+078,219.935603,7.682347,103,1.5436,0
1438+501,219.945734,49.968182,459,0.1093,0
1437-153,219.986967,-15.530710,690,0.1464,0
1437+061,220.074938,5.942803,355,0.2954,0
1438+385,220.093067,38.337116,391,0.1230,0
1438+016,220.140196,1.451447,339,0.5095,0
1438+021,220.247899,1.962265,351,0.2408,0
1438-390,220.312871,-39.230037,154,0.7741,0
1438-328,220.332890,-33.056778,328,0.2138,0
1438-347,220.349875,-34.946094,266,0.3633,0
1438-151,220.439239,-15.393407,1258,0.1245,0
1440+635,220.494456,63.309289,533,0.1421,0
1439+327,220.500579,32.572306,388,0.1571,0
1439+137,220.516841,13.487792,204,0.7972,0
1439+066,220.550991,6.423926,353,0.3718,0
1441+522,220.761503,52.027027,699,0.0869,0
1440-220,220.803875,-22.254611,292,0.3647,0
1441-058,220.921073,-6.019684,368,0.3484,0
1441+252,220.987051,25.029025,11885,0.0461,0
1442+637,220.994170,63.540657,570,0.1087,0
1442+031,221.132361,2.964865,284,0.4919,0
1442+117,221.211399,11.532331,331,0.3478,0
1442-087,221.242950,-8.995145,404,0.1346,0
1442-160,221.289896,-16.236327,356,0.1184,0
1442+101,221.318605,9.976687,1038,0.0936,0
1442-155,221.418438,-15.718409,273,0.9786,0
1442-245,221.434215,-24.761553,342,0.2611,0
1443-162,221.472401,-16.483783,4955,0.0559,1
1444+175,221.647276,17.352106,588,0.1129,0
1444+313,221.651496,31.179476,377,0.1461,0
1445-161,222.062726,-16.340152,1688,0.0870,0
1448+762,222.119913,76.019888,10585,0.0452,1
1446+042,222.209838,4.038859,334,0.1877,0
1446-111,222.213167,-11.371037,430,0.2217,0
1447+536,222.246560,53.435914,537,0.1824,0
1446-005,222.319126,-0.755341,440,0.1498,0
1446-214,222.416559,-21.656871,333,0.1314,0
1448+093,222.629871,9.174432,408,0.2192,0
1448-232,222.760456,-23.491976,413,0.2178,0
1449+139,222.881212,13.723333,296,0.2118,0
1449-012,222.947551,-1.459808,438,0.1704,0
1450+641,222.989008,63.955334,254,0.6198,0
1450+455,223.102810,45.373242,426,0.1406,0
1448-648,223.165330,-65.034287,384,0.1425,1
1450-131,223.242316,-13.323039,468,0.1178,0
1450+108,223.256190,10.604779,277,0.2397,0
1450-218,223.269073,-22.074801,268,0.2553,0
1451+352,223.327272,35.094268,358,0.1581,0
1450-251,223.434246,-25.379862,351,0.2321,0
1451+106,223.434338,10.432656,432,0.1652,0
1451+270,223.473336,26.809280,408,0.1268,0
1451+094,223.498884,9.262036,348,0.2295,0
1450-338,223.510306,-34.015892,263,0.3991,0
1452+166,223.586896,16.406770,477,0.1615,0
1451-375,223.614207,-37.792540,16440,0.0469,0
1452+301,223.634574,29.932793,319,0.2828,0
1451-400,223.637135,-40.209032,2305,0.0839,1
1451-248,223.694579,-25.086803,315,0.1974,0
1452-168,223.761711,-17.003876,569,0.1414,0
1452-317,223.787858,-31.975841,160,0.6017,0
1453+217,223.882693,21.527549,465,0.2010,0
1452-217,223.908293,-21.991218,308,0.3668,0
1454+447,223.975566,44.527126,490,0.1496,0
1453-109,223.978684,-11.145391,277,0.1300,0
1454+510,224.033832,50.810084,410,0.1285,0
1454-060,224.172469,-6.295334,1021,0.1432,0
1453-426,224.304182,-42.810188,39,0.5419,0
1456+677,224.318717,67.521903,454,0.1718,0
1454-076,224.330727,-7.864690,319,0.3388,0
1454-354,224.361299,-35.652770,289,0.1557,0
1455+080,224.408870,7.831865,405,0.3167,0
1455+247,224.430940,24.585477,260,0.6408,0
1455+098,224.468882,9.637930,450,0.2471,0
1455+348,224.488762,34.663996,491,0.2182,0
1456+375,224.686644,37.339340,433,0.1346,0
1456+044,224.747318,4.270506,4568,0.0573,0
1458+718,224.781600,71.672185,5116,0.0498,0
1456-367,224.815682,-36.929983,253,0.5334,0
1456-16A,224.853173,-16.693404,311,0.7703,0
1456-179,224.869847,-18.179218,510,0.2001,0
1457+449,224.897742,44.702200,650,0.1020,0
1458+088,225.141681,8.661613,438,0.3611,0
1459+480,225.202726,47.854316,6199,0.0503,0
1457-237,225.216205,-23.972277,321,0.1966,0
1458+228,225.257646,22.635104,428,0.1462,0
1458-391,225.394826,-39.310952,253,0.3513,0
1458-382,225.418852,-38.471986,126,0.3180,0
1459-149,225.604239,-15.147922,978,0.1337,0
1500+094,225.753748,9.299717,594,0.1753,0
1501+481,225.853273,47.974951,164,0.5141,0
1500-142,225.860248,-14.477085,342,0.2697,0
1500+045,225.870366,4.330276,588,0.1425,0
1502+481,225.949982,47.991952,153,0.2654,0
1501+043,226.030301,4.119293,428,0.2447,0
1501-026,226.031329,-2.804618,314,0.6644,0
1502+330,226.031356,32.822550,451,0.1898,0
1503+691,226.053232,68.936896,284,0.4177,0
1501+084,226.100546,8.227689,266,0.1285,0
1502+106,226.104082,10.494222,27431,0.0446,1
1501+085,226.105360,8.316335,328,0.1385,0
1502+291,226.111236,28.908484,481,0.1369,0
1503+548,226.213250,54.644336,57,2.3069,0
1501-343,226.259876,-34.549117,337,0.3374,0
1502+036,226.276988,3.441892,25139,0.0442,0
1502-159,226.345625,-16.177951,324,0.1440,0
1502-242,226.386596,-24.405870,296,0.1942,0
1503-091,226.512642,-9.320016,261,0.4002,0
1504+377,226.539708,37.514203,35518,0.0442,1
1510+835,226.602980,83.324454,528,0.1127,0
1503-127,226.616309,-12.906604,278,0.3923,0
1503-119,226.681411,-12.162529,388,0.1897,0
1505+497,226.683810,49.565501,543,0.1011,0
1505+428,226.721008,42.656399,1276,0.0754,0
1504-166,226.769946,-16.875074,2026,0.0630,0
1505+514,226.798398,51.288017,652,0.1235,0
1504+127,226.840659,12.608077,490,0.1974,0
1504+105,226.841168,10.312498,54,5.6821,0
1506+591,226.947440,58.957681,332,0.4075,0
1505+044,226.998885,4.253329,404,0.1924,0
1505-156,227.148757,-15.808759,1062,0.2600,0
1505-496,227.162270,-49.883975,322,0.1486,0
1505-304,227.220805,-30.608175,282,0.2074,0
1506+163,227.292133,16.191038,535,0.1949,0
1507+476,227.332718,47.448937,64,2.7245,0
1506-074,227.335640,-7.596716,371,0.1868,0
1506-370,227.354147,-37.224352,54,0.5015,0
1506-434,227.398907,-43.675530,219,0.3860,0
1506-288,227.437729,-29.083645,296,0.2548,0
1508+561,227.449792,55.938136,90,1.0105,0
1507+161,227.460679,15.957094,190,1.2672,0
1508+572,227.512177,57.045382,6709,0.0508,1
1507-301,227.632672,-30.331255,217,0.2429,0
1507-246,227.673636,-24.866411,156,1.7127,0
1508-111,227.685140,-11.361028,235,0.2455,0
1508-055,227.723298,-5.718727,4104,0.0499,0
1508-085,227.727671,-8.722588,466,0.1149,0
1508+223,227.773247,22.135178,260,0.5756,0
1509+054,227.921943,5.302572,404,0.1342,0
1508-325,227.960012,-32.716053,316,0.2142,0
1509+022,228.065591,2.054716,509,0.1367,0
1509-057,228.095156,-5.911477,369,0.1534,0
1509-282,228.182582,-28.479249,276,0.2590,0
1510-089,228.210554,-9.099953,20530,0.0454,1
1508-656,228.214794,-65.883951,22,1.3008,0
1510-075,228.290182,-7.740802,336,0.2034,0
1510-319,228.340738,-32.159081,299,0.2099,0
1510-421,228.377592,-42.365585,235,0.3060,0
1510-323,228.412433,-32.583152,394,0.1552,0
1511+238,228.417440,23.643111,384,0.2194,0
1511-100,228.437056,-10.200074,5014,0.0495,0
1511-210,228.487375,-21.249307,662,0.1214,0
1512+030,228.644727,2.880141,573,0.1297,0
1512+450,228.652629,44.834469,146,0.2936,0
1511-476,228.666769,-47.808294,453,0.1018,1
1511-360,228.670308,-36.284688,309,0.2199,0
1512+370,228.679451,36.847321,352,0.5255,0
1512-096,228.707288,-9.810671,226,0.1282,0
1511-558,228.802804,-55.992455,160,0.2552,1
1513-161,229.021267,-16.329777,392,0.3367,0
1514+004,229.167579,0.250530,901,0.0899,0
1514+072,229.185372,7.021621,379,0.2091,0
1514+197,229.236651,19.536942,20820,0.0446,1
1514-069,229.308565,-7.170582,108,0.3995,0
1514+137,229.321470,13.540150,404,0.2268,0
1514-261,229.360927,-26.305272,361,0.2082,0
1514-241,229.424221,-24.372077,9132,0.0519,0
1515-164,229.462727,-16.655199,447,0.2350,0
1515-273,229.515001,-27.525331,303,0.2574,0
1516-129,229.873140,-13.088309,292,0.4338,0
1516-240,229.927437,-24.197957,264,0.2730,0
1517-116,229.936600,-11.862368,387,0.1661,0
1519+567,230.079808,56.598791,403,0.3472,0
1518+162,230.154421,16.024064,628,0.2499,0
1517-385,230.168682,-38.758996,227,0.5625,0
1520+725,230.198503,72.418214,410,0.3655,0
1522+791,230.261658,78.975072,461,0.1318,0
1518+046,230.310077,4.506010,290,0.2449,0
1518+170,230.318969,16.900823,317,0.2863,0
1519+181,230.323246,17.933630,398,0.2803,0
1518+045,230.343932,4.341705,407,0.1424,0
1519+054,230.431390,5.284771,270,0.3750,0
1520+437,230.456725,43.610908,19090,0.0446,1
1520+319,230.541632,31.737328,14909,0.0449,1
1519-294,230.606193,-29.607009,1902,0.0802,0
1519-273,230.656983,-27.502996,69107,0.0435,1
1522+669,230.745585,66.751872,460,0.2626,0
1520-330,230.843480,-33.159282,155,0.9144,0
1520-334,230.975166,-33.645900,236,0.6233,0
1521-300,231.139226,-30.205930,289,0.3029,0
1525+737,231.172395,73.600223,536,0.1626,0
1522+155,231.173381,15.355847,456,0.1550,0
1522+113,231.262226,11.128906,447,0.1424,0
1523+033,231.453989,3.140544,212,0.7810,0
1525+613,231.508949,61.175747,251,0.3251,0
1523-042,231.562561,-4.419461,400,0.1798,0
1523-172,231.604658,-17.432746,438,0.3018,0
1526+670,231.678643,66.848512,556,0.1141,0
1524+101,231.693117,9.986260,362,0.2529,0
1524-136,231.747678,-13.850073,319,0.3177,0
1525+314,231.828071,31.256774,433,0.1465,0
1526+384,232.154192,38.268306,380,0.2320,0
1529+697,232.310791,69.583164,460,0.2263,0
1526-189,232.417258,-19.081832,252,0.5928,0
1528+381,232.567717,37.975324,463,0.2034,0
1528+060,232.618519,5.920287,88,2.2753,0
1527-196,232.620267,-19.844220,527,0.1836,0
1528+240,232.651340,23.876865,348,0.4410,0
1529+441,232.760381,43.943796,134,1.8186,0
1528-274,232.850833,-27.591951,252,0.4624,0
1531+722,232.889911,72.111452,652,0.0985,0
1529+346,232.913134,34.501065,377,0.2499,0
1529-271,233.010715,-27.277199,311,0.1687,0
1529-195,233.032778,-19.695600,61,15.7661,0
1529-230,233.131368,-23.175684,299,0.1972,0
1532+680,233.180593,67.920558,414,0.2917,0
1529-131,233.189061,-13.319468,526,0.1116,0
1530+239,233.193105,23.734797,493,0.1539,0
1529-373,233.240021,-37.538171,181,2.9389,0
1530-041,233.309189,-4.354620,395,0.1737,0
1528-684,233.393702,-68.622126,81,0.3149,0
1530-536,233.586086,-53.853729,61,0.4355,0
1531-379,233.589413,-38.086483,263,0.3772,0
1531-225,233.595005,-22.732675,514,0.1650,0
1531-221,233.598033,-22.315095,529,0.1392,0
1532+016,233.718557,1.517835,1027,0.0755,0
1531-352,233.727865,-35.439860,561,0.1423,0
1533+487,233.811055,48.616582,404,0.1729,0
1533+200,233.818891,19.914141,396,0.3281,0
1534+501,233.966829,49.960855,671,0.1038,0
1541+835,233.983862,83.437568,549,0.1354,0
1534+387,234.057692,38.557946,504,0.1778,0
1533-220,234.122067,-22.203549,253,0.4421,0
1533-316,234.227076,-31.854204,278,0.2278,0
1540+820,234.250158,81.908610,338,0.3817,0
1535+231,234.310420,23.011253,550,0.2054,0
1534-128,234.323148,-12.995238,385,0.1743,0
1534-152,234.423221,-15.453472,1387,0.1049,0
1535-091,234.445185,-9.345358,335,0.3438,0
1535+148,234.514268,14.735429,341,0.2082,0
1533-652,234.549647,-65.430888,19,1.0358,0
1535+013,234.553098,1.139882,405,0.1586,0
1535+004,234.566471,0.318146,560,0.1369,0
1536+412,234.577426,41.096748,159,0.7257,0
1535-036,234.584798,-3.770642,365,0.3402,0
1536+057,234.771692,5.577343,324,0.3042,0
1536+046,234.792104,4.514230,389,0.2090,0
1537+312,234.817393,31.068799,480,0.2074,0
1537+162,234.854579,16.066761,514,0.1721,0
1538+477,234.895043,47.592018,296,0.2037,0
1537+279,234.913071,27.743948,512,0.1250,0
1537-082,235.013135,-8.390417,291,0.5115,0
1544+820,235.066162,81.918273,270,0.7557,0
1537-207,235.142679,-20.925865,309,0.9154,0
1537-389,235.143963,-39.104927,244,0.4514,0
1538+149,235.206215,14.796079,22207,0.0445,1
1538-180,235.337367,-18.255867,277,0.2884,0
1540+539,235.356103,53.803621,543,0.1593,0
1539-111,235.500142,-11.314696,297,0.2820,0
1539-164,235.511994,-16.575201,385,0.4098,0
1539-093,235.531103,-9.462002,51,9.6074,0
1540+180,235.581417,17.935493,218,0.2212,0
1542+616,235.737265,61.498707,569,0.1110,0
1540-077,235.757029,-7.951844,390,0.3511,0
1541+050,235.891357,4.872033,369,0.1921,0
1541+189,235.932519,18.788827,371,0.3284,0
1542+328,236.023569,32.680089,455,0.2008,0
1541-230,236.059076,-23.200373,621,0.1010,0
1543+504,236.178981,50.286490,92,0.7912,0
1542+042,236.247614,4.129543,420,0.1788,0
1543+517,236.261765,51.583576,602,0.1249,0
1543+480,236.285541,47.865185,383,0.1629,0
1544+541,236.432608,54.011877,859,0.1144,0
1543+005,236.539714,0.440171,581,0.1715,0
1545+552,236.681725,55.113960,89,2.1901,0
1544-003,236.835907,-0.537333,116,0.4683,0
1545+497,236.838078,49.618285,59,7.3077,0
1546+600,236.848185,59.916997,517,0.1422,0
1544-095,236.922024,-9.725833,441,0.2089,0
1545+210,236.931407,20.871282,380,0.4670,0
1545-120,237.053916,-12.225367,323,0.3604,0
1545-050,237.067886,-5.214177,286,0.4458,0
1544-638,237.126651,-64.026333,96,0.2479,0
1550+789,237.156127,78.757370,426,0.2294,0
1547+619,237.167084,61.792193,43,4.7537,0
1545-226,237.207289,-22.850699,412,0.1771,0
1546-231,237.250811,-23.334599,264,1.1977,0
1547+507,237.322786,50.634941,2178,0.0601,0
1546-165,237.333335,-16.661554,285,0.6665,0
1546+027,237.372654,2.616990,76991,0.0432,0
1550+703,237.485222,70.215580,468,0.1537,0
1547-054,237.624365,-5.636394,470,0.1656,0
1548+056,237.646955,5.452902,11708,0.0480,0
1548+114,237.681645,11.346515,416,0.1973,0
1548-199,237.735582,-20.070915,267,0.3400,0
1540-828,237.746427,-82.968568,210,0.1293,0
1548-177,237.810826,-17.917313,512,0.1285,0
1550+582,237.992533,58.112348,513,0.1006,0
1549+089,238.013590,8.846482,483,0.2373,0
1549-242,238.023008,-24.422442,516,0.2286,0
1550-242,238.381783,-24.368343,1728,0.0735,0
1551+130,238.386241,12.947698,565,0.1321,0
1550-238,238.482682,-23.978231,232,0.3837,0
1550-269,238.510291,-27.077843,368,0.1817,0
1551-025,238.552523,-2.667914,114,0.4611,0
1552+301,238.622491,30.021940,275,0.7575,0
1552+199,238.663453,19.788338,212,0.3386,0
1551-416,238.825492,-41.842137,246,0.3164,0
1552-033,238.878117,-3.447089,550,0.1339,0
1552-095,238.915293,-9.646188,114,0.5161,0
1553+113,238.929350,11.190102,427,0.1754,0
1552-249,238.937432,-25.136632,268,0.3038,0
1556+744,239.012460,74.349484,570,0.1269,0
1554+185,239.228402,18.420438,311,0.3610,0
1549-790,239.245291,-79.234523,316,0.1163,0
1554-272,239.268078,-27.412710,335,0.2153,0
1555+455,239.329165,45.372649,448,0.1911,0
1555+001,239.464308,-0.030670,15101,0.0453,1
1555+030,239.469847,2.891078,461,0.2440,0
1555-140,239.591449,-14.166404,428,0.2001,0
1557+565,239.701204,56.420589,405,0.1407,0
1554-643,239.709518,-64.541566,206,0.1727,0
1556+335,239.729943,33.388502,397,0.1752,0
1558+595,239.757091,59.406065,362,0.2972,0
1557+032,239.879053,3.080071,6171,0.0531,1
1556-245,239.922538,-24.710787,2694,0.0680,1
1557-053,239.956843,-5.522935,359,0.2558,0
1557+234,239.967511,23.282424,172,0.3493,0
1557+043,240.010572,4.216064,321,0.1605,0
1556-580,240.051573,-58.184158,22,1.1176,0
1558-072,240.235319,-7.368117,385,0.1367,0
1558-243,240.366847,-24.499548,22,16.0191,0
1600+432,240.418516,43.279932,196,0.6204,0
1559+140,240.477238,13.952990,359,0.3275,0
1600+335,240.530264,33.448076,1696,0.0633,0
1559-151,240.533172,-15.315593,276,0.4651,0
1600+244,240.557661,24.310498,378,0.2882,0
1600+026,240.811883,2.526732,347,0.3118,0
1600-294,240.819048,-29.565396,280,0.3717,0
1603+699,240.827590,69.765956,584,0.1559,0
1600-099,240.828243,-10.122582,401,0.2302,0
1601+173,240.883681,17.198697,289,0.4637,0
1601+160,240.908593,15.900655,351,0.1684,0
1601+112,240.924714,11.096855,2218,0.0580,0
1600-489,240.961186,-49.068196,82,0.6021,0
1602+576,240.983048,57.515115,418,0.1149,0
1601-222,241.006132,-22.394719,502,0.2439,0
1600-445,241.129253,-44.692215,707,0.1309,1
1603+573,241.155644,57.243517,672,0.0812,0
1602+195,241.208307,19.439151,384,0.1889,0
1602-115,241.323049,-11.657453,8530,0.0485,1
1603+301,241.387700,30.024917,367,0.1918,0
1602-187,241.425662,-18.916007,295,0.4731,0
1603+064,241.528686,6.330205,261,0.1540,0
1604+554,241.531744,55.359838,196,1.5389,0
1604+315,241.535493,31.412905,484,0.1166,0
1604+183,241.566783,18.249950,445,0.1983,0
1605+542,241.598192,54.098823,269,0.7973,0
1604-037,241.686773,-3.894548,306,0.1455,0
1603-193,241.707296,-19.485792,397,0.2509,0
1604+274,241.742918,27.284884,487,0.1340,0
1604+159,241.776794,15.859579,670,0.1250,0
1616+851,241.847344,85.030834,548,0.1346,0
1604-333,241.894843,-33.519143,3958,0.0854,0
1605-205,241.987195,-20.661770,335,0.3235,0
1605-162,242.029256,-16.416688,432,0.2770,0
1607+604,242.085593,60.307833,446,0.2327,0
1607+563,242.086469,56.232325,464,0.1109,0
1606+403,242.092324,40.204954,423,0.1420,0
1606+106,242.192513,10.485493,136347,0.0429,1
1607+268,242.305503,26.691399,606,0.1411,0
1612+797,242.374523,79.665234,280,0.5832,0
1606-219,242.395553,-22.096279,425,0.1941,0
1606-056,242.411457,-5.790160,368,0.3036,0
1607+183,242.522024,18.195394,291,0.7567,0
1606-398,242.591163,-39.982869,2001,0.0982,1
1608+243,242.675112,24.246948,7078,0.0519,1
1608-010,242.704300,-1.228705,118,1.5283,0
1613+782,242.710853,78.150150,514,0.1162,0
1608-260,242.845658,-26.204104,167,0.3162,0
1608-064,242.865779,-6.604112,377,0.1493,0
1609+190,242.954365,18.943919,693,0.1204,0
1609-225,243.118506,-22.662978,322,0.1685,0
1611+582,243.221947,58.111245,197,0.8549,0
1611+343,243.421101,34.213308,164581,0.0430,0
1610-277,243.431361,-27.849127,230,1.0540,0
1611-121,243.466114,-12.249295,186,0.3140,0
1611-217,243.503606,-21.831756,242,1.4668,0
1611-355,243.640761,-35.724162,161,0.2860,0
1612+378,243.695659,37.768689,413,0.3343,0
1612-243,243.798300,-24.516558,472,0.3755,0
1613+216,243.879558,21.503080,402,0.1601,0
1614+466,244.015695,46.540344,557,0.1278,0
1614+271,244.082887,27.051100,268,0.7291,0
1611-710,244.127673,-71.142071,359,0.1175,0
1614+336,244.140745,33.512065,6,13.7244,0
1614+051,244.156487,4.992427,4410,0.0531,0
1613-350,244.179189,-35.161623,278,0.3335,0
1615+364,244.231584,36.359583,351,0.1892,0
1614-112,244.274979,-11.377394,285,0.1832,0
1614+042,244.306619,4.144916,394,0.2799,0
1613-586,244.324547,-58.802183,963,0.0762,0
1614-255,244.335712,-25.623238,404,0.2217,0
1614-195,244.362888,-19.692226,863,0.1790,0
1616+519,244.435096,51.848396,177,0.4171,0
1610-771,244.455318,-77.288463,5861,0.0525,0
1615+029,244.457950,2.778640,3411,0.0654,0
1617+306,244.760391,30.514330,308,0.3706,0
1616+063,244.765365,6.217290,7876,0.0492,0
1617+229,244.811769,22.796625,24520,0.0446,0
1616-181,244.819505,-18.289361,550,0.1376,0
1618+530,244.926620,52.937055,468,0.1871,0
1619+491,245.130105,49.031460,494,0.1342,0
1617-195,245.181523,-19.666389,272,1.2086,0
1618-399,245.498706,-40.059580,243,0.3915,0
1620+145,245.641649,14.439055,557,0.2002,0
1622+665,245.768840,66.400300,541,0.1080,0
1621+392,245.781760,39.159003,415,0.2097,0
1621+013,245.930221,1.254622,422,0.3844,0
1621+078,245.992716,7.691820,438,0.1558,0
1621+058,246.032225,5.723401,475,0.1853,0
1619-680,246.076821,-68.153471,1595,0.0613,1
1621-300,246.092922,-30.214501,171,0.3967,0
1621-351,246.093549,-35.275335,259,0.3673,0
1623+578,246.103365,57.687856,16474,0.0462,1
1623+569,246.134081,56.874445,496,0.1250,0
1621-067,246.137195,-6.830452,679,0.1852,0
1622+238,246.162849,23.753395,119,0.8957,0
1621-321,246.248415,-32.223455,294,0.3244,0
1622-253,246.445382,-25.460646,57995,0.0436,0
1624+438,246.472113,43.787178,257,0.2295,0
1622-310,246.481266,-31.135716,281,0.2903,0
1624+416,246.490290,41.577953,1477,0.0704,0
1622-297,246.525087,-29.857492,2160,0.0645,0
1625+582,246.655152,58.154907,465,0.1313,0
1623-243,246.750026,-24.444573,291,0.4132,0
1626+229,247.063499,22.799255,392,0.2963,0
1626+165,247.083216,16.452067,178,0.8902,0
1630+772,247.137716,77.113869,428,0.2121,0
1627+476,247.156271,47.569562,338,0.3967,0
1626+396,247.159353,39.551176,349,0.3694,0
1625-141,247.194249,-14.261635,307,0.2299,0
1626-005,247.201949,-0.694362,411,0.3536,0
1624-617,247.227874,-61.876777,1121,0.0719,1
1626-203,247.262626,-20.448639,302,1.2590,0
1626-172,247.319871,-17.345211,470,0.1876,0
1629+680,247.465992,67.954162,302,0.2806,0
1628+216,247.546794,21.526197,414,0.1748,0
1627-118,247.644632,-11.954161,290,0.4776,0
1628+071,247.674239,7.019196,495,0.1398,0
1628+003,247.731042,0.260996,431,0.3555,0
1629+439,247.804319,43.811487,271,0.1679,0
1629+495,247.818916,49.460976,509,0.0970,0
1629-228,248.128171,-22.982408,348,0.2076,0
1637+826,248.133208,82.537889,19772,0.0450,0
1629-458,248.194816,-45.967147,84,2.0592,0
1630-107,248.208791,-10.875555,368,0.2988,0
1630-004,248.240338,-0.555853,364,0.2831,0
1630+163,248.242111,16.265850,604,0.1532,0
1633+651,248.365651,65.011783,455,0.1771,0
1630-258,248.370378,-25.959855,490,0.1852,0
1632+321,248.553291,32.059840,579,0.2153,0
1631-208,248.626349,-20.973872,564,0.1603,0
1634+628,248.640860,62.759971,286,0.7266,0
1633+382,248.814554,38.134584,24483,0.0447,0
1632-188,248.878047,-18.993754,228,1.4471,0
1634+600,248.906870,59.920855,482,0.1171,0
1634+604,248.906896,60.332431,451,0.2148,0
1633+186,248.913159,18.517694,361,0.3132,0
1633-131,249.066087,-13.259082,350,0.2981,0
1634+213,249.159098,21.215443,651,0.1402,0
1633-409,249.230731,-41.033475,149,1.4487,0
1634-330,249.402233,-33.151345,271,0.4431,0
1636+473,249.438044,47.292731,21873,0.0446,1
1637+574,249.556068,57.339994,14717,0.0453,0
1635-035,249.580217,-3.668080,665,0.1449,0
1637+626,249.617604,62.578975,192,1.3556,0
1635-141,249.688687,-14.263955,404,0.2122,0
1636+118,249.776967,11.735747,189,1.0201,0
1654+866,249.854229,86.531426,366,0.3039,0
1638+540,249.916013,53.963088,562,0.1073,0
1637+166,249.925571,16.539377,425,0.2515,0
1637-001,250.044109,-0.196540,343,0.1610,0
1638+398,250.123470,39.779452,161124,0.0430,0
1637-373,250.171197,-37.457642,126,3.4929,0
1638+124,250.199745,12.333911,546,0.1210,0
1638+118,250.245386,11.734503,455,0.1871,0
1639+230,250.355115,22.951120,33809,0.0441,0
1641+701,250.375982,70.052884,59,0.5737,0
1639-062,250.509074,-6.356582,64805,0.0432,1
1639-200,250.522045,-20.123569,714,0.1268,0
1642+690,250.532702,68.944377,21839,0.0440,1
1642+670,250.591364,66.930414,260,0.8163,0
1640+254,250.668383,25.385467,685,0.0882,0
1633-810,250.738940,-81.143075,260,0.1379,0
1641+399,250.745042,39.810276,45863,0.0467,0
1639-287,250.747388,-28.832762,242,0.6968,0
1641+324,250.754419,32.351127,127,0.4582,0
1640-039,250.860507,-4.048263,601,0.1388,0
1640-231,250.889127,-23.268850,420,0.2029,0
1640-166,250.944380,-16.763191,318,0.1408,0
1641+076,250.946231,7.538166,367,0.2119,0
1641+173,250.952499,17.263731,276,0.1490,0
1641-031,251.044100,-3.224930,152,0.2907,0
1637-771,251.067167,-77.263559,56,0.4239,0
1641+074,251.068041,7.342711,510,0.1902,0
1641-179,251.148945,-18.075683,256,0.2564,0
1642-076,251.216910,-7.728660,592,0.1406,0
1642+183,251.218468,18.221455,381,0.2418,0
1642+054,251.233678,5.310293,203,0.2365,0
1642+256,251.246087,25.608497,536,0.1200,0
1642-332,251.319723,-33.304935,136,0.6275,0
1645+635,251.493970,63.503034,622,0.0840,0
1643+007,251.529051,0.707578,535,0.1739,0
1647+744,251.563219,74.319742,285,0.7590,0
1645+410,251.736911,40.988103,474,0.0981,0
1644-032,251.846876,-3.289058,153,1.3400,0
1645+271,251.889993,27.099526,623,0.1385,0
1646+499,251.895466,49.833497,418,0.1426,0
1642-645,251.907256,-64.633408,218,0.1259,0
1645+174,251.924331,17.336628,259,0.2530,0
1644-193,251.974076,-19.438735,331,0.3348,0
1644-291,251.991145,-29.212349,343,0.2246,0
1645+224,252.006398,22.409208,3290,0.0547,0
1646+217,252.071122,21.684975,320,0.5264,0
1646+411,252.121908,41.068209,442,0.1076,0
1645-329,252.176463,-33.030259,351,0.2006,0
1645-262,252.267981,-26.335726,401,0.2781,0
1648+526,252.354131,52.587499,121,0.2387,0
1646+042,252.365331,4.201108,541,0.1350,0
1651+747,252.420640,74.712395,503,0.1916,0
1647+065,252.460381,6.448180,472,0.1335,0
1648+417,252.522834,41.675674,189,0.3219,0
1646-506,252.569279,-50.746725,193,0.2167,0
1648+084,252.656511,8.414509,382,0.1219,0
1647-127,252.658477,-12.814873,433,0.2348,0
1647-296,252.664767,-29.729710,5610,0.0519,1
1648+015,252.765260,1.489849,525,0.1269,0
1650+581,252.845273,58.095123,61,4.4239,0
1649+401,252.906359,40.038603,337,0.3878,0
1649+216,252.907684,21.590182,426,0.2205,0
1649+063,253.005834,6.315376,450,0.1154,0
1651+391,253.243790,39.047173,6673,0.0467,0
1651+312,253.374628,31.132465,416,0.1095,0
1650-157,253.392527,-15.858302,472,0.1379,0
1652+398,253.467570,39.760169,12106,0.0463,0
1652-184,253.763361,-18.525288,391,0.1976,0
1653+426,253.828312,42.561062,496,0.1535,0
1653+198,253.931531,19.813086,429,0.3164,0
1653-329,254.070255,-33.036332,296,0.5503,0
1654+185,254.142038,18.440652,348,0.1769,0
1655+534,254.165101,53.363547,438,0.2186,0
1656+602,254.201021,60.204565,499,0.1123,0
1654-020,254.233826,-2.113755,328,0.2133,0
1656+571,254.336287,57.098195,524,0.0926,0
1654-199,254.388895,-20.076384,467,0.2631,0
1656+482,254.445329,48.142511,602,0.0914,0
1656+348,254.505913,34.724556,760,0.1096,0
1656+477,254.511582,47.630342,1875,0.0609,0
1655+077,254.537548,7.690983,1781,0.0629,0
1656+053,254.639364,5.254568,2251,0.0716,0
1656-075,254.683592,-7.654915,8813,0.0516,0
1655-147,254.708978,-14.858146,307,0.7422,0
1657+265,254.850623,26.493595,597,0.0978,0
1657+022,254.937489,2.218623,444,0.2031,0
1700+685,255.038720,68.501933,429,0.0963,0
1657+054,255.099817,5.378915,530,0.1426,0
1657-261,255.221475,-26.181035,44546,0.0439,1
1657-298,255.291094,-29.911244,79,4.8511,0
1658+037,255.339076,3.647549,589,0.1531,0
1659+399,255.352645,39.910303,3531,0.0589,1
1658-189,255.362059,-19.058770,331,0.1988,0
1657-562,255.436909,-56.365528,1022,0.0771,0
1659-241,255.559343,-24.252429,298,0.3990,0
1700+151,255.590492,15.035022,482,0.2407,0
1700+320,255.635875,31.964545,260,1.0648,0
1701+145,255.850321,14.506001,102,2.5552,0
1659-621,255.902255,-62.211113,835,0.0723,0
1701-132,256.021195,-13.276177,359,0.1611,0
1701+016,256.031205,1.569021,436,0.2349,0
1705+717,256.195738,71.638224,321,0.5731,0
1701-246,256.255343,-24.752710,239,0.7018,0
1707+779,256.355162,77.933693,518,0.2632,0
1704+512,256.360057,51.159832,353,0.1680,0
1702-285,256.406271,-28.636153,214,0.3341,0
1704+122,256.585406,12.149943,599,0.1736,0
1704+099,256.653031,9.899899,585,0.1605,0
1704-178,256.819130,-17.937820,266,0.6796,0
1705+456,256.823973,45.602931,1375,0.0713,0
1704-141,256.834961,-14.256424,285,0.1531,0
1705+168,256.881452,16.812420,283,0.2073,0
1705+114,256.885334,11.366863,362,0.1621,0
1705+018,256.893397,1.812694,25962,0.0443,1
1705+135,256.940155,13.518120,528,0.1108,0
1705+188,256.973948,18.777506,418,0.1574,0
1706+338,257.005214,33.779549,483,0.2259,0
1706+006,257.186031,0.585976,547,0.1660,0
1706-259,257.308422,-25.965084,92,1.9316,0
1705-353,257.327776,-35.422834,204,1.0141,0
1706-223,257.367864,-22.447372,134,1.1543,0
1706-174,257.393106,-17.481490,5609,0.0555,1
1708+433,257.421194,43.312370,674,0.0931,0
1707-038,257.571689,-3.930591,483,0.1734,0
1708-142,257.745175,-14.267548,280,0.4643,0
1709+303,257.833004,30.321628,60,3.0518,0
1707-376,257.835473,-37.737745,149,1.2831,0
1708-250,257.846259,-25.150434,953,0.1296,0
1710+542,257.918770,54.195871,481,0.1253,0
1708-335,257.954138,-33.644741,192,1.7663,0
1709-182,258.132072,-18.334102,482,0.1716,0
1710+113,258.259763,11.284855,249,0.2015,0
1710-082,258.275189,-8.283215,56,8.6010,0
1709-342,258.291423,-34.308175,225,0.8977,0
1710-269,258.380315,-26.981257,629,0.1323,0
1712+493,258.396448,49.275705,592,0.1270,0
1710-323,258.461626,-32.436725,374,0.2923,0
1711-208,258.635471,-20.898414,566,0.2503,0
1711-209,258.667758,-21.011487,327,0.3863,0
1711-251,258.699370,-25.243098,24,28.7129,0
1712-059,258.735724,-5.972387,346,0.1504,0
1713+218,258.828622,21.772493,394,0.1709,0
1713-166,259.031322,-16.711693,224,0.5233,0
1713-191,259.041160,-19.159402,284,0.8909,0
1714+219,259.046628,21.870463,425,0.1649,0
1716+686,259.058075,68.610763,555,0.0946,0
1713-048,259.110367,-4.869985,667,0.1179,0
1714+231,259.223568,23.098144,426,0.3366,0
1714+193,259.254858,19.294627,457,0.1531,0
1715+425,259.330040,42.449957,187,0.3182,0
1714-336,259.400122,-33.702452,156,1.1909,0
1714-397,259.410829,-39.814629,46,5.3880,0
1715-112,259.562284,-11.345827,338,0.2609,0
1715-287,259.705749,-28.844750,299,0.3966,0
1716-142,259.758416,-14.338614,426,0.1575,0
1716+070,259.795556,6.971041,658,0.1254,0
1717+178,259.804369,17.751788,8596,0.0476,1
1717+490,259.810386,48.980396,399,0.1513,0
1718+481,259.909373,48.070069,179,0.8469,0
1717+083,259.967526,8.284321,707,0.1139,0
1718+384,260.043062,38.432268,537,0.1217,0
1717-229,260.181487,-22.973566,397,0.5077,0
1717-236,260.224163,-23.660953,95,2.0890,0
1718-084,260.248692,-8.538144,303,0.2485,0
1719+357,260.289546,35.704462,561,0.1495,0
1718-164,260.394399,-16.482092,311,0.2100,0
1717-618,260.412569,-61.911950,26,0.6207,0
1718-259,260.483246,-25.977970,1378,0.2068,1
1719-050,260.514744,-5.056946,358,0.1624,0
1719-145,260.557709,-14.583453,267,0.2401,0
1721+589,260.653028,58.939517,384,0.1302,0
1722+611,260.666914,61.099941,415,0.1262,0
1720+282,260.675673,28.250021,737,0.1079,0
1720+102,260.685762,10.226604,488,0.1311,0
1720+250,260.720792,24.976303,553,0.1560,0
1723+658,260.808909,65.796161,467,0.1369,0
1721+343,260.836650,34.299435,465,0.2250,0
1722+526,260.915610,52.613443,390,0.1490,0
1718-649,260.920956,-65.010170,192,0.1498,0
1726+769,260.997688,76.886542,595,0.1142,0
1722+401,261.022620,40.076794,383,0.0974,0
1722+330,261.059158,33.051094,2753,0.0612,0
1722+168,261.089167,16.805268,286,0.2890,0
1721+024,261.120813,2.413520,244,0.7395,0
1724+609,261.172563,60.932146,395,0.1498,0
1721-146,261.195694,-14.733267,415,0.1534,0
1722+119,261.268087,11.870964,531,0.1872,0
1727+771,261.373564,77.134782,537,0.1487,0
1724+589,261.395924,58.861110,363,0.2558,0
1722-205,261.458596,-20.611945,58,2.4551,0
1728+774,261.461032,77.439937,269,0.6988,0
1723+051,261.603264,5.078521,368,0.2112,0
1724+322,261.646353,32.223062,493,0.1094,0
1724+066,261.687272,6.655142,460,0.1591,0
1722-554,261.706778,-55.494574,54,0.8966,0
1722-644,261.740943,-64.464641,37,0.8067,0
1723-229,261.745436,-22.967096,502,0.1461,0
1724-198,261.833235,-19.862961,324,0.3261,0
1726+552,261.847789,55.181538,600,0.1126,0
1726+455,261.865212,45.511036,93378,0.0431,0
1725+123,262.029380,12.260968,8179,0.0477,0
1727+502,262.077600,50.219575,471,0.1660,0
1725+044,262.103970,4.451365,3275,0.0550,1
1726-038,262.209313,-3.847343,624,0.1640,0
1727+386,262.246423,38.640680,514,0.1124,0
1726-269,262.284235,-26.964096,401,0.5855,0
1733+796,262.437693,79.586000,429,0.1381,0
1727-052,262.637816,-5.252242,515,0.3363,0
1728+004,262.645831,0.410748,674,0.1130,0
1729+372,262.696020,37.248648,234,0.3579,0
1730+604,262.719639,60.421312,409,0.2248,0
1730-130,263.261274,-13.080430,35639,0.0445,1
1729-373,263.313305,-37.375666,194,0.5893,0
1725-795,263.419584,-79.598810,514,0.0896,0
1732+389,263.585744,38.964290,27623,0.0443,0
1732+094,263.743237,9.449517,284,0.1611,0
1732+081,263.793523,8.141962,471,0.1310,0
1732-059,263.861601,-5.997281,407,0.2615,0
1734+363,263.950361,36.279337,582,0.1053,0
1734+508,263.954188,50.819879,666,0.0946,0
1734+065,264.119099,6.529869,527,0.1522,0
1733-197,264.176179,-19.742792,425,0.4034,0
1733-339,264.240936,-34.008459,140,2.8776,0
1734-228,264.258474,-22.865387,361,0.4544,0
1734+063,264.307204,6.350992,408,0.1086,0
1732-593,264.331969,-59.361637,58,0.3049,0
1733-565,264.399043,-56.567544,20,3.7198,0
1735-162,264.476510,-16.255642,116,0.9587,0
1735-150,264.548481,-15.050165,344,0.1984,0
1736+324,264.668758,32.402507,2579,0.0656,0
1738+499,264.864127,49.917602,5124,0.0513,0
1737+339,264.897344,33.968943,556,0.2023,0
1737+227,264.908823,22.675293,106,0.3333,0
1738+476,264.988038,47.632878,6651,0.0491,0
1737-081,265.006526,-8.187439,1514,0.0750,1
1737+222,265.024429,22.183604,473,0.1085,0
1738+451,265.026553,45.113992,510,0.1384,0
1738+197,265.112377,19.722133,471,0.1523,0
1739+522,265.154074,52.195391,207966,0.0430,0
1738+032,265.154996,3.196622,419,0.2730,0
1739+438,265.203961,43.804486,588,0.1148,0
1742+724,265.345241,72.414436,499,0.2808,0
1740+478,265.395091,47.859038,502,0.1273,0
1738-336,265.515372,-33.692893,90,2.7024,0
1739-152,265.548595,-15.291433,399,0.1812,0
1741+597,265.633334,59.751870,576,0.1475,0
1740-190,265.748121,-19.052378,448,0.3991,0
1740+134,265.764550,13.443365,48,2.1378,0
1740-169,265.775910,-16.971102,453,0.1804,0
1740-309,265.824530,-30.971849,35,5.2390,0
1742+378,265.948526,37.798286,502,0.1090,0
1741+279,265.985156,27.880652,508,0.1286,0
1741+196,265.990969,19.585839,441,0.1689,0
1741-038,265.995234,-3.834616,318839,0.0429,1
1741-312,266.098243,-31.276748,29,3.5669,0
1742+402,266.104566,40.246706,324,0.3270,0
1740-517,266.106062,-51.745484,124,0.3582,0
1742-088,266.198341,-8.820647,395,0.2707,0
1744+557,266.235863,55.704767,1298,0.0773,0
1742+228,266.269454,22.880021,411,0.1769,0
1742-078,266.362937,-7.884430,738,0.1087,0
1743+173,266.396701,17.333729,4994,0.0491,0
1745+670,266.476491,67.063694,637,0.1345,0
1743+182,266.483031,18.247338,475,0.1658,0
1745+643,266.527825,64.363794,379,0.2286,0
1745+624,266.558476,62.448538,34887,0.0438,1
1744+260,266.701162,26.055654,510,0.1753,0
1744+114,266.736945,11.455063,253,0.2638,0
1745+280,266.801787,27.994395,147,0.1835,0
1743-548,266.851813,-54.839327,117,0.2034,0
1746+470,266.861030,46.980813,12621,0.0463,1
1745+030,266.913813,3.080497,81,1.4253,0
1745+234,266.958536,23.411024,115,0.4077,0
1746+340,267.024249,34.066995,555,0.1127,0
1745+085,267.026085,8.538690,324,0.2727,0
1749+701,267.136835,70.097436,2190,0.0567,0
1745-235,267.162402,-23.588994,86,2.8074,0
1747+433,267.251502,43.364246,537,0.0940,0
1746+197,267.272807,19.735788,476,0.1625,0
1750+472,267.881803,47.222918,258,0.8252,0
1749+096,267.886744,9.650202,279797,0.0428,1
1748-198,267.922266,-19.846529,232,0.6960,0
1749+293,267.927850,29.347278,594,0.1107,0
1748-253,267.963594,-25.400018,273,0.7115,0
1753+731,268.048719,73.189040,408,0.1634,0
1749+062,268.061120,6.196710,465,0.1525,0
1749-300,268.128959,-30.018523,114,1.2636,0
1749-299,268.137950,-29.945810,192,1.2248,0
1749-101,268.154059,-10.195759,316,0.2534,0
1750+175,268.191679,17.572319,631,0.1179,0
1750-195,268.250189,-19.577440,247,0.8646,0
1751+278,268.255608,27.849727,122,0.4047,0
1750-187,268.287869,-18.727367,448,0.2866,0
1751+441,268.344366,44.162691,1894,0.0642,0
1751+288,268.426974,28.801372,186150,0.0429,1
1753+648,268.531625,64.867397,438,0.1622,0
1751+050,268.573016,4.994333,282,0.3995,0
1751-169,268.663897,-16.967150,264,0.6109,0
1751-305,268.736535,-30.528923,115,1.6461,0
1753+338,268.796854,33.849944,299,0.3499,0
1752-225,268.859519,-22.536282,217,0.6208,0
1753+204,268.898004,20.399205,1647,0.0793,1
1755+626,268.951815,62.612258,145,2.4899,0
1753+049,268.963132,4.914605,392,0.3437,0
1753+183,268.999092,18.338241,306,0.2656,0
1755+578,269.015118,57.813333,381,0.1695,0
1754+292,269.021881,29.237794,478,0.1799,0
1753-144,269.107760,-14.452657,260,0.3989,0
1754+159,269.140523,15.895509,500,0.1081,0
1754+155,269.221259,15.589118,10298,0.0478,1
1753-418,269.315298,-41.821856,255,0.4437,0
1756+479,269.368099,47.956784,275,0.1879,0
1759+756,269.443162,75.654494,553,0.1218,0
1755+055,269.495105,5.530007,478,0.4126,0
1755-237,269.595907,-23.720031,22,6.6830,0
1756+061,269.642157,6.175824,567,0.1869,0
1755-179,269.679610,-17.963741,188,0.7430,0
1755-483,269.743572,-48.353479,48,0.4539,0
1756+237,269.751492,23.729709,393,0.1592,0
1757-150,269.988528,-15.096986,207,1.8035,0
1758+388,270.103189,38.808527,13523,0.0452,1
1803+784,270.190350,78.467783,406331,0.0429,0
1758+046,270.267674,4.638390,585,0.1587,0
1800+440,270.384645,44.072750,13371,0.0454,0
1801+459,270.604761,45.959621,474,0.1690,0
1759-396,270.677834,-39.668863,19494,0.0465,1
1800-045,270.789281,-4.550778,372,0.3626,0
1800-278,270.820801,-27.803882,262,0.4513,0
1758-651,270.847903,-65.126878,5321,0.0505,0
1801+095,270.890216,9.573864,603,0.2091,0
1805+760,270.899255,76.019137,475,0.1978,0
1801+036,270.984510,3.685446,498,0.1724,0
1800-302,271.028620,-30.293198,160,3.2268,0
1801+010,271.066602,1.025669,455,0.2192,0
1801-077,271.129472,-7.788782,279,0.9474,0
1802-046,271.379648,-4.636034,224,1.1039,0
1802-141,271.380156,-14.145746,249,0.8116,0
1802-381,271.423534,-38.095702,227,0.9566,0
1803+172,271.447651,17.248867,507,0.1350,0
1805+616,271.583108,61.688425,600,0.1034,0
1803-373,271.693784,-37.376366,225,0.2995,0
1807+698,271.711169,69.824475,226613,0.0429,0
1805+310,271.882326,31.105994,372,0.1377,0
1805+220,271.911692,22.082337,398,0.1579,0
1804-251,271.919532,-25.107207,256,0.5660,0
1805+054,271.957701,5.472119,234,0.8292,0
1803-642,271.975136,-64.230587,155,0.1556,0
1804-502,272.057648,-50.198226,127,0.2325,0
1806+456,272.091191,45.705796,48128,0.0435,0
1805-183,272.231315,-18.381498,15,4.1050,0
1807+279,272.299911,27.969944,475,0.1199,0
1806-458,272.491132,-45.878059,1065,0.0961,1
1809+568,272.513829,56.823047,483,0.0950,0
1808+161,272.709045,16.139102,24,3.1796,0
1809+170,272.929931,17.082572,620,0.1175,0
1810+522,272.987831,52.240766,119,1.2896,0
1809-315,273.064973,-31.549102,115,3.9361,0
1809-286,273.167468,-28.607484,349,0.3291,0
1810-068,273.212278,-6.807024,268,0.3176,0
1812+560,273.240290,56.063667,508,0.1044,0
1811+430,273.311206,43.071021,466,0.1448,0
1811+062,273.389215,6.261676,487,0.1294,0
1811+317,273.396678,31.738228,233,0.2915,0
1811+298,273.405278,29.877186,415,0.1997,0
1811+093,273.576108,9.347986,370,0.1560,0
1812+412,273.594609,41.218225,351,0.1446,0
1813+163,273.811894,16.396193,566,0.1480,0
1815+614,273.903301,61.453235,641,0.1112,0
1813+031,274.021683,3.152410,303,0.3827,0
1814+349,274.099588,34.962708,303,0.5232,0
1810-745,274.166993,-74.485374,75,0.2001,0
1815+531,274.237795,53.129028,365,0.1316,0
1815+034,274.412960,3.482690,242,0.9021,0
1815-111,274.580475,-11.146755,132,0.7186,0
1817+502,274.627164,50.288818,392,0.1472,0
1816+090,274.666925,9.062839,151,0.2101,0
1818+551,274.792023,55.185709,439,0.2006,0
1816-029,274.822537,-2.968852,315,0.3084,0
1817+387,274.860614,38.750496,579,0.1157,0
1814-637,274.895846,-63.763392,40,0.6583,0
1816-206,274.903731,-20.608771,190,1.8382,0
1817+157,274.909539,15.729091,475,0.2317,0
1815-553,274.939165,-55.355763,2378,0.0661,1
1817-254,275.241036,-25.470162,1300,0.1070,0
1818-050,275.299206,-5.038913,273,0.3023,0
1822+682,275.497882,68.311947,438,0.1154,0
1820+397,275.498753,39.766571,280,0.4470,0
1828+829,275.512742,82.955743,503,0.1554,0
1819+159,275.541537,16.004123,382,0.1491,0
1826+796,275.808784,79.646945,975,0.0992,0
1820-274,275.831883,-27.440669,127,3.8954,0
1823+689,275.886891,68.964615,4715,0.0517,1
1821+107,276.011897,10.739937,3317,0.0688,0
1821+114,276.016450,11.460473,413,0.1815,0
1823+568,276.029452,56.850414,25282,0.0443,0
1822+033,276.133609,3.368316,351,0.3214,0
1822+012,276.200598,1.326167,666,0.1155,0
1821-327,276.233045,-32.716211,209,0.3872,0
1822+062,276.246169,6.230719,61,2.7123,0
1821-525,276.307539,-52.516190,51,0.3598,0
1822-173,276.402218,-17.313846,281,0.3815,0
1822-076,276.406706,-7.625004,270,0.3075,0
1824+578,276.423328,57.884989,320,0.2780,0
1822-368,276.533895,-36.847146,237,0.2817,0
1824+185,276.573793,18.531359,255,0.2962,0
1823-294,276.585830,-29.406931,430,0.1955,0
1823+017,276.604421,1.827811,396,0.1545,0
1826+670,276.656409,67.112421,181,0.4474,0
1825+344,276.749928,34.520589,511,0.1395,0
1823-455,276.792659,-45.552769,150,0.4950,0
1825+266,276.833894,26.640042,351,0.1858,0
1825-041,276.937669,-4.095715,477,0.3078,0
1825+269,276.980937,26.968311,411,0.2175,0
1827+645,277.041074,64.571120,307,0.5151,0
1825-214,277.081196,-21.394103,261,0.6401,0
1826+264,277.127669,26.444330,225,0.1545,0
1826+083,277.135055,8.336356,252,0.5676,0
1825-055,277.167305,-5.514129,262,0.7605,0
1825-307,277.180900,-30.737115,10,11.1513,0
1824-582,277.301677,-58.231989,807,0.0791,0
1826+052,277.338586,5.303652,258,0.2846,0
1826-391,277.370430,-39.066773,208,0.4883,0
1828+487,277.382421,48.746156,514,0.0863,0
1828+399,277.485501,39.959640,531,0.1042,0
1827+133,277.503178,13.403982,130,0.2480,0
1826-447,277.503624,-44.686577,208,0.4639,0
1827+062,277.524749,6.321098,408,0.1181,0
1827-272,277.750187,-27.235050,562,0.2018,0
1829+290,277.811915,29.119526,257,0.5177,0
1829+219,277.828716,22.003426,323,0.4919,0
1828-187,277.846424,-18.726346,231,1.4283,0
1828-230,277.905296,-22.991190,356,0.2616,0
1836+807,278.020868,80.828272,331,0.5176,0
1829-207,278.046027,-20.663390,336,0.2962,0
1829-106,278.086825,-10.586453,24,3.3841,0
1832+687,278.148012,68.801985,278,0.7533,0
1830+012,278.167057,1.304576,346,0.2373,0
1830+074,278.174954,7.531980,505,0.1317,0
1830+139,278.181130,13.962333,621,0.1216,0
1830+285,278.209107,28.559988,1560,0.0745,0
1830+011,278.282337,1.259806,465,0.1317,0
1832+474,278.361479,47.446172,228,0.2965,0
1832+208,278.550597,20.861344,267,0.5614,0
1831-030,278.558644,-3.022119,271,0.3837,0
1832+315,278.575604,31.606795,126,0.1444,0
1831-126,278.580043,-12.628004,37,7.7403,0
1831+050,278.613798,5.101101,506,0.1661,0
1830-589,278.614468,-58.943409,64,0.5876,0
1831-237,278.676190,-23.699908,251,0.4002,0
1828-733,278.721658,-73.253982,18,0.9280,0
1833+326,278.764123,32.696349,562,0.1764,0
1832-113,278.831566,-11.266476,240,0.8786,0
1834+612,278.831980,61.327782,946,0.0754,0
1829-718,278.905016,-71.832838,9,7.9712,0
1833+240,278.942802,24.130786,671,0.1483,0
1833+250,278.993230,25.112613,266,0.4832,0
1833+087,279.048851,8.771745,583,0.2880,0
1834+315,279.088501,31.607425,128,0.2673,0
1831-693,279.273183,-69.292592,9,1.6249,0
1834-333,279.352119,-33.319100,215,0.3589,0
1831-711,279.369646,-71.145432,2407,0.0562,1
1834-155,279.406966,-15.545568,132,2.7229,0
1834-219,279.481012,-21.954780,294,0.9836,0
1835+064,279.595467,6.469087,436,0.2125,0
1835-345,279.618737,-34.461599,301,0.3731,0
1836+328,279.656930,32.897510,274,0.2958,0
1835-186,279.657048,-18.565350,335,0.2382,0
1835-189,279.687956,-18.891861,131,1.6335,0
1836+040,279.703454,4.073519,411,0.1498,0
1837+479,279.704813,48.042854,254,0.4825,0
1836+094,279.728480,9.457749,511,0.1578,0
1838+575,279.744008,57.594246,422,0.2187,0
1835-293,279.765013,-29.346840,289,0.3146,0
1837+409,279.774182,41.016415,491,0.1885,0
1838+249,280.014345,24.961448,537,0.1730,0
1838+314,280.094891,31.476309,276,0.1819,0
1837-271,280.108345,-27.066538,318,0.7156,0
1839+389,280.238143,39.012701,421,0.1213,0
1839+548,280.239070,54.871086,501,0.1419,0
1839+371,280.312871,37.197613,210,0.2323,0
1839+291,280.340500,29.161397,203,0.3738,0
1845+797,280.537458,79.771425,1004,0.0875,0
1842+681,280.640174,68.157008,10942,0.0456,0
1841+447,280.782989,44.830978,507,0.1844,0
1839-486,280.810909,-48.606445,12,1.5041,0
1841+323,280.871907,32.424321,383,0.2550,0
1841+131,281.030260,13.207789,457,0.1730,0
1841+116,281.075075,11.673449,354,0.4347,0
1842+161,281.177536,16.236409,239,0.2473,0
1841-205,281.187974,-20.495612,279,0.8405,0
1842-134,281.209507,-13.412333,296,0.6504,0
1842+015,281.212351,1.621542,230,1.3150,0
1843+400,281.296381,40.130994,492,0.1574,0
1843+356,281.396287,35.687980,443,0.1200,0
1843+098,281.406670,9.895834,179,0.2145,0
1842-220,281.416262,-22.010161,301,0.2777,0
1842-289,281.464035,-28.877855,597,0.1147,0
1843-001,281.515760,-0.060626,194,1.2121,0
1843+205,281.518122,20.602875,488,0.3955,0
1843-069,281.526252,-6.857707,248,0.7167,0
1844+081,281.802752,8.176497,491,0.1273,0
1844-164,281.849699,-16.383986,137,0.6974,0
1846+322,282.092036,32.317390,88638,0.0432,1
1846+326,282.143171,32.733372,571,0.1273,0
1846+214,282.152098,21.532919,369,0.4560,0
1845-273,282.197934,-27.305020,460,0.1626,0
1849+670,282.316968,67.094911,89011,0.0431,1
1846-168,282.331108,-16.789950,18,10.0575,0
1847+303,282.333764,30.403955,557,0.1305,0
1847+277,282.382227,27.800201,341,0.2632,0
1849+499,282.592668,49.989291,361,0.1947,0
1848+283,282.614958,28.420321,618,0.0944,0
1847-259,282.712961,-25.928526,299,0.3874,0
1848-399,282.894374,-39.847256,94,3.2956,0
1849+005,282.944682,0.592321,25,9.6873,0
1851+609,282.968170,61.010772,612,0.1275,0
1851+488,283.118949,48.929856,6476,0.0482,0
1850+402,283.126552,40.318502,441,0.1182,0
1849-246,283.199227,-24.562000,240,0.6995,0
1850+143,283.210752,14.444361,422,0.2314,0
1849-365,283.324667,-36.478380,274,0.6284,0
1851+331,283.361613,33.182259,495,0.1593,0
1851+236,283.365117,23.743203,592,0.1855,0
1852+537,283.378039,53.805190,79,1.9211,0
1851-157,283.518050,-15.653667,382,0.2805,0
1851-162,283.568610,-16.194062,276,0.3002,0
1856+737,283.738750,73.855530,1064,0.0661,0
1853+376,283.865445,37.715824,525,0.1980,0
1853+027,283.897652,2.855434,259,0.5367,0
1852-275,283.901081,-27.452097,291,0.9696,0
1853-122,283.976856,-12.166102,580,0.2434,0
1853-179,283.984911,-17.911927,290,0.4973,0
1854+061,284.132662,6.171324,223,0.5228,0
1853-226,284.151931,-22.604645,347,0.3109,0
1852-534,284.251885,-53.416772,111,0.4599,0
1854-210,284.315315,-20.974669,357,0.2454,0
1855+163,284.356648,16.415511,472,0.1720,0
1855+031,284.509803,3.221195,139,0.7822,0
1855-252,284.579491,-25.180754,474,0.1983,0
1856-252,284.770992,-25.163086,532,0.1239,0
1857-014,284.918222,-1.363434,304,0.6749,0
1858+273,285.144489,27.375254,526,0.1771,0
1858+269,285.202141,27.032659,457,0.1403,0
1858-212,285.268558,-21.200324,395,0.1996,0
1858-177,285.275105,-17.644757,318,0.2179,0
1915+863,285.293117,86.398299,233,1.4019,0
1858-255,285.383860,-25.470619,485,0.1943,0
1858-143,285.442278,-14.274079,47,10.3621,0
1859-050,285.610654,-4.967320,262,0.6036,0
1901+319,285.733079,31.994917,3575,0.0555,0
1902+556,285.798364,55.677347,683,0.1517,0
1901+016,285.971097,1.757308,285,0.3290,0
1901+155,286.059838,15.610681,343,0.1488,0
1902-257,286.299935,-25.634314,391,0.1465,0
1902-119,286.369116,-11.892337,381,0.1972,0
1903+196,286.401967,19.718901,561,0.1428,0
1903+097,286.416246,9.869002,310,0.2713,0
1904+013,286.799984,1.452489,372,0.2392,0
1905+222,287.025878,22.376152,936,0.1132,0
1905-297,287.122639,-29.704706,343,0.2153,0
1905-252,287.201830,-25.158159,335,0.7437,0
1907+425,287.206486,42.591361,363,0.3487,0
1911+781,287.329002,78.224961,235,1.6376,0
1906-217,287.438144,-21.659833,581,0.1107,0
1908+484,287.444011,48.575506,1463,0.0997,1
1907-248,287.564624,-24.795935,280,0.1713,0
1909+479,287.642479,48.036618,388,0.2186,0
1907-192,287.651046,-19.191939,406,0.7945,0
1908+230,287.688030,23.099614,341,0.3395,0
1907-224,287.739821,-22.391478,450,0.1801,0
1908-201,287.790220,-20.115308,44811,0.0444,1
1909+268,287.896156,26.970490,377,0.1402,0
1908-211,287.974739,-21.045501,492,0.1331,0
1909-194,287.985497,-19.364156,495,0.2004,0
1909+161,287.992739,16.196351,15433,0.0462,1
1909-081,288.029703,-8.072751,456,0.2318,0
1909-151,288.049749,-15.082651,479,0.1660,0
1910+375,288.104682,37.676846,478,0.1165,0
1909-124,288.122977,-12.383566,418,0.1633,0
1903-802,288.166746,-80.168318,246,0.1085,0
1910+052,288.226074,5.300117,273,0.3413,0
1910-365,288.337039,-36.505397,276,0.2951,0
1911-019,288.413023,-1.863066,272,1.2605,0
1910-451,288.443795,-45.053214,259,0.2312,0
1910-298,288.515142,-29.795770,456,0.1403,0
1911+165,288.560248,16.610841,383,0.1691,0
1911+013,288.560639,1.407307,366,0.2434,0
1911-259,288.740279,-25.867104,398,0.1497,0
1915+657,288.849246,65.812886,683,0.1261,0
1913-272,289.082761,-27.142294,536,0.1726,0
1914-154,289.218796,-15.316687,467,0.1669,0
1914-212,289.286018,-21.175212,349,0.2250,0
1914-194,289.436747,-19.358780,620,0.1497,0
1917+552,289.544792,55.344058,596,0.1082,0
1917+495,289.689915,49.632232,449,0.2334,0
1916+062,289.822293,6.328549,316,0.4322,0
1916-220,289.985143,-21.956732,88,3.1678,0
1917-248,290.060129,-24.751611,545,0.1245,0
1918+267,290.121284,26.863334,381,0.2233,0
1917-386,290.179207,-38.518348,261,0.6421,0
1918-026,290.180259,-2.603224,720,0.1485,0
1918+019,290.276763,2.076133,392,0.3766,0
1919+434,290.291395,43.561621,360,0.2037,0
1920+450,290.475854,45.107469,343,0.1877,0
1919+086,290.577640,8.699271,408,0.2368,0
1920+154,290.644581,15.502787,160,0.5209,0
1919-166,290.644861,-16.548209,296,0.5128,0
1918-634,290.852525,-63.346046,49,0.3755,0
1922+478,290.863457,47.904672,444,0.1335,0
1920-211,290.884124,-21.075926,9179,0.0476,0
1921-159,291.049268,-15.817235,328,0.1948,0
1922+333,291.072835,33.491594,255,0.2353,0
1922+155,291.164399,15.678873,780,0.1167,0
1921-293,291.212733,-29.241700,85007,0.0436,1
1922-341,291.320918,-34.017093,315,0.1834,0
1922-224,291.415792,-22.326420,1887,0.1028,0
1923+123,291.420071,12.460580,476,0.1425,0
1923+210,291.498356,21.107267,51232,0.0436,0
1924+507,291.526340,50.882505,482,0.1429,0
1923-101,291.612362,-10.097767,280,0.2569,0
1924+420,291.629389,42.166386,288,0.2446,0
1928+770,291.629963,77.108749,459,0.1440,0
1926+611,291.876844,61.292466,759,0.0732,0
1928+738,291.952063,73.967103,6223,0.0486,0
1925-206,292.038264,-20.595496,700,0.1663,0
1928+681,292.085608,68.249797,273,0.3716,0
1926+440,292.088965,44.200516,281,0.3453,0
1926+087,292.170231,8.813448,772,0.1607,0
1926+233,292.269066,23.424800,536,0.1358,0
1926+050,292.333116,5.132665,404,0.1580,0
1927+256,292.437159,25.721179,999,0.0910,0
1927+090,292.449430,9.167679,377,0.2100,0
1925-610,292.525667,-60.935884,1316,0.0673,1
1927-209,292.543551,-20.884860,346,0.3157,0
1929+596,292.652244,59.802476,319,0.2052,0
1927-223,292.706299,-22.233082,290,0.2435,0
1928+154,292.719862,15.542896,2659,0.0577,0
1929+312,292.786141,31.375944,414,0.1876,0
1929+476,292.818948,47.728112,385,0.1442,0
1929+226,292.853820,22.725350,19399,0.0451,1
1930+447,293.044963,44.906264,102,1.5401,0
1929-295,293.147724,-29.478347,392,0.1938,0
1929-457,293.187032,-45.610536,792,0.1109,1
1930-028,293.223606,-2.788250,48,2.0367,0
1931+149,293.340854,15.079556,430,0.1896,0
1928-698,293.379833,-69.716365,151,0.1747,0
1933+655,293.488905,65.671341,600,0.0917,0
1932+106,293.645940,10.727879,496,0.2282,0
1934+615,293.669514,61.644895,524,0.1230,0
1932+174,293.709185,17.537261,329,0.2563,0
1931-243,293.720203,-24.273432,464,0.2302,0
1932+204,293.793637,20.531710,1529,0.0805,0
1939+813,293.844679,81.504042,511,0.1360,0
1932-226,293.887966,-22.586148,263,0.5995,0
1932-161,293.899147,-16.042326,330,0.1987,0
1933+238,294.003854,23.958882,248,0.2167,0
1936+714,294.014837,71.525496,984,0.0821,0
1934+365,294.115903,36.709717,380,0.2504,0
1934+226,294.122103,22.773849,305,0.2604,0
1933+016,294.126360,1.714543,450,0.3161,0
1934+207,294.200136,20.860133,559,0.1705,0
1934-041,294.223941,-4.045965,408,0.1247,0
1938+745,294.261389,74.681757,444,0.0998,0
1933-400,294.317572,-39.967098,3223,0.0585,0
1934-065,294.333301,-6.457801,281,0.3649,0
1935+360,294.380986,36.126623,566,0.1248,0
1944+838,294.415220,83.941391,615,0.1032,0
1935-179,294.520659,-17.822330,563,0.1526,0
1937+630,294.567357,63.121607,518,0.1404,0
1938+666,294.605446,66.814777,30,4.3772,0
1936+046,294.627790,4.803226,2314,0.0799,1
1936+095,294.681693,9.705578,339,0.3143,0
1934-638,294.854281,-63.712673,21,0.9054,0
1936-155,294.861074,-15.428627,40528,0.0438,1
1937+381,294.889862,38.293163,413,0.1296,0
1938+371,294.965860,37.225136,406,0.1424,0
1937-101,294.988569,-10.044867,2470,0.0728,1
1935-692,295.106367,-69.132492,909,0.0819,1
1939+429,295.205500,43.073516,402,0.1683,0
1938-202,295.238772,-20.114143,307,0.2260,0
1938-302,295.292677,-30.122344,282,0.2194,0
1936-623,295.340703,-62.189182,246,0.1356,0
1942+722,295.362437,72.361729,477,0.2156,0
1938-296,295.392002,-29.550333,267,0.8780,0
1939-053,295.445869,-5.192329,425,0.2123,0
1939-316,295.670475,-31.504059,253,0.3280,0
1941+413,295.744325,41.489739,437,0.1326,0
1943+546,296.131298,54.801962,325,0.1273,0
1941-372,296.240982,-37.119409,165,0.5168,0
1942+097,296.316345,9.883212,450,0.2648,0
1942-020,296.345087,-1.889397,551,0.1364,0
1941-554,296.350953,-55.346899,83,0.8731,0
1946+708,296.472999,70.930203,368,0.2158,0
1942-309,296.489829,-30.813720,212,0.2428,0
1942-313,296.497372,-31.193988,419,0.1725,0
1943+228,296.526047,23.001226,512,0.1739,0
1944+126,296.831361,12.815394,629,0.1457,0
1945-011,296.932432,-1.056813,489,0.1207,0
1946+358,297.018834,35.939075,280,0.3049,0
1945-325,297.105205,-32.468457,247,0.4747,0
1946+396,297.149043,39.731130,428,0.1856,0
1947+242,297.388095,24.355070,357,0.2052,0
1950+727,297.396796,72.878603,545,0.1273,0
1948+505,297.431218,50.692215,721,0.1170,0
1946-200,297.472584,-19.953703,644,0.1335,0
1947+079,297.523083,8.120550,701,0.1626,0
1946-582,297.655840,-58.077708,22,0.5070,0
1948-047,297.683564,-4.603290,336,0.3032,0
1950+573,297.779095,57.454771,382,0.1184,0
1948-186,297.867455,-18.513244,496,0.2086,0
1949+014,297.900077,1.578532,497,0.1423,0
1948-241,297.944503,-24.063655,305,1.4364,0
1949-052,297.947785,-5.162212,1425,0.0636,1
1951+498,298.149220,49.970548,391,0.1948,0
1950+253,298.201225,25.448190,449,0.1143,0
1950-207,298.259137,-20.609037,291,0.4095,0
1951+355,298.378649,35.633155,2059,0.0920,1
1950-270,298.449603,-26.900821,48,3.7108,0
1951-115,298.671482,-11.389623,394,0.1521,0
1954+617,298.733290,61.899527,268,0.8222,0
1950-613,298.794878,-61.255316,125,0.2847,0
1952+138,298.798214,13.971178,1010,0.0906,0
1954+513,298.928076,51.530152,8572,0.0473,0
1953-200,299.099574,-19.961697,381,0.4597,0
1954+187,299.128401,18.933926,152,2.3371,0
1953-127,299.159263,-12.588305,364,0.1932,0
1954+282,299.191835,28.349438,405,0.1293,0
1953-325,299.247730,-32.429446,623,0.1515,0
1955+343,299.393562,34.465175,347,0.3404,0
1955+335,299.418958,33.641095,465,0.1611,0
1954-388,299.499247,-38.751766,64227,0.0437,1
1955-210,299.703222,-20.879725,302,0.4681,0
1957+386,299.841830,38.781713,422,0.1498,0
1957+406,299.868153,40.733916,303,0.2612,0
1959+650,299.999384,65.148515,508,0.1022,0
1957-194,300.035669,-19.360423,282,0.1837,0
1957-135,300.175605,-13.425981,511,0.1196,0
1958-179,300.237877,-17.816020,69488,0.0434,0
1958-045,300.288589,-4.379603,95,1.0225,0
1958+103,300.294348,10.466144,433,0.2132,0
1959+437,300.303641,43.881344,259,0.4159,0
1959+332,300.425871,33.395768,272,0.3704,0
1959+241,300.474075,24.277775,554,0.1177,0
1959-150,300.538998,-14.925496,267,0.4975,0
1959+067,300.539895,6.854275,431,0.2432,0
2000+472,300.543409,47.424659,100913,0.0431,1
2000+148,300.674997,15.020715,6057,0.0514,1
1959-169,300.679535,-16.822974,460,0.1845,0
2001+449,300.717067,45.102313,436,0.1338,0
2000-330,300.850485,-32.862537,688,0.1198,0
2000-045,300.854063,-4.360674,306,0.3160,0
2001+304,300.876017,30.575219,517,0.1289,0
2003+662,300.977123,66.432326,488,0.2039,0
2005+737,301.071341,73.918336,625,0.1167,0
2001-022,301.121739,-2.152737,233,0.2082,0
1959-639,301.122825,-63.789809,136,0.2110,0
2002+182,301.285010,18.426228,554,0.1159,0
2002-185,301.322055,-18.367589,574,0.1219,0
2003+104,301.376456,10.561060,342,0.4521,0
2007+777,301.379160,77.878680,15515,0.0451,0
2004+443,301.467036,44.481978,253,0.4878,0
2002-375,301.479462,-37.394855,4121,0.0682,1
2002-233,301.485815,-23.174169,511,0.1525,0
2003-025,301.535179,-2.393050,126,1.0818,0
2005+642,301.573727,64.412616,876,0.0740,0
2004-125,301.701431,-12.382025,409,0.1462,0
2007+747,301.768289,74.873722,494,0.1090,0
2004+064,301.799647,6.612388,355,0.1361,0
2007+659,301.869880,66.122927,949,0.0696,0
2005+403,301.937270,40.496834,552,0.1775,0
2005+372,301.939157,37.367308,184,0.6618,0
2004-447,301.979935,-44.578966,247,0.2902,0
2005-044,302.101788,-4.308138,829,0.1399,0
2005-474,302.195711,-47.287316,37,0.7165,0
2005-283,302.253064,-28.207212,335,0.2879,0
2005-489,302.355795,-48.831589,511,0.1969,0
2007+131,302.363420,13.304009,527,0.1077,0
2010+723,302.467933,72.488709,637,0.0791,0
2007+073,302.481281,7.453796,509,0.1742,0
2008+355,302.490157,35.721667,226,0.4346,0
2007+150,302.534164,15.233004,582,0.1817,0
2009+611,302.705369,61.270877,582,0.1832,0
2008+332,302.707180,33.370503,241,0.2869,0
2008+205,302.711867,20.710440,35,3.2499,0
2008-068,302.809233,-6.734321,1179,0.1197,0
2008-159,302.815462,-15.777848,57056,0.0434,1
2010+463,303.023489,46.482161,287,0.2209,0
2009-169,303.125748,-16.780685,365,0.1589,0
2009-193,303.144708,-19.248127,348,0.2578,0
2011+218,303.298689,22.014571,117,0.4123,0
2010-249,303.322478,-24.806507,318,0.1565,0
2010-265,303.460506,-26.401981,277,0.1865,0
2010-260,303.467970,-25.856794,32,1.7406,0
2013+508,303.619125,50.985980,313,0.3535,0
2014+657,303.633500,65.898724,213,0.9879,0
2014+606,303.802842,60.783987,209,0.2484,0
2012-130,303.807083,-12.882495,222,0.1333,0
2012-017,303.813158,-1.625711,478,0.1386,0
2013+527,303.829868,52.899922,446,0.1112,0
2013+370,303.869707,37.183199,966,0.0828,0
2013+340,303.870133,34.177614,254,0.2213,0
2014+463,303.916608,46.480797,98,3.2536,0
2013+172,303.937081,17.451897,98,0.5284,0
2015+657,303.980703,65.914627,554,0.0923,0
2013-172,303.990495,-17.061268,309,0.1921,0
2013+163,304.057750,16.542809,16845,0.0452,0
2014+358,304.190078,36.009270,277,0.3513,0
2013-273,304.193401,-27.146713,305,0.2156,0
2014-184,304.294935,-18.327816,417,0.5188,0
2017+745,304.304497,74.680000,6630,0.0476,1
2014-254,304.470841,-25.247244,308,0.2245,0
2016+566,304.502304,56.760052,208,0.1788,0
2015+083,304.547133,8.531819,482,0.1214,0
2015-113,304.616726,-11.165416,385,0.1854,0
2016-053,304.740666,-5.158159,648,0.0940,0
2018+295,305.027348,29.703931,367,0.1756,0
2019+676,305.078793,67.785105,200,0.1861,0
2018+282,305.191126,28.449777,251,0.7692,0
2018+231,305.264535,23.309744,108,0.3337,0
2018-317,305.344381,-31.621675,187,0.2405,0
2019+050,305.397005,5.251327,540,0.1419,0
2019-221,305.506262,-22.028409,231,1.1967,0
2021+614,305.527841,61.616335,4121,0.0515,0
2019-202,305.575346,-20.117300,322,0.5082,0
2018-453,305.610054,-45.224875,186,0.3200,0
2023+760,305.648233,76.190603,499,0.0887,0
2019-408,305.713834,-40.645762,311,0.2349,0
2019-211,305.714592,-20.981999,288,0.3877,0
2020-122,305.729810,-12.067987,279,0.6980,0
2020-090,305.805842,-8.920587,210,0.2068,0
2021+317,305.829239,31.883974,1904,0.0687,0
2021+222,305.846501,22.397924,532,0.2053,0
2020-015,305.886735,-1.395043,437,0.1598,0
2020-370,305.942517,-36.922448,137,0.5646,0
2022+542,305.982683,54.459953,760,0.0808,0
2021+003,306.094646,0.464750,487,0.2173,0
2021-330,306.148235,-32.893309,342,0.1610,0
2022+274,306.213463,27.600472,388,0.1646,0
2022+171,306.235681,17.303666,530,0.1148,0
2022+031,306.290134,3.279029,577,0.1235,0
2023+335,306.295175,33.716726,633,0.1237,0
2023+503,306.354052,50.477649,533,0.1361,0
2022-077,306.419418,-7.597969,1780,0.0570,1
2022-289,306.473387,-28.763527,480,0.1782,0
2024-217,306.768280,-21.605287,386,0.3611,0
2024-223,306.778668,-22.136513,300,0.1851,0
2024+113,306.788043,11.499003,132,1.1798,0
2025-086,306.969171,-8.532188,595,0.1213,0
2027+383,307.225120,38.546709,42,6.9400,0
2027+464,307.328900,46.600626,255,0.6190,0
2025-538,307.396063,-53.652025,8,3.2167,0
2028+492,307.416144,49.439485,199,0.6573,0
2027-252,307.506881,-25.110174,315,0.5049,0
2027-035,307.531149,-3.420151,326,0.4196,0
2027-065,307.563079,-6.370815,410,0.1928,0
2027-052,307.593452,-5.053549,389,0.1940,0
2028+368,307.630280,37.010007,88,1.6029,0
2027-308,307.741392,-30.656764,287,0.4449,0
2028-264,307.767860,-26.258796,261,0.3371,0
2028-204,307.803107,-20.274260,37,13.8299,0
2028-452,307.884724,-45.123378,100,0.7053,0
2029+024,307.946880,2.660357,1404,0.0729,0
2030+547,307.949827,54.917539,1239,0.0831,0
2029+133,307.975434,13.502508,232,0.6935,0
2029+121,307.979143,12.328150,9064,0.0475,1
2029-215,308.226315,-21.421044,426,0.4186,0
2030+268,308.242002,27.048015,345,0.4172,0
2031+216,308.383464,21.772892,470,0.1435,0
2031-191,308.587492,-18.973975,292,0.2787,0
2031-055,308.606740,-5.392195,265,0.2522,0
2032+281,308.617849,28.344442,473,0.1892,0
2032+117,308.654623,11.908718,439,0.2074,0
2032-168,308.726935,-16.674058,432,0.1898,0
2032+107,308.843055,10.935219,500,0.1174,0
2034+581,308.848968,58.355207,423,0.2078,0
2033+187,308.891596,18.951515,261,0.6066,0
2030-689,308.953652,-68.776067,439,0.0965,0
2033-286,309.157395,-28.507370,335,0.2310,0
2034-066,309.169621,-6.484402,438,0.1337,0
2033-219,309.213220,-21.776875,881,0.1425,0
2034+222,309.237136,22.466469,633,0.1758,0
2034-155,309.366406,-15.366806,532,0.1439,0
2035+159,309.424485,16.083038,47,3.8620,0
2034-248,309.486146,-24.642378,371,0.2165,0
2035-203,309.615820,-20.185469,174,1.3830,0
2037+511,309.654311,51.320184,401610,0.0428,0
2036-109,309.752960,-10.778295,514,0.1220,0
2036-034,309.791604,-3.287338,975,0.1632,1
2037+216,309.895035,21.869356,1744,0.0771,1
2037-253,310.036554,-25.129629,2722,0.0815,1
2036-387,310.059306,-38.613595,207,0.6876,0
2037-172,310.115557,-17.117530,415,0.2310,0
2039+452,310.201388,45.454763,167,0.6823,0
2038-274,310.447722,-27.304651,282,0.3874,0
2038-377,310.459348,-37.561114,29,3.1489,0
2039+037,310.560424,3.937205,462,0.2520,0
2043+749,310.655450,75.134013,449,0.1139,0
2039-144,310.690263,-14.249942,350,0.2878,0
2039-231,310.726059,-22.933306,459,0.1281,0
2040-225,310.738652,-22.390810,382,0.3955,0
2040+127,310.792538,12.920436,517,0.1719,0
2041+342,310.893555,34.388054,306,0.2512,0
2042-098,311.177813,-9.677424,434,0.1963,0
2042-067,311.192180,-6.541007,204,0.6199,0
2042-191,311.348894,-18.981535,512,0.1449,0
2046+762,311.420554,76.419718,380,0.3472,0
2043+156,311.439559,15.790928,761,0.1408,0
2044-120,311.728507,-11.879936,302,0.8571,0
2044+049,311.732415,5.110839,60,1.5029,0
2044-027,311.793194,-2.606150,391,0.1924,0
2044-168,311.831946,-16.651623,548,0.1974,0
2044-290,311.906832,-28.833240,293,0.3172,0
2044-188,311.906897,-18.694820,489,0.2641,0
2045-029,311.940847,-2.767825,158,0.4140,0
2046+535,311.974150,53.725667,443,0.1256,0
2046+429,312.081360,43.178347,44,2.3954,0
2046-161,312.206546,-16.003894,314,0.5265,0
2046+124,312.243009,12.653116,436,0.1855,0
2045-405,312.291729,-40.341983,312,0.2437,0
2046-194,312.426223,-19.251320,395,0.1830,0
2047+098,312.441104,10.053999,664,0.1209,0
2048+361,312.509519,36.331251,275,0.2680,0
2047+039,312.526002,4.130247,589,0.1223,0
2047-266,312.602891,-26.471683,479,0.1658,0
2048+370,312.711413,37.242521,178,0.8713,0
2048+312,312.713048,31.457604,588,0.1492,0
2048+196,312.802775,19.835084,309,0.7356,0
2048-351,312.831518,-35.000338,177,0.2844,0
2051+745,312.890561,74.694583,469,0.1368,0
2049+175,312.898262,17.726917,481,0.1246,0
2051+687,313.001028,68.971032,495,0.2003,0
2050+161,313.181749,16.330230,532,0.1561,0
2050+364,313.216896,36.593139,304,0.1172,0
2051+350,313.260616,35.256089,342,0.2614,0
2050-165,313.275543,-16.335461,247,0.5454,0
2050+226,313.289017,22.800413,332,0.2079,0
2051-172,313.494543,-17.040648,358,0.2527,0
2051-204,313.591969,-20.271339,813,0.1373,0
2052+239,313.623055,24.126046,365,0.2728,0
2052+005,313.706713,0.698065,388,0.2244,0
2054+611,313.911826,61.366844,414,0.1363,0
2053-044,313.959408,-4.279745,679,0.1640,0
2053-127,313.963331,-12.578955,669,0.1543,0
2052-474,314.068166,-47.246563,45906,0.0446,1
2053-323,314.104459,-32.146611,268,0.1961,0
2053-391,314.228761,-38.954556,194,0.4619,0
2054-075,314.337691,-7.327676,684,0.1381,0
2054-377,314.423348,-37.567497,770,0.1224,0
2055+055,314.620310,5.714176,95,1.7592,0
2056-149,314.694780,-14.718052,306,0.4682,0
2056-369,314.923321,-36.765170,295,0.3872,0
2057+235,315.020145,23.784279,367,0.1924,0
2058+260,315.162917,26.260285,302,0.3949,0
2059+560,315.229060,56.210182,406,0.1801,0
2058-297,315.256917,-29.557732,566,0.1125,0
2059+034,315.411809,3.692034,55290,0.0434,1
2058-425,315.496307,-42.321157,273,0.5032,0
2100+468,315.571067,47.037848,410,0.1457,0
2100+348,315.597936,35.050452,147,0.2965,0
2101+600,315.667579,60.252732,850,0.1059,0
2102+677,315.682531,67.972176,501,0.1245,0
2059-334,315.691192,-33.221167,271,0.4851,0
2101-150,315.961687,-14.885685,391,0.2478,0
2101-097,315.971842,-9.561570,297,0.6168,0
2102-203,316.237790,-20.183912,168,0.2755,0
2101-490,316.254825,-48.812923,216,0.1758,0
2102+003,316.282147,0.556947,350,0.2326,0
2103+291,316.431623,29.347996,114,0.4098,0
2059-786,316.437339,-78.426263,196,0.1207,0
2103+213,316.545076,21.593332,317,0.2093,0
2103+124,316.546581,12.665570,449,0.2171,0
2103+023,316.617287,2.527167,463,0.1937,0
2105+551,316.656412,55.344921,469,0.2238,0
2104+248,316.665657,25.015969,359,0.1389,0
2105+598,316.700357,60.070303,291,0.3441,0
2102-659,316.748842,-65.795441,98,0.3516,0
2104-173,316.862591,-17.136211,533,0.1642,0
2105+135,316.878235,13.794093,292,0.2936,0
2105-293,317.030836,-29.188102,282,0.2713,0
2105-250,317.051332,-24.875923,317,0.2110,0
2105-212,317.122259,-21.027278,133,1.4743,0
2106+143,317.170967,14.507504,4255,0.0533,0
2105-489,317.211654,-48.772673,66,0.5234,0
2111+801,317.329852,80.353119,349,0.2702,0
2107+160,317.370797,16.238748,575,0.2123,0
2107+353,317.382828,35.549333,979,0.0667,0
2106-413,317.388286,-41.172390,1964,0.0802,0
2107+220,317.481060,22.204348,379,0.1483,0
2107-105,317.504079,-10.349255,369,0.1644,0
2107-367,317.557787,-36.590649,245,0.3381,0
2107-016,317.594246,-1.449512,472,0.2475,0
2108-119,317.900139,-11.779763,486,0.1830,0
2108-326,317.946336,-32.410928,151,0.3228,0
2111+400,318.372859,40.214274,1295,0.1447,1
2111+111,318.477977,11.357055,358,0.2251,0
2116+818,318.504880,82.080095,1209,0.1038,0
2112+463,318.636982,46.577584,417,0.1608,0
2112+170,318.669336,17.239541,525,0.1714,0
2112+374,318.683850,37.707144,434,0.2102,0
2112+312,318.710248,31.505889,96,1.4515,0
2112+202,318.720352,20.440824,380,0.1770,0
2112+283,318.743057,28.549221,768,0.0952,0
2112-144,318.826815,-14.278715,1315,0.0917,0
2113+293,318.872556,29.560657,112998,0.0433,1
2112-556,319.124234,-55.455679,71,0.2552,0
2109-811,319.128524,-80.898673,388,0.1047,1
2114+053,319.152645,5.604735,351,0.1977,0
2114+022,319.211437,2.429518,119,2.6252,0
2114+048,319.336488,5.051142,519,0.1392,0
2115-155,319.464765,-15.378257,622,0.2426,0
2116+543,319.485352,54.525695,577,0.1234,0
2115-305,319.544159,-30.319891,284,0.3863,0
2115+000,319.572494,0.221336,196,0.2124,0
2116+203,319.644706,20.567244,534,0.1741,0
2116-068,319.680176,-6.605000,700,0.1986,0
2116-238,319.870377,-23.674924,256,0.8435,0
2116-113,319.916170,-11.104082,724,0.1323,0
2119+709,319.975686,71.176695,359,0.1727,0
2117-250,320.064157,-24.847532,314,0.3667,0
2117+025,320.118875,2.776197,254,0.6598,0
2118+443,320.132393,44.576184,216,0.5316,0
2118+053,320.171593,5.562502,414,0.1468,0
2119+664,320.192508,66.705620,520,0.1633,0
2118-037,320.201973,-3.508036,424,0.2185,0
2118+188,320.252528,19.024522,342,0.1709,0
2117-614,320.266976,-61.190173,101,0.3180,0
2118-372,320.304974,-37.052473,271,0.2168,0
2118-266,320.327085,-26.481646,252,0.4599,0
2117-642,320.479256,-64.075013,15,6.1066,0
2121+648,320.702084,65.112769,243,0.1276,0
2121+547,320.772139,55.007590,1533,0.0849,1
2120+099,320.805660,10.131929,560,0.1498,0
2121+460,320.882618,46.239711,588,0.1359,0
2120-055,320.897101,-5.329233,285,0.5225,0
2121+267,320.930787,26.968692,107,1.3933,0
2121+053,320.935489,5.589470,44875,0.0441,0
2120-309,320.952498,-30.768177,284,0.2314,0
2121-199,321.186001,-19.695382,369,0.1365,0
2122-148,321.230624,-14.637033,395,0.3089,0
2123+244,321.359045,24.700996,355,0.2027,0
2124+641,321.364363,64.394266,434,0.1723,0
2122+044,321.371898,4.693201,635,0.1216,0
2122-238,321.467176,-23.636594,261,0.5459,0
2123-071,321.581918,-6.902482,255,0.5036,0
2123-172,321.627241,-16.988227,335,0.1500,0
2123-463,321.627934,-46.096637,595,0.1007,0
2123-015,321.636489,-1.325668,508,0.1618,0
2125+024,322.034386,2.640222,77,2.0522,0
2125-152,322.091209,-15.081311,236,1.1601,0
2126-158,322.300733,-15.644734,32505,0.0446,0
2126-185,322.339246,-18.356331,597,0.1529,0
2128+681,322.407414,68.330319,470,0.1644,0
2127+085,322.567707,8.732202,570,0.1923,0
2127-096,322.579534,-9.460399,3853,0.0529,0
2128+165,322.593196,16.723784,619,0.1134,0
2128+333,322.623748,33.546960,450,0.2584,0
2128+048,322.636989,5.038187,360,0.2352,0
2128-208,322.756151,-20.615599,252,0.5077,0
2128-123,322.896924,-12.117999,14736,0.0481,0
2135+842,322.913841,84.503283,559,0.1822,0
2130-184,323.334595,-18.180975,454,0.3153,0
2136+824,323.391998,82.651682,399,0.1540,0
2131+145,323.405789,14.729573,479,0.1875,0
2130-425,323.504885,-42.312014,263,0.3237,0
2131-021,323.542957,-1.888122,11570,0.0465,0
2131-045,323.550045,-4.319405,428,0.2088,0
2132+406,323.600445,40.836481,471,0.1517,0
2131-217,323.625749,-21.509111,114,0.8778,0
2131-340,323.711769,-33.854097,275,0.2976,0
2132-028,323.851608,-2.597621,364,0.2436,0
2133+469,323.962740,47.172826,304,0.3319,0
2133-069,324.092952,-6.731138,300,0.1369,0
2134+428,324.100027,43.028465,429,0.1468,0
2133-109,324.102005,-10.712581,299,0.6387,0
2134+004,324.160776,0.698392,25482,0.0500,0
2135+508,324.254109,51.026703,605,0.1134,0
2134+237,324.274859,23.950536,152,0.7478,0
2135+347,324.433762,34.928359,361,0.1284,0
2135-147,324.438316,-14.548804,500,0.1637,0
2135-209,324.458366,-20.708798,290,0.5573,0
2135-248,324.654921,-24.665130,639,0.1515,0
2135-184,324.674694,-18.178992,280,1.5233,0
2136-190,324.697704,-18.825187,385,0.2150,0
2136+141,324.755455,14.393331,53965,0.0434,0
2136-112,324.783634,-11.071784,302,0.7791,0
2136-251,324.805121,-24.904185,355,0.3281,0
2137+130,324.908919,13.270291,425,0.1587,0
2137+011,324.927120,1.374213,464,0.2681,0
2138+389,325.070613,39.195793,370,0.1540,0
2138+439,325.083773,44.184183,61,3.1174,0
2137-196,325.195251,-19.398902,375,0.1571,0
2138-283,325.235522,-28.083318,305,0.5073,0
2138-377,325.468537,-37.486942,281,0.2546,0
2139-260,325.566360,-25.857388,264,0.3884,0
2139-249,325.628996,-24.744120,477,0.1819,0
2140-048,325.653757,-4.628753,768,0.1312,0
2139-232,325.674775,-23.060688,289,0.2609,0
2140-260,325.771081,-25.828620,324,0.3352,0
2140-181,325.837634,-17.893997,495,0.2543,0
2141+175,325.898102,17.730219,24954,0.0438,0
2141+333,325.958899,33.619672,466,0.1433,0
2141-334,326.213273,-33.215305,271,0.2297,0
2142-341,326.254719,-33.954553,88,0.5426,0
2142+110,326.328229,11.257587,5513,0.0547,1
2142-048,326.389112,-4.577552,320,0.7247,0
2142-319,326.445592,-31.709551,258,0.2864,0
2143-298,326.523967,-29.586503,303,0.2402,0
2143-156,326.595747,-15.428857,10572,0.0496,1
2144+568,326.608070,57.056858,55,3.1148,0
2140-781,326.625290,-77.931871,84,0.2575,0
2143-236,326.634976,-23.442780,288,0.3251,0
2144+042,326.729967,4.457077,544,0.1325,0
2144-292,326.749590,-29.036530,292,0.2693,0
2144+092,326.792346,9.496298,18074,0.0454,0
2142-758,326.803044,-75.603674,8326,0.0470,1
2145+262,326.825383,26.497299,244,0.5947,0
2144-065,326.841207,-6.340373,424,0.1599,0
2144-362,326.879691,-36.030909,292,0.3475,0
2142-765,326.971463,-76.358117,37,0.7579,0
2145+082,326.980081,8.503305,1594,0.0809,0
2145+067,327.022744,6.960723,105391,0.0432,0
2146+608,327.066843,61.118276,561,0.1163,0
2145+075,327.075150,7.822927,336,0.4662,0
2145-176,327.153337,-17.395560,474,0.1401,0
2146+019,327.166154,2.190792,480,0.2711,0
2147+077,327.396932,7.940374,484,0.2114,0
2147-186,327.507232,-18.373934,544,0.1208,0
2147+145,327.598364,14.829971,320,0.5293,0
2147-284,327.721200,-28.211615,432,0.2032,0
2148-279,327.841271,-27.706392,336,0.1753,0
2149+069,327.880955,7.157440,489,0.1158,0
2149+056,327.907815,5.870265,21055,0.0475,1
2149-307,327.981350,-30.464916,11614,0.0486,0
2146-783,328.013144,-78.118511,275,0.1428,0
2150+329,328.083845,33.216340,4,15.1143,0
2150+173,328.103414,17.577165,5286,0.0505,0
2151-118,328.459343,-11.603920,596,0.1250,0
2151+431,328.462330,43.381806,464,0.1264,0
2151-152,328.530995,-15.025408,499,0.3453,0
2152+172,328.670419,17.464109,607,0.1194,0
2151-386,328.687687,-38.442375,189,0.2978,0
2152+226,328.776910,22.839523,528,0.1245,0
2152-218,328.807437,-21.617338,390,0.2662,0
2153+190,328.893487,19.246801,335,0.2200,0
2153-119,328.961326,-11.663327,384,0.2025,0
2153-008,329.061491,-0.617943,517,0.1153,0
2153-204,329.140649,-20.208582,409,0.1395,0
2154-037,329.208987,-3.557763,406,0.2856,0
2159+833,329.238822,83.620756,458,0.2163,0
2154-135,329.262401,-13.317490,682,0.1288,0
2152-699,329.274919,-69.689912,306,0.1539,0
2154+100,329.303585,10.240222,565,0.1308,0
2155+312,329.370100,31.450375,7367,0.0470,1
2154-183,329.371349,-18.117461,307,0.4574,0
2153-760,329.496771,-75.831558,73,0.1725,0
2155+091,329.503676,9.429403,277,0.6080,0
2155-152,329.526175,-15.019258,5611,0.0527,0
2155-304,329.716938,-30.225588,2433,0.0735,1
2156-289,329.795547,-28.687911,7,20.2896,0
2158+658,329.852859,66.114527,214,0.2813,0
2156-013,329.892815,-1.098580,422,0.3236,0
2157-255,329.961634,-25.281160,298,0.3282,0
2157-200,330.032341,-19.763154,278,0.1525,0
2157+102,330.033055,10.502195,428,0.1448,0
2157+213,330.059156,21.632511,364,0.1677,0
2157-133,330.068181,-13.151514,267,0.3816,0
2157-375,330.070694,-37.282514,298,0.2983,0
2158-167,330.228662,-16.542417,573,0.1138,0
2158+029,330.364620,3.204212,605,0.1632,0
2159+505,330.431405,50.815664,475,0.1094,0
2154-838,330.580157,-83.636619,28,0.3248,0
2159-090,330.654900,-8.793765,360,0.1655,0
2200+420,330.680381,42.277772,53181,0.0435,0
2200-238,330.733331,-23.586179,396,0.1926,0
2201+676,330.802595,67.846576,545,0.1191,0
2201+315,330.812399,31.760631,30410,0.0441,0
2201+171,330.862057,17.430069,13149,0.0455,0
2202+716,330.876945,71.852371,340,0.2906,0
2201+098,330.878969,10.128496,368,0.2460,0
2200-617,330.998491,-61.506114,40,0.2330,0
2201+044,331.073552,4.667228,441,0.1743,0
2202+363,331.087919,36.543636,472,0.1982,0
2202-065,331.186174,-6.267608,420,0.2262,0
2202+031,331.272183,3.357656,177,0.9831,0
2203-058,331.410978,-5.592371,343,0.3124,0
2203+292,331.443777,29.448648,721,0.1276,0
2205+743,331.447454,74.605849,495,0.1323,0
2203-188,331.543408,-18.594092,187,1.4825,0
2203-215,331.672426,-21.327921,393,0.3360,0
2204-007,331.680344,-0.517360,1024,0.0972,0
2204+004,331.832401,0.699254,354,0.1278,0
2204-540,331.932222,-53.776061,1570,0.0655,0
2205+166,331.970274,16.871615,1364,0.0769,0
2205-002,331.980196,-0.037524,484,0.3055,0
2206+650,332.012959,65.327441,674,0.1058,0
2207+741,332.099811,74.393983,446,0.1924,0
2206+178,332.100793,18.140790,298,0.5651,0
2205-636,332.196840,-63.429858,10,1.2575,0
2206-237,332.334015,-23.531636,94,3.1277,0
2207+374,332.339271,37.705063,606,0.1601,0
2207+517,332.339529,51.967176,545,0.1417,0
2207+356,332.438893,35.933647,1007,0.0934,0
2207+087,332.525209,8.958211,387,0.2950,0
2208+199,332.715219,20.223349,496,0.1137,0
2208-137,332.850414,-13.469368,3809,0.0574,0
2208-373,332.960525,-37.118050,295,0.3509,0
2209+184,332.974537,18.697184,540,0.1391,0
2209+080,333.006622,8.321252,402,0.1495,0
2209+236,333.024860,23.927929,44727,0.0435,1
2209+328,333.033239,33.142922,466,0.2432,0
2209-108,333.083730,-10.627163,292,0.1927,0
2209-255,333.086319,-25.307908,229,0.5246,0
2210+016,333.158224,1.880886,316,0.3624,0
2210+277,333.162930,27.994014,381,0.2154,0
2210+065,333.211830,6.769095,533,0.1485,0
2210-257,333.260408,-25.491689,2550,0.0818,1
2210+361,333.292593,36.398662,364,0.2487,0
2210-104,333.310926,-10.193109,146,0.6122,0
2211+289,333.325727,29.170311,332,0.7053,0
2210+085,333.340567,8.791661,399,0.3167,0
2211+089,333.474004,9.223684,169,1.0251,0
2211+374,333.523729,37.652554,543,0.1236,0
2211+069,333.536923,7.195109,527,0.1433,0
2211-132,333.610764,-12.961800,415,0.1389,0
2211-388,333.660706,-38.595836,270,0.7119,0
2211-256,333.693343,-25.354466,262,0.4656,0
2212-299,333.816811,-29.739814,283,0.2029,0
2214+350,334.083375,35.303939,42870,0.0436,1
2214+307,334.177960,31.043157,452,0.1301,0
2214-151,334.214470,-14.871169,282,0.1710,0
2214+241,334.253422,24.362766,9044,0.0501,0
2214-192,334.259024,-19.034396,292,0.2993,0
2214+201,334.316017,20.413585,289,0.3438,0
2215+316,334.323235,31.947221,749,0.1067,0
2215+020,334.450991,2.336309,1187,0.0697,0
2215+006,334.527821,0.873228,555,0.2077,0
2215+150,334.545475,15.343255,38915,0.0436,1
2215-508,334.579272,-50.644925,35,0.7166,0
2216-007,334.652833,-0.481384,159,2.3428,0
2216-038,334.716824,-3.593578,13759,0.0475,1
2216-126,334.781200,-12.361071,308,0.1315,0
2216+178,334.808719,18.109884,1257,0.0798,0
2216+022,334.878279,2.495970,359,0.1577,0
2216-275,334.897168,-27.317582,426,0.3090,0
2217+214,334.910507,21.686822,301,0.3533,0
2217+210,334.934064,21.348107,468,0.1449,0
2217-011,334.947010,-0.859043,478,0.1986,0
2217+259,334.957255,26.224430,419,0.2120,0
2218+110,335.329831,11.294985,293,0.4177,0
2219-340,335.535748,-33.765779,43,11.1086,0
2219-287,335.653359,-28.464136,146,0.4773,0
2220+134,335.688180,13.748458,532,0.1456,0
2220+119,335.720788,12.230502,555,0.1170,0
2220-119,335.733354,-11.740660,565,0.1151,0
2220-351,335.774711,-34.929772,3151,0.0872,1
2221+625,335.825403,62.826057,279,0.3279,0
2220+083,335.837559,8.648373,533,0.2004,0
2220-318,335.840132,-31.617253,317,0.2205,0
2220-163,335.921553,-16.118104,488,0.1556,0
2221-116,336.033178,-11.439196,564,0.1358,0
2222+600,336.154268,60.270999,122,1.3975,0
2221-387,336.183172,-38.525842,277,0.4190,0
2223+210,336.408530,21.301782,556,0.0978,0
2223-114,336.432160,-11.227972,810,0.2733,0
2223-052,336.446914,-4.950386,129970,0.0431,0
2224+006,336.693904,0.869814,563,0.1272,0
2224+036,336.771793,3.932576,640,0.1903,0
2226+772,336.840094,77.555343,415,0.2944,0
2225+247,337.006424,25.050845,419,0.2438,0
2225+332,337.022753,33.527287,289,0.2295,0
2226+440,337.210264,44.319012,405,0.1825,0
2226-081,337.219198,-7.896290,500,0.1597,0
2225-694,337.250736,-69.175076,94,0.2075,0
2227+665,337.307712,66.780969,220,0.1703,0
2224-793,337.327250,-79.119034,102,0.1584,0
2227-088,337.417018,-8.548454,87951,0.0432,1
2227+009,337.465841,1.249090,445,0.1741,0
2227-136,337.563775,-13.428584,609,0.0940,0
2229+695,337.651957,69.774466,204018,0.0429,1
2227-399,337.667827,-39.714463,1110,0.1375,0
2227-445,337.735179,-44.274970,242,0.2388,0
2229+591,337.821148,59.366902,446,0.1184,0
2228-146,337.915109,-14.373048,403,0.1844,0
2229-099,337.992654,-9.733293,305,0.6811,0
2229-172,338.094019,-16.983859,349,0.1739,0
2230+625,338.095265,62.826799,40,2.4920,0
2230+114,338.151704,11.730807,13535,0.0472,0
2231+425,338.385027,42.761090,424,0.1346,0
2231-127,338.478944,-12.509536,110,1.7698,0
2231+452,338.487044,45.544730,255,0.2284,0
2231+098,338.493543,10.147810,535,0.1408,0
2232-211,338.739335,-20.917566,420,0.1802,0
2232-488,338.805152,-48.599665,10600,0.0485,1
2233-367,338.978468,-36.484133,85,0.3703,0
2233+340,338.980869,34.310270,311,0.4169,0
2233-186,338.984043,-18.436821,281,0.2873,0
2233-173,339.039678,-17.106104,420,0.1438,0
2233-043,339.069893,-4.105463,411,0.1000,0
2234+282,339.093629,28.482615,86125,0.0434,0
2233-234,339.109328,-23.157388,518,0.1828,0
2233-148,339.142030,-14.556164,572,0.1198,0
2235+731,339.160821,73.381295,1491,0.0707,0
2234+420,339.267540,42.280073,439,0.1430,0
2234-253,339.326481,-25.109033,332,0.3577,0
2235+071,339.543316,7.403885,517,0.1743,0
2235+275,339.553640,27.831326,723,0.1018,0
2236+678,339.562622,68.083267,755,0.1297,0
2236+124,339.644187,12.714106,793,0.1227,0
2236-572,339.800316,-57.016900,1972,0.0582,1
2236-221,339.848820,-21.887622,300,0.4300,0
2236-364,339.879665,-36.153489,54,1.7103,0
2237+121,339.883183,12.373449,600,0.1877,0
2237-088,340.055869,-8.607986,334,0.2289,0
2238+512,340.082827,51.553276,392,0.1415,0
2237-110,340.104858,-10.739428,433,0.1273,0
2237-124,340.107924,-12.159168,357,0.1526,0
2238+410,340.280022,41.336560,800,0.1077,0
2238-362,340.451298,-35.996606,328,0.2433,0
2239+096,340.457155,9.897901,2296,0.0591,0
2239+296,340.563130,29.928644,613,0.1439,0
2242+821,340.681826,82.413060,365,0.4370,0
2240+174,340.699816,17.695601,405,0.2129,0
2239-631,340.782664,-62.849256,53,0.3256,0
2240-064,340.786503,-6.150713,418,0.3068,0
2240-260,340.860037,-25.741858,409,0.1688,0
2241+200,340.978098,20.351049,433,0.2139,0
2241+406,341.053046,40.953783,433,0.0879,0
2242+257,341.146447,26.005751,430,0.1733,0
2242+031,341.367853,3.402462,512,0.1403,0
2242-068,341.400743,-6.545967,257,0.2699,0
2243-081,341.454183,-7.922051,452,0.2204,0
2243+047,341.473559,5.015823,2062,0.0795,0
2243-032,341.547046,-3.010470,313,0.3179,0
2244+635,341.558319,63.831817,50,2.5682,0
2243-563,341.569969,-56.129446,76,0.3120,0
2243-123,341.575967,-12.114244,24326,0.0453,0
2244-372,341.766322,-36.962862,3437,0.0617,1
2244-002,341.875817,0.001795,484,0.1202,0
2245+471,341.965904,47.385491,402,0.1831,0
2245-091,341.967472,-8.839466,515,0.1429,0
2245-128,341.969338,-12.622145,516,0.0814,0
2245+029,341.994509,3.178432,491,0.1486,0
2245-059,342.000336,-5.688394,436,0.3122,0
2246+370,342.157960,37.303462,514,0.0931,0
2245-328,342.161191,-32.597830,4564,0.0550,1
2246+208,342.252361,21.117454,507,0.1150,0
2246-309,342.329341,-30.653509,385,0.2552,0
2247+132,342.437281,13.519300,363,0.2345,0
2247+113,342.477442,11.608568,502,0.1650,0
2247-131,342.498385,-12.854673,579,0.0890,0
2247+381,342.523951,38.410332,261,0.3045,0
2247+140,342.605606,14.331136,136,2.3009,0
2248+555,342.678546,55.837384,489,0.1143,0
2247-283,342.685385,-28.110925,420,0.1576,0
2249+185,342.894698,18.811132,131,1.4994,0
2249+424,342.897111,42.704829,242,0.2079,0
2249-028,342.981565,-2.567084,245,0.4123,0
2249+402,342.999047,40.516157,415,0.2607,0
2249-035,343.093877,-3.264820,300,0.5994,0
2249-210,343.119502,-20.792094,305,0.2411,0
2249-204,343.139302,-20.144110,261,0.2346,0
2251+704,343.200668,70.721062,451,0.1811,0
2250-281,343.222299,-27.860170,293,0.6454,0
2250+190,343.280705,19.709619,11912,0.0496,1
2250+323,343.302083,32.601202,454,0.1372,0
2250+023,343.337936,2.603623,296,0.3051,0
2250+008,343.360756,1.095463,487,0.1923,0
2251+158,343.490616,16.148211,34682,0.0472,0
2251+006,343.518359,0.905821,594,0.1358,0
2251+244,343.538925,24.756506,484,0.1312,0
2251+113,343.543423,11.610764,375,0.5651,0
2251+134,343.587568,13.696854,514,0.1150,0
2252+618,343.605386,62.160756,210,0.7492,0
2251-419,343.652906,-41.661182,272,0.1919,0
2252-090,343.767666,-8.734450,2012,0.0734,0
2253+417,343.902949,42.047926,1646,0.0638,0
2253-278,344.000649,-27.598922,271,0.2458,0
2253+227,344.044480,23.029217,386,0.3338,0
2254-204,344.171699,-20.194586,388,0.1585,0
2254-130,344.191312,-12.832149,305,0.1749,0
2254-367,344.294195,-36.462221,330,0.3627,0
2254-187,344.314635,-18.448580,247,0.4128,0
2254+074,344.322096,7.720084,11191,0.0463,1
2254+024,344.323180,2.721531,1628,0.0788,0
2255+570,344.341857,57.341724,504,0.1357,0
2255+416,344.341970,41.904591,327,0.3408,0
2255-282,344.524845,-27.972571,75869,0.0437,0
2255+050,344.602512,5.277547,223,0.2868,0
2256+017,344.740636,2.061746,490,0.2303,0
2256+570,344.741422,57.318462,607,0.1290,0
2256-084,344.752870,-8.184179,580,0.1973,0
2256-296,344.874723,-29.345500,293,0.3400,0
2257+103,345.076302,10.631690,458,0.2139,0
2257-270,345.106253,-26.739661,285,0.2950,0
2258+033,345.170357,3.619678,572,0.1218,0
2258+166,345.179130,16.920664,374,0.1276,0
2258-099,345.278713,-9.712890,305,0.1524,0
2258-022,345.283244,-1.967940,524,0.1152,0
2258+349,345.310163,35.216903,356,0.1984,0
2259+568,345.360945,57.107085,338,0.1564,0
2259+371,345.365572,37.447012,344,0.1143,0
2259+058,345.472755,6.153561,703,0.1249,0
2259-082,345.508186,-7.959758,303,0.3407,0
2259-375,345.599535,-37.301898,141,2.9270,0
2300+638,345.672146,64.098014,586,0.1322,0
2300-151,345.748068,-14.883838,280,0.3320,0
2300-189,345.762400,-18.690506,477,0.1556,0
2300+386,345.766941,38.896768,583,0.1749,0
2300-307,345.774254,-30.503187,268,0.3424,0
2300+142,345.791470,14.528154,418,0.2531,0
2300+345,345.840111,34.780131,374,0.2678,0
2300-683,345.931519,-68.127068,2739,0.0547,0
2301-103,345.991331,-10.038671,410,0.4692,0
2301+060,346.117880,6.335641,596,0.1856,0
2302+269,346.122518,27.175304,277,0.3369,0
2301-036,346.142234,-3.382632,442,0.2864,0
2302+232,346.151818,23.518781,617,0.1135,0
2304+824,346.323082,82.713654,522,0.1399,0
2303+083,346.505299,8.620942,460,0.2730,0
2303-052,346.563821,-4.996746,582,0.1252,0
2304-043,346.645111,-4.037544,327,0.4632,0
2304+377,346.754146,38.045064,292,0.4867,0
2304+322,346.816302,32.508871,448,0.1334,0
2304-075,346.875741,-7.301685,377,0.5461,0
2305+145,346.891674,14.838326,378,0.2497,0
2304-230,346.911062,-22.798054,307,0.2095,0
2305+187,346.940110,19.022361,265,0.7560,0
2305+198,347.048485,20.145054,729,0.1060,0
2306+504,347.105456,50.731184,217,0.3837,0
2306+095,347.184048,9.773920,539,0.1164,0
2306-312,347.309714,-30.986829,1144,0.1023,0
2306-052,347.321530,-4.977910,360,0.3242,0
2307+680,347.361108,68.336321,403,0.1392,0
2307-097,347.432724,-9.517985,281,0.5886,0
2307+283,347.493339,28.666612,375,0.2351,0
2307+106,347.618824,10.925194,6328,0.0536,0
2318+886,347.649407,88.957212,417,0.3703,0
2308+018,347.755387,2.084813,445,0.1943,0
2308+341,347.772203,34.419696,453,0.0964,0
2308+098,347.823977,10.137710,417,0.2585,0
2309-133,347.940957,-13.115372,331,1.0619,0
2309+258,347.941211,26.079933,417,0.2132,0
2309+454,347.947537,45.732227,34974,0.0438,0
2309+159,348.070675,16.252315,494,0.1860,0
2310+724,348.082075,72.690810,557,0.1102,0
2309-014,348.093172,-1.156873,409,0.2755,0
2310+385,348.244975,38.795183,447,0.1406,0
2310-071,348.253992,-6.864724,157,1.4872,0
2311-045,348.435887,-4.282403,430,0.4677,0
2311-477,348.466250,-47.486592,66,0.6850,0
2311-373,348.498785,-37.079505,297,0.2386,0
2311-036,348.530098,-3.424344,404,0.4997,0
2311-452,348.539095,-44.930344,197,0.3560,0
2312-073,348.657085,-7.121506,291,0.4267,0
2312-319,348.702086,-31.644313,856,0.1031,0
2312-505,348.934710,-50.311029,321,0.1359,0
2313-182,348.950551,-18.011181,269,0.4437,0
2316+862,348.957581,86.528777,566,0.1248,0
2313+020,349.032132,2.355471,414,0.1633,0
2313-439,349.087916,-43.629700,145,1.2292,0
2314+038,349.146645,4.088417,285,0.5900,0
2314+160,349.165408,16.301874,448,0.1834,0
2314-340,349.180777,-33.820135,293,0.2476,0
2314-409,349.195500,-40.689191,553,0.1105,0
2314-116,349.343253,-11.373133,369,0.3975,0
2314-182,349.355220,-17.938365,277,0.5345,0
2315+287,349.423175,29.039658,356,0.3208,0
2315+153,349.444307,15.661572,435,0.1991,0
2315-404,349.528592,-40.168397,282,0.3069,0
2315-172,349.547339,-16.991441,453,0.2740,0
2315-041,349.565098,-3.870793,640,0.2322,0
2316+238,349.641533,24.077708,974,0.1254,0
2316-423,349.774569,-42.113427,153,0.5035,0
2317-372,349.973185,-36.941184,214,0.5521,0
2317-007,350.112229,-0.458668,233,0.6642,0
2318+049,350.186902,5.230542,66068,0.0433,1
2318+182,350.194900,18.490493,471,0.1657,0
2318-195,350.207039,-19.322177,176,0.7828,0
2318-087,350.326043,-8.455978,491,0.1734,0
2319+461,350.413607,46.385817,143,1.2033,0
2319+317,350.478983,32.068784,26531,0.0442,1
2319+272,350.499426,27.546234,2686,0.0612,0
2320+689,350.537688,69.184282,641,0.1231,0
2319+444,350.584825,44.761765,6318,0.0516,1
2320+506,350.608259,50.964434,2728,0.0600,0
2319+184,350.619037,18.723583,399,0.2133,0
2320+079,350.650373,8.200443,450,0.1418,0
2320-078,350.717047,-7.618227,546,0.1443,0
2320-021,350.769291,-1.846698,531,0.1890,0
2320-035,350.883141,-3.284729,1701,0.0692,0
2321-065,350.912974,-6.299789,504,0.1503,0
2321-164,350.935964,-16.214479,341,0.2378,0
2321-012,351.019252,-0.981713,397,0.3639,0
2321-375,351.029633,-37.239571,300,0.1316,0
2321-215,351.116901,-21.316804,268,0.5894,0
2322+077,351.188855,8.035048,95,0.3946,0
2323+790,351.263051,79.287689,354,0.4460,0
2322-411,351.264080,-40.858357,147,3.7508,0
2322-040,351.292742,-3.746310,395,0.2110,0
2322+396,351.324458,39.960141,580,0.1584,0
2323+478,351.437134,48.107024,392,0.2417,0
2323-272,351.456811,-26.925770,24,5.9265,0
2323+009,351.606849,1.202415,451,0.1656,0
2324+148,351.720382,15.127698,655,0.1264,0
2324-023,351.724070,-2.037161,512,0.1577,0
2324-006,351.746224,-0.397869,659,0.1679,0
2325+799,351.776773,80.216371,465,0.1244,0
2324-009,351.794579,-0.699365,494,0.2204,0
2324+151,351.841525,15.410364,758,0.1343,0
2325+093,351.889919,9.669295,9650,0.0457,0
2325+045,351.890643,4.795131,488,0.1799,0
2325+152,351.899937,15.552660,417,0.2014,0
2325-150,351.949851,-14.798820,2255,0.0680,1
2325+764,351.970095,76.719068,346,0.3249,0
2325+293,352.044421,29.619410,309,0.9992,0
2325-408,352.080270,-40.586069,250,0.2284,0
2325+192,352.103645,19.499454,424,0.2195,0
2326-068,352.163390,-6.574462,342,0.2013,0
2326+012,352.245220,1.507096,413,0.3151,0
2326+082,352.274111,8.571071,481,0.1394,0
2326-477,352.323768,-47.505310,3133,0.0566,0
2327+335,352.557240,33.810131,507,0.1077,0
2327-376,352.649149,-37.410545,338,0.1360,0
2327-459,352.657003,-45.666138,159,0.6972,0
2328+107,352.670218,11.005197,1179,0.0805,0
2328+316,352.692333,31.925974,439,0.1284,0
2328+374,352.856850,37.737973,170,0.9143,0
2329-162,352.911052,-15.949169,1353,0.0748,0
2329+451,352.954026,45.380278,405,0.2937,0
2329+068,352.981351,7.095026,262,0.4067,0
2329-384,352.997817,-38.196570,3602,0.0594,0
2329+009,353.000060,1.253027,252,0.5149,0
2329-415,353.079368,-41.310439,568,0.1146,0
2330+083,353.239985,8.636230,531,0.1135,0
2330+387,353.260556,39.020014,300,0.2155,0
2330-017,353.319535,-1.518718,532,0.1982,0
2331-240,353.480158,-23.727961,2985,0.0575,1
2331+073,353.553451,7.607653,1047,0.0740,0
2331+017,353.599214,2.042274,303,0.3960,0
2332-531,353.687153,-52.855453,191,0.1778,0
2332-293,353.828030,-29.121279,384,0.1898,0
2332-017,353.835050,-1.519331,596,0.1337,0
2333-008,353.966571,-0.581978,279,0.3596,0
2333-528,354.050602,-52.606098,273,0.1729,0
2333+064,354.086960,6.680830,401,0.2167,0
2333-415,354.141605,-41.256107,1069,0.0999,0
2334-066,354.371785,-6.370051,220,1.5074,0
2334+260,354.375305,26.296565,334,0.1677,0
2335-018,354.455147,-1.592777,271,0.4317,0
2335-181,354.485949,-17.872336,631,0.1320,0
2335-027,354.488913,-2.516008,16339,0.0454,1
2335+031,354.531899,3.446903,443,0.2431,0
2335+148,354.596511,15.079245,163,1.1730,0
2335+267,354.622430,27.031461,450,0.1486,0
2336-083,354.730163,-8.027493,319,0.1489,0
2336+211,354.734933,21.411462,181,0.7832,0
2336+598,354.838022,60.169958,2058,0.0676,1
2336+024,354.873794,2.734821,647,0.1892,0
2337-063,354.943395,-6.070137,139,1.4014,0
2337-123,354.946011,-12.112730,366,0.2143,0
2337-234,354.973238,-23.177563,304,0.3901,0
2337-334,354.977230,-33.171356,361,0.2345,0
2337-011,355.098625,-0.890833,401,0.2387,0
2337+264,355.120956,26.699112,922,0.1152,0
2338+330,355.238748,33.317395,416,0.2007,0
2338+000,355.278792,0.309260,412,0.3692,0
2338+191,355.328317,19.468191,420,0.1287,0
2338-295,355.374010,-29.320844,316,0.3719,0
2340-226,355.699932,-22.394500,359,0.2516,0
2340-036,355.735834,-3.373964,466,0.2202,0
2340+233,355.801613,23.662680,628,0.1052,0
2340-141,355.870269,-13.854749,292,0.4007,0
2341+154,355.928122,15.717494,691,0.1262,0
2341+697,355.932226,70.055391,617,0.1426,0
2342+821,356.015709,82.444556,242,0.6119,0
2341+295,356.093974,29.872418,277,0.5770,0
2342-161,356.301926,-15.918843,440,0.1244,0
2343-075,356.427076,-7.291020,334,0.4866,0
2344+798,356.606704,80.132011,742,0.0845,0
2344+092,356.653494,9.512643,1400,0.0761,0
2344+068,356.666390,7.085237,466,0.2019,0
2344+299,356.692712,30.199790,372,0.2057,0
2344+514,356.770154,51.704967,364,0.1463,0
2344-192,356.785945,-18.938571,272,0.2780,0
2344-514,356.832767,-51.176685,421,0.1163,0
2344+429,356.845309,43.181450,572,0.1480,0
2345+270,356.896562,27.317081,475,0.1540,0
2345-500,356.932022,-49.774410,116,0.1982,0
2345-167,357.010869,-16.520006,2043,0.0655,0
2345-047,357.048991,-4.432328,615,0.1590,0
2345+061,357.132378,6.416606,606,0.1537,0
2346-049,357.292359,-4.634275,590,0.1090,0
2346+750,357.307281,75.296266,166,0.4605,0
2346+385,357.336777,38.821544,527,0.0978,0
2346+052,357.337715,5.577742,377,0.1649,0
2347+108,357.508462,11.110196,461,0.1361,0
2347+079,357.541997,8.215354,497,0.2395,0
2347-026,357.605701,-2.412060,45,4.7086,0
2348+027,357.675295,3.074750,312,0.5371,0
2348+021,357.739512,2.461222,277,1.0217,0
2348-010,357.762557,-0.740749,275,1.3161,0
2348-432,357.895608,-42.992635,229,0.3779,0
2349-223,357.941695,-22.052683,296,0.3787,0
2349-014,357.983844,-1.153699,488,0.3258,0
2349-335,358.105137,-33.276287,117,1.7903,0
2350+395,358.203780,39.798951,697,0.0986,0
2350+704,358.220230,70.746759,427,0.1440,0
2350+302,358.227942,30.506046,415,0.2949,0
2350-280,358.297752,-27.723772,247,0.4305,0
2351+550,358.426249,55.311296,581,0.0964,0
2351-309,358.447745,-30.630140,327,0.1384,0
2351-006,358.538233,-0.329988,622,0.1303,0
2351+456,358.590334,45.884510,3029,0.0558,0
2351-154,358.625813,-15.219781,3607,0.0567,0
2352-043,358.715338,-4.084298,329,0.5068,0
2352-217,358.758944,-21.426884,273,0.2817,0
2352+495,358.789409,49.835650,699,0.1406,0
2353+028,358.968652,3.131694,383,0.3948,0
2353+154,358.973048,15.690574,280,0.5091,0
2353+283,358.976188,28.599428,254,0.5393,0
2353-686,359.002839,-68.334298,2063,0.0553,1
2353+816,359.094975,81.881182,9642,0.0464,1
2354+045,359.277912,4.815757,229,0.4276,0
2354-078,359.343781,-7.526119,461,0.2434,0
2354-251,359.349379,-24.850879,341,0.2860,0
2354-021,359.354741,-1.870975,765,0.1285,0
2354-117,359.379990,-11.427549,693,0.0884,0
2355-534,359.471942,-53.187136,6146,0.0494,1
2355-082,359.540384,-8.001311,293,0.4711,0
2355+490,359.540890,49.362177,526,0.1991,0
2355-106,359.545343,-10.335725,45603,0.0436,1
2355-291,359.570715,-28.892807,265,0.3295,0
2355+042,359.620196,4.506899,610,0.1614,0
2356+196,359.692021,19.922306,732,0.0886,0
2356+390,359.749397,39.374529,547,0.1092,0
2356-069,359.882567,-6.662040,337,0.1976,0
2356+385,359.888253,38.845088,35356,0.0439,1
2357-318,359.897881,-31.562173,7881,0.0541,0
2357-007,359.903421,-0.520239,297,0.2229,0
